Date,Open,High,Low,Close,Volume,Change
2018-10-31,1958,1963,1948,1959,697681,
2018-11-01,1953,1958,1948,1954,164007,-0.002552322613578406
2018-11-02,1953,1963,1953,1954,173780,0.0
2018-11-05,1963,1963,1953,1963,81204,0.004605936540429845
2018-11-06,1963,1963,1953,1963,81305,0.0
2018-11-07,1958,1958,1953,1959,10428,-0.002037697401935823
2018-11-08,1963,1963,1953,1963,27856,0.0020418580908627693
2018-11-09,1963,1968,1958,1959,37417,-0.002037697401935823
2018-11-12,1958,1963,1953,1959,12721,0.0
2018-11-13,1953,1973,1953,1963,70884,0.0020418580908627693
2018-11-14,1963,1968,1963,1968,1617,0.0025471217524197787
2018-11-15,1963,1968,1953,1968,31840,0.0
2018-11-16,1968,1973,1968,1968,14259,0.0
2018-11-19,1963,1968,1963,1968,525,0.0
2018-11-20,1968,1968,1963,1968,56149,0.0
2018-11-21,1973,1973,1968,1968,83851,0.0
2018-11-22,1978,1978,1968,1973,8132,0.0025406504065039748
2018-11-23,1973,1978,1968,1973,17095,0.0
2018-11-26,1973,1973,1968,1973,443,0.0
2018-11-27,1978,1978,1968,1973,9526,0.0
2018-11-28,1968,1973,1968,1973,7803,0.0
2018-11-29,1963,1973,1963,1973,9103,0.0
2018-11-30,1973,1973,1968,1968,18012,-0.0025342118601114905
2018-12-03,1973,1973,1963,1973,4082,0.0025406504065039748
2018-12-04,1958,1973,1958,1973,20931,0.0
2018-12-05,1963,1973,1963,1973,701,0.0
2018-12-06,1973,1973,1963,1968,502,-0.0025342118601114905
2018-12-07,1968,1973,1953,1973,72946,0.0025406504065039748
2018-12-10,1973,1978,1968,1973,13032,0.0
2018-12-11,1982,1982,1963,1978,28003,0.0025342118601114905
2018-12-12,1978,1978,1973,1978,3902,0.0
2018-12-13,1963,1978,1958,1978,16389,0.0
2018-12-14,1963,1978,1963,1978,9,0.0
2018-12-17,1968,1978,1968,1968,1030,-0.005055611729019249
2018-12-18,1968,1968,1968,1968,0,0.0
2018-12-19,1958,1973,1958,1968,310,0.0
2018-12-20,1963,1963,1963,1963,150,-0.002540650406504086
2018-12-21,1953,1963,1953,1963,477,0.0
2018-12-24,1953,1973,1953,1973,2114,0.005094243504839557
2018-12-26,1953,1973,1953,1973,1380,0.0
2018-12-27,1958,1973,1958,1959,11051,-0.007095793208312218
2018-12-28,1948,1973,1948,1973,24934,0.007146503318019359
2019-01-02,1953,1953,1948,1954,126387,-0.009630005068423708
2019-01-03,1963,1968,1963,1968,400,0.007164790174001956
2019-01-04,1963,1963,1958,1959,1013,-0.004573170731707266
2019-01-07,1953,1958,1953,1959,24001,0.0
2019-01-08,1958,1963,1958,1959,4336,0.0
2019-01-09,1968,1968,1963,1963,2001,0.0020418580908627693
2019-01-10,1968,1968,1963,1968,15688,0.0025471217524197787
2019-01-11,1958,1968,1958,1959,1911,-0.004573170731707266
2019-01-14,1968,1968,1963,1963,2269,0.0020418580908627693
2019-01-15,1973,1973,1973,1973,2,0.005094243504839557
2019-01-16,1973,1973,1973,1973,2000,0.0
2019-01-17,1968,1968,1958,1968,455,-0.0025342118601114905
2019-01-18,1968,1973,1963,1968,40353,0.0
2019-01-21,1968,1968,1968,1968,0,0.0
2019-01-22,1968,1968,1968,1968,0,0.0
2019-01-23,1968,1968,1958,1968,2503,0.0
2019-01-24,1973,1973,1968,1968,2,0.0
2019-01-25,1953,1968,1953,1968,28830,0.0
2019-01-28,1968,1968,1968,1968,4,0.0
2019-01-29,1968,1968,1968,1968,5206,0.0
2019-01-30,1968,1968,1968,1968,5,0.0
2019-01-31,1968,1968,1968,1968,2,0.0
2019-02-01,1963,1968,1963,1968,5113,0.0
2019-02-07,1968,1968,1963,1968,2902,0.0
2019-02-08,1968,1968,1968,1968,5,0.0
2019-02-11,1968,1968,1968,1968,1,0.0
2019-02-12,1968,1973,1963,1973,2159,0.0025406504065039748
2019-02-13,1973,1973,1968,1968,365,-0.0025342118601114905
2019-02-14,1968,1968,1968,1968,2001,0.0
2019-02-15,1973,1973,1968,1968,2537,0.0
2019-02-18,1973,1973,1963,1968,503,0.0
2019-02-19,1973,1973,1973,1973,1,0.0025406504065039748
2019-02-20,1973,1973,1963,1968,9,-0.0025342118601114905
2019-02-21,1968,1973,1963,1963,442,-0.002540650406504086
2019-02-22,1973,1973,1968,1968,1004,0.0025471217524197787
2019-02-25,1973,1973,1973,1973,1,0.0025406504065039748
2019-02-26,1968,1968,1963,1968,1017,-0.0025342118601114905
2019-02-27,1973,1973,1963,1968,1413,0.0
2019-02-28,1973,1973,1963,1973,214,0.0025406504065039748
2019-03-04,1973,1973,1958,1959,411,-0.007095793208312218
2019-03-05,1973,1973,1958,1963,646,0.0020418580908627693
2019-03-06,1973,1973,1958,1968,204,0.0025471217524197787
2019-03-07,1973,1973,1958,1968,2228,0.0
2019-03-08,1973,1973,1973,1973,1,0.0025406504065039748
2019-03-11,1973,1973,1968,1973,2108,0.0
2019-03-12,1973,1973,1968,1968,4288,-0.0025342118601114905
2019-03-13,1973,1973,1958,1968,16651,0.0
2019-03-14,1973,1973,1973,1973,2,0.0025406504065039748
2019-03-15,1973,1973,1968,1968,5929,-0.0025342118601114905
2019-03-18,1973,1973,1968,1973,404,0.0025406504065039748
2019-03-19,1973,1973,1968,1968,9,-0.0025342118601114905
2019-03-20,1973,1973,1968,1973,2108,0.0025406504065039748
2019-03-21,1973,1973,1973,1973,52,0.0
2019-03-22,1973,1973,1963,1973,416,0.0
2019-03-25,1973,1973,1968,1973,2004,0.0
2019-03-26,1973,1973,1968,1973,5569,0.0
2019-03-27,1973,1973,1963,1968,613,-0.0025342118601114905
2019-03-28,1973,1973,1963,1973,4,0.0025406504065039748
2019-03-29,1973,1973,1968,1973,2824,0.0
2019-04-01,1973,1973,1968,1973,12654,0.0
2019-04-02,1973,1973,1968,1973,1959,0.0
2019-04-03,1973,1973,1968,1973,11921,0.0
2019-04-04,1978,1978,1968,1968,9276,-0.0025342118601114905
2019-04-05,1978,2017,1973,2017,17108,0.02489837398373984
2019-04-08,2002,2002,1982,1988,104,-0.014377788795240432
2019-04-09,2007,2007,1968,1988,3390,0.0
2019-04-10,1982,1982,1973,1983,19305,-0.0025150905432596016
2019-04-11,1982,1982,1973,1978,3760,-0.002521432173474558
2019-04-12,1982,1987,1973,1988,107906,0.005055611729019249
2019-04-15,1987,1987,1968,1988,40627,0.0
2019-04-16,1987,1987,1968,1988,26581,0.0
2019-04-17,1987,1987,1968,1983,42539,-0.0025150905432596016
2019-04-18,1982,1987,1968,1983,8539,0.0
2019-04-19,1987,1992,1973,1993,8731,0.005042864346949116
2019-04-22,1997,1997,1978,1988,8248,-0.0025087807325639977
2019-04-23,1997,1997,1978,1993,16015,0.0025150905432596016
2019-04-24,1997,1997,1987,1993,9275,0.0
2019-04-25,1982,1997,1982,1998,5392,0.0025087807325638867
2019-04-26,1997,2007,1987,1993,11691,-0.0025025025025025016
2019-04-29,2007,2007,1992,1998,9393,0.0025087807325638867
2019-04-30,2007,2007,1997,1998,4611,0.0
2019-05-02,2012,2012,1987,1998,5528,0.0
2019-05-03,2031,2031,1992,2002,31103,0.002002002002001957
2019-05-07,2036,2036,1992,2012,4406,0.004995004995004937
2019-05-08,2026,2026,1987,2022,205,0.00497017892644136
2019-05-09,2036,2036,2021,2032,19078,0.004945598417408492
2019-05-10,2056,2056,2031,2046,18158,0.006889763779527547
2019-05-13,2060,2065,2046,2061,16059,0.007331378299120228
2019-05-14,2075,2075,2036,2041,52985,-0.009704027171276053
2019-05-15,2060,2060,1992,2027,12256,-0.006859382655560964
2019-05-16,2065,2065,2041,2041,6,0.006906758756783482
2019-05-17,2060,2060,2041,2041,7880,0.0
2019-05-20,2060,2060,2046,2046,1379,0.002449779519843265
2019-05-21,2060,2060,2046,2061,4181,0.007331378299120228
2019-05-22,2070,2070,2056,2066,1071,0.002426006792819013
2019-05-23,2056,2056,2026,2051,7214,-0.007260406582768608
2019-05-24,2056,2056,2026,2056,12625,0.0024378352023404215
2019-05-27,2056,2056,2026,2056,10005,0.0
2019-05-28,2056,2075,2036,2061,10921,0.0024319066147859836
2019-05-29,2075,2075,2056,2066,215122,0.002426006792819013
2019-05-30,2065,2065,2026,2061,5436,-0.002420135527589573
2019-05-31,2056,2260,2036,2046,1763615,-0.00727802037845704
2019-06-03,2075,2260,2036,2051,1410465,0.0024437927663734094
2019-06-04,2070,2075,2021,2032,205630,-0.009263773768893202
2019-06-05,2026,2036,2021,2027,61649,-0.002460629921259838
2019-06-07,2046,2046,2026,2027,18599,0.0
2019-06-10,2041,2041,2021,2032,69273,0.0024666995559941007
2019-06-11,2036,2036,2031,2037,16412,0.002460629921259949
2019-06-12,2041,2041,2026,2032,7575,-0.002454590083456054
2019-06-13,2036,2046,2026,2032,19455,0.0
2019-06-14,2046,2046,2026,2046,51720,0.006889763779527547
2019-06-17,2041,2046,2036,2041,13686,-0.0024437927663734094
2019-06-18,2051,2051,2031,2046,4259,0.002449779519843265
2019-06-19,2051,2056,2041,2046,20294,0.0
2019-06-20,2056,2065,2056,2066,21449,0.009775171065493637
2019-06-21,2070,2070,2041,2071,12379,0.002420135527589462
2019-06-24,2070,2075,2051,2071,10227,0.0
2019-06-25,2075,2075,2065,2076,13829,0.002414292612264557
2019-06-26,2075,2163,2056,2061,60371,-0.007225433526011571
2019-06-27,2075,2075,2056,2066,14871,0.002426006792819013
2019-06-28,2065,2065,2051,2066,10643,0.0
2019-07-01,2041,2070,2041,2071,5255,0.002420135527589462
2019-07-02,2070,2070,2051,2071,1542,0.0
2019-07-03,2070,2070,2046,2071,1880,0.0
2019-07-04,2070,2070,2036,2066,33358,-0.002414292612264557
2019-07-05,2065,2070,2046,2071,7033,0.002420135527589462
2019-07-08,2070,2070,2046,2046,12784,-0.012071463061323007
2019-07-09,2070,2075,2060,2071,5158,0.012218963831867047
2019-07-10,2080,2085,2065,2085,16650,0.006760019314340893
2019-07-11,2085,2085,2060,2080,583,-0.0023980815347721673
2019-07-12,2080,2080,2060,2066,4251,-0.006730769230769207
2019-07-15,2080,2085,2065,2085,9016,0.009196515004840311
2019-07-16,2080,2080,2060,2071,7516,-0.006714628297362135
2019-07-17,2080,2080,2041,2046,12090,-0.012071463061323007
2019-07-18,2070,2070,2041,2046,837,0.0
2019-07-19,2080,2080,2056,2080,15042,0.016617790811339184
2019-07-22,2080,2080,2041,2056,17352,-0.011538461538461497
2019-07-23,2056,2056,2056,2056,3,0.0
2019-07-24,2075,2075,2075,2076,2,0.009727626459143934
2019-07-25,2085,2085,2060,2080,1018,0.0019267822736031004
2019-07-26,2051,2070,2051,2056,2892,-0.011538461538461497
2019-07-29,2080,2080,2046,2076,1206,0.009727626459143934
2019-07-30,2075,2075,2036,2071,2116,-0.00240847784200382
2019-07-31,2085,2085,2046,2076,866,0.002414292612264557
2019-08-01,2075,2075,2060,2061,162,-0.007225433526011571
2019-08-02,2046,2065,2041,2041,2016,-0.009704027171276053
2019-08-05,2075,2075,2031,2032,13678,-0.00440960313571781
2019-08-06,2031,2031,2026,2032,1163,0.0
2019-08-07,2021,2056,2021,2041,3371,0.00442913385826782
2019-08-08,2026,2051,2026,2051,452,0.00489955903968653
2019-08-09,2031,2056,2026,2056,1001,0.0024378352023404215
2019-08-12,2056,2056,2056,2056,89,0.0
2019-08-13,2056,2056,2046,2056,786,0.0
2019-08-14,2056,2056,2056,2056,1646,0.0
2019-08-16,2051,2056,2051,2056,1040,0.0
2019-08-19,2046,2046,2031,2032,5600,-0.011673151750972721
2019-08-20,2036,2036,2017,2017,2091,-0.0073818897637795144
2019-08-21,2056,2056,2026,2027,1442,0.0049578582052554054
2019-08-22,2051,2051,2051,2051,1028,0.011840157868771684
2019-08-23,2056,2056,2046,2051,2153,0.0
2019-08-26,2046,2046,2036,2046,2543,-0.0024378352023403105
2019-08-27,2056,2056,2046,2046,391,0.0
2019-08-28,2036,2046,2036,2046,4509,0.0
2019-08-29,2056,2056,2046,2046,4833,0.0
2019-08-30,2036,2041,2031,2041,2943,-0.0024437927663734094
2019-09-02,2036,2046,2036,2046,1570,0.002449779519843265
2019-09-03,1997,2046,1997,2046,11611,0.0
2019-09-04,2036,2041,2036,2037,1704,-0.004398826979472137
2019-09-05,2007,2207,2007,2095,174069,0.028473244968090228
2019-09-06,0,0,0,2095,0,0.0
2019-09-09,0,0,0,2095,0,0.0
2019-09-10,0,0,0,2095,0,0.0
2019-09-11,0,0,0,2095,0,0.0
2019-09-16,0,0,0,2095,0,0.0
2019-09-17,0,0,0,2095,0,0.0
2019-09-18,0,0,0,2095,0,0.0
2019-09-19,0,0,0,2095,0,0.0
2019-09-20,0,0,0,2095,0,0.0
2019-09-23,0,0,0,2095,0,0.0
2019-09-24,0,0,0,2095,0,0.0
2019-09-25,0,0,0,2095,0,0.0
2019-09-26,0,0,0,2095,0,0.0
2019-09-27,0,0,0,2095,0,0.0
2019-09-30,0,0,0,2095,0,0.0
2019-10-01,0,0,0,2095,0,0.0
2019-10-02,0,0,0,2095,0,0.0
2019-10-04,0,0,0,2095,0,0.0
2019-10-07,0,0,0,2095,0,0.0
2019-10-08,0,0,0,2095,0,0.0
2019-10-10,0,0,0,2095,0,0.0
2019-10-11,0,0,0,2095,0,0.0
2019-10-14,0,0,0,2095,0,0.0
2019-10-15,0,0,0,2095,0,0.0
2019-10-16,0,0,0,2095,0,0.0
2019-10-17,0,0,0,2095,0,0.0
2019-10-18,0,0,0,2095,0,0.0
2019-10-21,0,0,0,2095,0,0.0
2019-10-22,0,0,0,2095,0,0.0
2019-10-23,0,0,0,2095,0,0.0
2019-10-24,0,0,0,2095,0,0.0
2019-10-25,0,0,0,2095,0,0.0
2019-10-28,0,0,0,2095,0,0.0
2019-10-29,0,0,0,2095,0,0.0
2019-10-30,0,0,0,2095,0,0.0
2019-10-31,0,0,0,2095,0,0.0
2019-11-01,0,0,0,2095,0,0.0
2019-11-04,0,0,0,2095,0,0.0
2019-11-05,0,0,0,2095,0,0.0
2019-11-06,0,0,0,2095,0,0.0
2019-11-07,0,0,0,2095,0,0.0
2019-11-08,0,0,0,2095,0,0.0
2019-11-11,0,0,0,2095,0,0.0
2019-11-12,0,0,0,2095,0,0.0
2019-11-13,0,0,0,2095,0,0.0
2019-11-14,2095,2100,1990,2020,405598,-0.03579952267303099
2019-11-15,2005,2050,2005,2030,53114,0.004950495049504955
2019-11-18,2030,2035,2000,2020,45940,-0.0049261083743842304
2019-11-19,2025,2035,1990,2015,20817,-0.0024752475247524774
2019-11-20,2015,2015,1990,2015,6099,0.0
2019-11-21,1995,2010,1995,2005,8108,-0.00496277915632759
2019-11-22,2005,2010,2000,2005,9624,0.0
2019-11-25,2000,2015,2000,2015,14317,0.004987531172069737
2019-11-26,2005,2010,2000,2010,3777,-0.002481389578163795
2019-11-27,2015,2015,1990,2010,19891,0.0
2019-11-28,2010,2015,2000,2005,11580,-0.0024875621890547706
2019-11-29,2010,2015,2000,2010,15124,0.0024937655860348684
2019-12-02,2005,2005,2000,2005,21377,-0.0024875621890547706
2019-12-03,2005,2005,2000,2005,7104,0.0
2019-12-04,2010,2010,1910,2000,97186,-0.0024937655860348684
2019-12-05,2000,2000,1970,1975,40899,-0.012499999999999956
2019-12-06,2000,2000,1980,1980,7928,0.0025316455696202667
2019-12-09,2000,2000,1930,1940,30470,-0.02020202020202022
2019-12-10,2000,2000,1950,1950,7370,0.005154639175257714
2019-12-11,1995,2015,1950,1980,25617,0.01538461538461533
2019-12-12,1980,2015,1965,2005,44346,0.012626262626262541
2019-12-13,2000,2035,1995,2035,108639,0.014962593516209433
2019-12-16,2000,2040,2000,2040,161474,0.002457002457002533
2019-12-17,2040,2040,2010,2040,18667,0.0
2019-12-18,2035,2035,1985,2010,25167,-0.014705882352941124
2019-12-19,2005,2030,2005,2020,17021,0.004975124378109541
2019-12-20,2020,2025,2010,2025,51279,0.0024752475247524774
2019-12-23,2025,2030,2015,2025,24223,0.0
2019-12-24,2030,2045,2030,2035,101414,0.004938271604938205
2019-12-26,2020,2035,2020,2020,21383,-0.0073710073710073765
2019-12-27,2020,2020,2020,2020,1476,0.0
2019-12-30,2020,2030,2020,2025,16162,0.0024752475247524774
2020-01-02,2020,2050,2020,2045,78559,0.009876543209876631
2020-01-03,2040,2060,2040,2050,92326,0.0024449877750611915
2020-01-06,2050,2070,2040,2060,147369,0.004878048780487809
2020-01-07,2055,2060,2040,2040,62056,-0.009708737864077666
2020-01-08,2040,2045,2030,2035,69706,-0.002450980392156854
2020-01-09,2035,2040,2025,2030,67879,-0.002457002457002422
2020-01-10,2030,2040,2000,2040,67506,0.0049261083743843415
2020-01-13,2040,2080,2040,2080,66310,0.019607843137254832
2020-01-14,2080,2090,2060,2090,30333,0.004807692307692291
2020-01-15,2075,2090,2070,2080,29109,-0.004784688995215336
2020-01-16,2080,2090,2060,2090,53513,0.004807692307692291
2020-01-17,2090,2380,2090,2170,332966,0.038277511961722466
2020-01-20,2170,2495,2160,2330,873930,0.07373271889400912
2020-01-21,2285,2400,2250,2285,122874,-0.01931330472102999
2020-01-22,2235,2375,2225,2325,100196,0.017505470459518557
2020-01-23,2350,2350,2280,2340,29275,0.006451612903225712
2020-01-28,2245,2365,2245,2330,43523,-0.004273504273504258
2020-01-29,2330,2390,2305,2315,28008,-0.006437768240343367
2020-01-30,2310,2345,2280,2290,17049,-0.010799136069114423
2020-01-31,2290,2305,2240,2305,47053,0.0065502183406114245
2020-02-03,2210,2305,2210,2295,32788,-0.004338394793926281
2020-02-04,2310,2395,2250,2280,63844,-0.006535947712418277
2020-02-05,2380,2905,2300,2400,1049396,0.05263157894736836
2020-02-06,2405,2735,2375,2575,655120,0.07291666666666674
2020-02-07,2540,2790,2535,2580,516663,0.001941747572815622
2020-02-10,2535,2575,2355,2455,116924,-0.04844961240310075
2020-02-11,2455,2455,2165,2285,488841,-0.06924643584521384
2020-02-12,2330,2330,2160,2170,447431,-0.05032822757111599
2020-02-13,2170,2280,2165,2190,167290,0.009216589861751112
2020-02-14,2170,2210,2150,2165,116267,-0.011415525114155223
2020-02-17,2180,2185,2130,2160,122479,-0.002309468822170868
2020-02-18,2185,2585,2170,2280,1006199,0.05555555555555558
2020-02-19,2295,2370,2250,2300,271472,0.00877192982456143
2020-02-20,2300,2310,2230,2235,104734,-0.02826086956521734
2020-02-21,2215,2250,2150,2170,133931,-0.029082774049216997
2020-02-24,2100,2170,2005,2095,114470,-0.03456221198156684
2020-02-25,2035,2110,2035,2070,71098,-0.011933174224343701
2020-02-26,2060,2070,2025,2060,56195,-0.004830917874396157
2020-02-27,2020,2090,2020,2040,30915,-0.009708737864077666
2020-02-28,2005,2055,1940,1985,81117,-0.026960784313725505
2020-03-02,1995,1995,1865,1910,80419,-0.03778337531486142
2020-03-03,1920,1980,1905,1940,48624,0.015706806282722585
2020-03-04,1975,1975,1930,1975,22454,0.018041237113401998
2020-03-05,1980,2075,1980,2030,31812,0.02784810126582271
2020-03-06,2030,2055,2000,2000,30905,-0.014778325123152691
2020-03-09,2040,2040,1910,1950,30556,-0.025000000000000022
2020-03-10,1880,1955,1870,1925,14206,-0.012820512820512775
2020-03-11,1900,1940,1845,1860,26173,-0.03376623376623378
2020-03-12,1835,1905,1725,1790,46702,-0.037634408602150504
2020-03-13,1610,1785,1505,1660,73091,-0.07262569832402233
2020-03-16,1660,1700,1460,1535,97145,-0.07530120481927716
2020-03-17,1420,1525,1355,1505,70300,-0.019543973941368087
2020-03-18,1505,1870,1505,1660,191686,0.10299003322259126
2020-03-19,1725,1725,1390,1390,152126,-0.16265060240963858
2020-03-20,1400,1700,1400,1665,71869,0.19784172661870514
2020-03-23,1645,1645,1455,1555,74664,-0.06606606606606602
2020-03-24,1560,1695,1560,1655,90851,0.06430868167202575
2020-03-25,1680,1760,1655,1675,140511,0.012084592145015005
2020-03-26,1770,1770,1670,1695,60093,0.011940298507462588
2020-03-27,1750,1755,1660,1660,78766,-0.020648967551622377
2020-03-30,1615,1700,1610,1665,41147,0.003012048192771122
2020-03-31,1705,1785,1670,1785,128034,0.072072072072072
2020-04-01,1800,1850,1690,1690,74878,-0.053221288515406195
2020-04-02,1705,1760,1630,1760,37370,0.041420118343195256
2020-04-03,1790,1850,1710,1725,54070,-0.019886363636363646
2020-04-06,1725,1785,1685,1740,88251,0.008695652173912993
2020-04-07,1845,1845,1705,1740,99895,0.0
2020-04-08,1740,1760,1710,1740,32697,0.0
2020-04-09,1750,1835,1735,1760,34873,0.011494252873563315
2020-04-10,1765,1800,1710,1750,87737,-0.005681818181818232
2020-04-13,1790,1790,1665,1685,33112,-0.037142857142857144
2020-04-14,1665,1755,1655,1660,27688,-0.014836795252225476
2020-04-16,1630,1695,1615,1680,24513,0.012048192771084265
2020-04-17,1680,2150,1650,1700,2713087,0.011904761904761862
2020-04-20,1760,1825,1745,1765,1025748,0.038235294117647145
2020-04-21,1795,1800,1610,1715,548095,-0.028328611898016942
2020-04-22,1700,1760,1665,1710,310641,-0.002915451895043719
2020-04-23,1720,1790,1720,1730,503005,0.011695906432748648
2020-04-24,1735,1760,1655,1655,317135,-0.043352601156069315
2020-04-27,1680,1750,1675,1700,279415,0.027190332326284095
2020-04-28,1720,1740,1675,1700,192584,0.0
2020-04-29,1720,1720,1670,1710,172173,0.00588235294117645
2020-05-04,1730,1855,1715,1780,626879,0.040935672514619936
2020-05-06,1815,1840,1770,1810,311485,0.016853932584269593
2020-05-07,1810,1830,1780,1815,210857,0.0027624309392264568
2020-05-08,1835,1890,1825,1880,382786,0.03581267217630857
2020-05-11,1875,1880,1825,1860,161102,-0.010638297872340385
2020-05-12,1860,1900,1770,1810,226273,-0.026881720430107503
2020-05-13,1805,1815,1765,1785,206769,-0.013812154696132617
2020-05-14,1785,1800,1710,1750,159412,-0.019607843137254943
2020-05-15,1750,1775,1705,1730,131687,-0.011428571428571455
2020-05-18,1750,1750,1700,1720,75823,-0.005780346820809301
2020-05-19,1710,1740,1705,1720,111530,0.0
2020-05-20,1730,1790,1720,1770,121748,0.029069767441860517
2020-05-21,1775,1840,1740,1810,235146,0.02259887005649719
2020-05-22,1920,1975,1850,1860,922382,0.027624309392265234
2020-05-25,1855,1890,1845,1870,227932,0.005376344086021501
2020-05-26,1870,1875,1840,1865,104818,-0.002673796791443861
2020-05-27,1865,1905,1860,1870,135278,0.002680965147453085
2020-05-28,1895,1900,1740,1805,158764,-0.03475935828877008
2020-05-29,1805,1820,1760,1810,103501,0.0027700831024930483
2020-06-01,1810,1855,1805,1850,110473,0.022099447513812098
2020-06-02,1970,2045,1940,1980,1336555,0.07027027027027022
2020-06-03,2000,2000,1915,1930,215311,-0.025252525252525304
2020-06-04,1990,2505,1990,2505,2786776,0.2979274611398963
2020-06-05,3020,3255,2820,3000,12554749,0.19760479041916157
2020-06-08,3085,3135,2860,3000,3992922,0.0
2020-06-09,3530,3880,3180,3240,10831687,0.08000000000000007
2020-06-10,3240,3640,3080,3285,3989478,0.01388888888888884
2020-06-11,3260,3260,2960,3000,1415867,-0.08675799086757996
2020-06-12,2870,2950,2745,2915,936864,-0.02833333333333332
2020-06-15,2960,2970,2525,2600,765476,-0.10806174957118353
2020-06-16,2680,2775,2615,2725,518790,0.04807692307692313
2020-06-17,2650,2910,2650,2745,582095,0.007339449541284404
2020-06-18,2740,2995,2660,2860,1051676,0.041894353369763104
2020-06-19,2860,2980,2790,2930,758933,0.02447552447552437
2020-06-22,2990,2990,2880,2905,323767,-0.008532423208191142
2020-06-23,2915,3010,2880,2915,665751,0.0034423407917383297
2020-06-24,2970,3350,2850,2960,2597071,0.015437392795883298
2020-06-25,2890,3175,2800,2960,875702,0.0
2020-06-26,2990,3130,2860,2900,339791,-0.020270270270270285
2020-06-29,2900,2905,2755,2785,281851,-0.03965517241379313
2020-06-30,2800,3050,2725,3005,945138,0.07899461400359065
2020-07-01,2950,2965,2850,2870,459278,-0.04492512479201327
2020-07-02,2870,2900,2800,2800,240423,-0.024390243902439046
2020-07-03,2805,2930,2775,2865,315367,0.023214285714285632
2020-07-06,2865,3180,2865,3105,2429097,0.08376963350785349
2020-07-07,3090,3100,2970,2995,576992,-0.03542673107890504
2020-07-08,3010,3040,2925,2930,309358,-0.02170283806343909
2020-07-09,2960,3030,2920,3030,321027,0.03412969283276457
2020-07-10,3050,3050,2905,2955,323922,-0.024752475247524774
2020-07-13,2980,3185,2960,3090,1064370,0.045685279187817285
2020-07-14,3080,3280,2960,3025,1793564,-0.021035598705501646
2020-07-15,3080,3255,3030,3255,1064331,0.0760330578512396
2020-07-16,3270,3290,3150,3225,694208,-0.009216589861751112
2020-07-17,3200,3245,3120,3180,324714,-0.013953488372092981
2020-07-20,3100,3185,3040,3135,452919,-0.014150943396226467
2020-07-21,3140,3155,3050,3155,209898,0.006379585326953707
2020-07-22,3145,3155,3030,3035,328225,-0.03803486529318545
2020-07-23,3035,3035,2860,2880,531160,-0.05107084019769359
2020-07-24,2870,2870,2770,2770,341919,-0.03819444444444442
2020-07-27,2755,2845,2650,2800,241718,0.010830324909747224
2020-07-28,2765,2995,2765,2860,326975,0.021428571428571352
2020-07-29,2920,2920,2840,2865,144141,0.0017482517482516613
2020-07-30,2875,2900,2800,2810,108183,-0.01919720767888311
2020-07-31,2795,2885,2780,2850,131176,0.014234875444839812
2020-08-03,2850,2880,2760,2770,171253,-0.028070175438596467
2020-08-04,2975,3115,2885,2935,1041292,0.05956678700361007
2020-08-05,2940,2940,2780,2840,437573,-0.03236797274275982
2020-08-06,2840,2870,2790,2800,259730,-0.014084507042253502
2020-08-07,2800,2850,2750,2790,230999,-0.0035714285714285587
2020-08-10,2855,2870,2745,2760,316991,-0.010752688172043001
2020-08-11,2795,2795,2675,2700,332455,-0.021739130434782594
2020-08-12,2700,2700,2600,2615,342754,-0.031481481481481444
2020-08-13,2810,2810,2595,2605,307405,-0.003824091778202643
2020-08-14,2590,2605,2505,2515,329162,-0.03454894433781186
2020-08-18,2480,2490,2235,2300,622741,-0.08548707753479123
2020-08-19,2300,2375,2260,2330,354165,0.01304347826086949
2020-08-20,2290,2305,2120,2150,326279,-0.07725321888412018
2020-08-21,2155,2235,2150,2165,199599,0.006976744186046435
2020-08-24,2170,2220,2125,2215,266393,0.023094688221708903
2020-08-25,2350,2350,2210,2255,334342,0.018058690744920947
2020-08-26,2265,2280,2200,2235,329859,-0.008869179600886956
2020-08-27,2235,2240,2145,2170,224375,-0.029082774049216997
2020-08-28,2195,2270,2150,2230,277698,0.02764976958525356
2020-08-31,2210,2280,2210,2245,248808,0.006726457399103047
2020-09-01,2445,2820,2285,2285,10560973,0.017817371937639104
2020-09-02,2345,2390,2270,2315,760955,0.013129102844638973
2020-09-03,2355,2380,2305,2315,687249,0.0
2020-09-04,2205,2285,2155,2275,404304,-0.017278617710583144
2020-09-07,2290,2390,2280,2370,403622,0.04175824175824183
2020-09-08,2395,2395,2315,2320,299968,-0.021097046413502074
2020-09-09,2290,2340,2230,2320,194420,0.0
2020-09-10,2325,2470,2305,2465,673738,0.0625
2020-09-11,2460,2460,2380,2435,335961,-0.012170385395537497
2020-09-14,2485,2515,2415,2485,510752,0.02053388090349073
2020-09-15,2490,2635,2460,2545,835192,0.024144869215291687
2020-09-16,2545,2620,2520,2540,384800,-0.0019646365422396617
2020-09-17,2620,2620,2465,2485,299784,-0.021653543307086576
2020-09-18,2485,2535,2380,2435,171414,-0.02012072434607648
2020-09-21,2520,2865,2470,2595,4805738,0.06570841889117052
2020-09-22,2555,2610,2455,2470,741352,-0.048169556840077066
2020-09-23,2470,2515,2400,2400,404663,-0.028340080971659964
2020-09-24,2360,2375,2300,2305,308258,-0.039583333333333304
2020-09-25,2375,2555,2320,2400,645917,0.04121475054229928
2020-09-28,2430,2570,2410,2545,510342,0.06041666666666656
2020-09-29,2595,2595,2475,2535,259393,-0.003929273084479323
2020-10-05,2530,2600,2460,2550,483407,0.00591715976331364
2020-10-06,2585,2590,2500,2540,386419,-0.0039215686274509665
2020-10-07,2535,2555,2500,2540,207427,0.0
2020-10-08,2585,2600,2395,2550,269861,0.003937007874015741
2020-10-12,2595,2620,2540,2610,659136,0.0235294117647058
2020-10-13,2730,3390,2710,3390,14625041,0.29885057471264376
2020-10-14,3625,3720,3295,3425,21665282,0.010324483775811188
2020-10-15,3380,3425,3090,3150,5276963,-0.08029197080291972
2020-10-16,3225,3400,2860,2930,10999146,-0.06984126984126982
2020-10-19,3050,3110,2920,2935,3257454,0.0017064846416381396
2020-10-20,2865,2935,2750,2870,1344929,-0.022146507666098825
2020-10-21,2850,2895,2755,2770,889205,-0.03484320557491294
2020-10-22,2710,2935,2675,2800,2058431,0.010830324909747224
2020-10-23,2800,3145,2725,2870,6410674,0.02499999999999991
2020-10-26,2800,2825,2605,2615,1151953,-0.08885017421602792
2020-10-27,2635,3065,2600,2745,16247249,0.0497131931166348
2020-10-28,2780,2980,2755,2950,5423660,0.07468123861566478
2020-10-29,2855,3030,2820,2980,2681117,0.01016949152542379
2020-10-30,2935,3070,2875,2985,3779039,0.001677852348993314
2020-11-02,2985,3140,2980,2985,3276352,0.0
2020-11-03,3025,3160,2995,3075,3467999,0.03015075376884413
2020-11-04,3075,3115,2900,2945,1764856,-0.042276422764227606
2020-11-05,2965,3050,2960,2970,883486,0.008488964346349714
2020-11-06,2970,3045,2885,2920,784172,-0.01683501683501687
2020-11-09,3080,3245,3025,3215,4701412,0.10102739726027399
2020-11-10,3220,3375,3135,3325,4433248,0.034214618973561484
2020-11-11,3265,3365,3055,3150,2893919,-0.052631578947368474
2020-11-12,3260,3710,3150,3160,22041185,0.0031746031746031633
2020-11-13,3135,3195,3000,3020,2104613,-0.044303797468354444
2020-11-16,3070,3115,2995,3000,941617,-0.0066225165562914245
2020-11-17,2990,2990,2865,2900,860006,-0.033333333333333326
2020-11-18,2920,2950,2865,2915,447727,0.005172413793103514
2020-11-19,2910,2995,2865,2965,442471,0.0171526586620927
2020-11-20,2965,3030,2955,3000,652931,0.01180438448566612
2020-11-23,3000,3030,2970,2985,355883,-0.0050000000000000044
2020-11-24,3040,3090,3000,3050,754875,0.021775544388609624
2020-11-25,3080,3095,2900,2960,592517,-0.02950819672131144
2020-11-26,2930,3050,2860,2930,414735,-0.010135135135135087
2020-11-27,2980,2990,2910,2935,280382,0.0017064846416381396
2020-11-30,2920,2920,2845,2855,501637,-0.027257240204429323
2020-12-01,2860,2955,2845,2945,400146,0.031523642732049106
2020-12-02,2945,2945,2895,2910,245550,-0.011884550084889645
2020-12-03,2905,2930,2840,2865,334685,-0.015463917525773141
2020-12-04,2850,2895,2820,2870,247609,0.0017452006980802626
2020-12-07,2850,2885,2815,2825,254137,-0.015679442508710784
2020-12-08,2810,2810,2710,2740,471986,-0.030088495575221197
2020-12-09,2750,2785,2730,2730,207298,-0.0036496350364964014
2020-12-10,2765,2800,2710,2720,242375,-0.00366300366300365
2020-12-11,2720,2785,2720,2735,177595,0.005514705882353033
2020-12-14,2735,2745,2685,2695,227239,-0.014625228519195566
2020-12-15,2720,2720,2630,2650,260359,-0.016697588126159513
2020-12-16,2650,2760,2650,2740,190138,0.03396226415094339
2020-12-17,2750,2750,2695,2700,163289,-0.014598540145985384
2020-12-18,2700,2755,2700,2710,117257,0.0037037037037037646
2020-12-21,2795,2865,2750,2830,880134,0.04428044280442811
2020-12-22,2835,2900,2770,2820,986163,-0.0035335689045936647
2020-12-23,2840,3050,2765,3050,2613990,0.08156028368794321
2020-12-24,3030,3030,2855,2890,1298021,-0.05245901639344264
2020-12-28,2850,2945,2765,2845,888482,-0.01557093425605538
2020-12-29,2845,2940,2825,2885,617079,0.014059753954305698
2020-12-30,2875,2900,2830,2890,409814,0.0017331022530329143
2021-01-04,2920,2990,2865,2930,685736,0.01384083044982698
2021-01-05,2930,2950,2870,2895,338935,-0.011945392491467532
2021-01-06,2895,2915,2870,2875,242681,-0.006908462867012077
2021-01-07,2885,2920,2870,2870,324808,-0.0017391304347825765
2021-01-08,2890,2955,2820,2870,517706,0.0
2021-01-11,2900,2920,2800,2875,575774,0.0017421602787457413
2021-01-12,2850,2995,2820,2925,1046320,0.017391304347825987
2021-01-13,2970,3085,2950,3030,1701130,0.03589743589743599
2021-01-14,3040,3140,3010,3075,1344248,0.014851485148514865
2021-01-15,3130,3145,2975,2975,785059,-0.03252032520325199
2021-01-18,2975,3120,2925,3015,1196383,0.013445378151260456
2021-01-19,3075,3380,3040,3190,6213605,0.05804311774461035
2021-01-20,3240,3355,3155,3330,2464635,0.043887147335423204
2021-01-21,3340,3455,3255,3345,1888813,0.0045045045045044585
2021-01-22,3300,4345,3245,4065,35618869,0.2152466367713004
2021-01-25,4025,4490,3920,4170,17830098,0.02583025830258312
2021-01-26,4120,4345,4005,4275,6726686,0.02517985611510798
2021-01-27,4230,4350,4150,4305,2653951,0.007017543859649145
2021-01-28,4210,4620,4005,4100,7151082,-0.04761904761904767
2021-01-29,4295,4400,3825,4030,2667029,-0.017073170731707332
2021-02-01,3940,4325,3930,4300,2115185,0.06699751861042191
2021-02-02,4310,4460,4205,4420,2966979,0.027906976744185963
2021-02-03,4425,4540,4320,4445,1908475,0.005656108597285048
2021-02-04,4450,4650,4330,4650,2970810,0.046119235095613
2021-02-05,4635,4635,4445,4565,1293526,-0.018279569892473146
2021-02-08,4480,4555,4050,4485,1366770,-0.017524644030668113
2021-02-09,4500,4580,4350,4510,1343275,0.00557413600891854
2021-02-10,4515,4635,4360,4395,1301043,-0.0254988913525499
2021-02-15,4385,4425,4220,4280,931576,-0.026166097838452806
2021-02-16,4255,4285,4155,4270,703645,-0.002336448598130869
2021-02-17,4260,4435,4145,4385,1327550,0.02693208430913341
2021-02-18,4500,4790,4370,4400,2397957,0.003420752565564511
2021-02-19,4400,4400,4200,4315,600765,-0.01931818181818179
2021-02-22,4395,4470,4150,4320,640995,0.0011587485515642815
2021-02-23,4315,4315,4155,4180,510164,-0.03240740740740744
2021-02-24,4200,5430,4155,4555,29928282,0.08971291866028719
2021-02-25,4700,4720,4325,4390,6045686,-0.03622392974753019
2021-02-26,4200,4355,4160,4300,1765637,-0.02050113895216399
2021-03-02,4380,4420,4100,4100,1409692,-0.046511627906976716
2021-03-03,4100,4190,4035,4110,486661,0.0024390243902439046
2021-03-04,4055,4150,3895,4125,757141,0.0036496350364962904
2021-03-05,4005,4560,4000,4225,3367473,0.024242424242424176
2021-03-08,4220,4225,4065,4065,476539,-0.037869822485207094
2021-03-09,4060,4060,3750,3825,816412,-0.059040590405904037
2021-03-10,4535,4600,3835,3835,8133369,0.002614379084967311
2021-03-11,3835,3880,3670,3765,1168731,-0.018252933507170832
2021-03-12,3785,3910,3780,3845,776776,0.021248339973439556
2021-03-15,3850,4200,3850,4070,1546529,0.05851755526657998
2021-03-16,4070,4145,4020,4060,511543,-0.002457002457002422
2021-03-17,4050,4120,4045,4080,352249,0.0049261083743843415
2021-03-18,4145,4145,4060,4090,347442,0.002450980392156854
2021-03-19,4045,4215,4005,4180,674338,0.022004889975550057
2021-03-22,4180,4200,4070,4095,458802,-0.020334928229665095
2021-03-23,4155,4155,4000,4020,375900,-0.01831501831501836
2021-03-24,4025,4250,3910,4030,953357,0.0024875621890547706
2021-03-25,4035,4135,4010,4040,346230,0.002481389578163684
2021-03-26,4055,4080,3990,3995,285800,-0.011138613861386149
2021-03-29,4005,4110,3985,4005,318086,0.0025031289111390187
2021-03-30,4005,4150,3985,4090,510797,0.02122347066167296
2021-03-31,4090,4300,4050,4120,1563197,0.007334963325183352
2021-04-01,4120,4155,4025,4110,614222,-0.0024271844660194164
2021-04-02,4100,4160,4045,4085,342346,-0.006082725060827299
2021-04-05,4130,4295,4090,4280,1423484,0.047735618115055
2021-04-06,4280,4400,4225,4305,1370683,0.005841121495327117
2021-04-07,4350,4360,4210,4215,510535,-0.020905923344947785
2021-04-08,4240,4275,4205,4245,339453,0.007117437722419906
2021-04-09,4320,4465,4245,4460,2395280,0.05064782096584208
2021-04-12,4460,4460,4305,4370,772296,-0.020179372197309364
2021-04-13,4335,4490,4295,4325,945588,-0.010297482837528626
2021-04-14,4330,4330,4255,4280,309291,-0.010404624277456698
2021-04-15,4270,4290,4195,4220,313880,-0.014018691588784993
2021-04-16,4230,4305,4230,4285,313242,0.01540284360189581
2021-04-19,4285,4385,4275,4365,527722,0.018669778296382722
2021-04-20,4390,4415,4310,4345,287704,-0.004581901489117968
2021-04-21,4310,4385,4215,4230,318876,-0.026467203682393525
2021-04-22,4240,4285,4155,4155,342295,-0.01773049645390068
2021-04-23,4195,4195,4045,4095,348331,-0.014440433212996373
2021-04-26,4200,4275,4160,4220,565274,0.030525030525030417
2021-04-27,4160,4275,4130,4170,305124,-0.011848341232227444
2021-04-28,4165,4165,3950,4080,475826,-0.021582733812949617
2021-04-29,4080,4080,3985,4020,245227,-0.014705882352941124
2021-04-30,4025,4075,3965,3970,229982,-0.01243781094527363
2021-05-03,3970,3990,3815,3845,262233,-0.03148614609571787
2021-05-04,3895,3895,3765,3860,163223,0.0039011703511053764
2021-05-06,4135,4210,3980,4070,1250120,0.05440414507772018
2021-05-07,4285,4285,4005,4005,675432,-0.01597051597051602
2021-05-10,4010,4060,3970,3995,181018,-0.0024968789013732895
2021-05-11,3940,4000,3915,3955,212132,-0.010012515644555742
2021-05-12,3940,3960,3875,3900,227049,-0.013906447534766109
2021-05-13,3720,4040,3720,3890,405037,-0.002564102564102555
2021-05-14,3995,3995,3830,3880,265251,-0.0025706940874036244
2021-05-17,3850,4290,3825,3885,1928210,0.0012886597938144284
2021-05-18,3885,3980,3875,3895,251207,0.002574002574002643
2021-05-20,3925,3925,3860,3875,139401,-0.005134788189987138
2021-05-21,3875,3915,3855,3855,166275,-0.005161290322580614
2021-05-24,3855,3875,3770,3770,189147,-0.022049286640726362
2021-05-25,3770,3910,3700,3775,310915,0.0013262599469496816
2021-05-26,3775,3820,3760,3810,100028,0.009271523178807861
2021-05-27,3760,3820,3755,3785,114722,-0.006561679790026198
2021-05-28,3785,3825,3785,3800,104226,0.003963011889035695
2021-05-31,3800,3860,3800,3840,125177,0.010526315789473717
2021-06-01,3840,3950,3835,3885,163590,0.01171875
2021-06-02,3965,3965,3850,3885,296090,0.0
2021-06-03,3890,3935,3875,3905,174323,0.005148005148005064
2021-06-04,3905,3915,3845,3885,228772,-0.005121638924455829
2021-06-07,3910,3955,3840,3885,329465,0.0
2021-06-08,3885,3885,3760,3815,384872,-0.018018018018018056
2021-06-09,3810,3810,3485,3510,2992337,-0.07994757536041941
2021-06-10,3575,3605,3500,3515,682232,0.0014245014245013454
2021-06-11,3550,3550,3440,3500,349618,-0.004267425320056861
2021-06-14,3495,3535,3405,3405,412255,-0.027142857142857135
2021-06-15,3445,3695,3415,3560,3680239,0.04552129221732737
2021-06-16,3510,3615,3480,3535,599072,-0.0070224719101124045
2021-06-17,3535,3540,3475,3480,332006,-0.01555869872701554
2021-06-18,3495,3540,3450,3480,500862,0.0
2021-06-21,3470,3525,3400,3415,313632,-0.01867816091954022
2021-06-22,3425,3535,3425,3470,360357,0.016105417276720324
2021-06-23,3500,3510,3420,3425,225848,-0.012968299711815567
2021-06-24,3455,3460,3400,3420,192074,-0.0014598540145985828
2021-06-25,3420,3455,3400,3420,156695,0.0
2021-06-28,3420,3420,3350,3355,236663,-0.01900584795321636
2021-06-29,3355,3355,3275,3340,283196,-0.0044709388971684305
2021-06-30,3370,3395,3305,3385,238232,0.013473053892215647
2021-07-01,3455,3455,3355,3385,197712,0.0
2021-07-02,3370,3400,3355,3365,114885,-0.005908419497784312
2021-07-05,3355,3395,3315,3320,172170,-0.013372956909361022
2021-07-06,3300,3315,3220,3280,307061,-0.012048192771084376
2021-07-07,3275,3385,3225,3285,244133,0.0015243902439023849
2021-07-08,3285,3335,3235,3250,179295,-0.010654490106544956
2021-07-09,3195,3240,3105,3140,281519,-0.03384615384615386
2021-07-12,3140,3580,3140,3380,1380978,0.07643312101910826
2021-07-13,3355,3450,3310,3425,360775,0.013313609467455523
2021-07-14,3415,3430,3350,3385,208894,-0.011678832116788329
2021-07-15,3390,3530,3390,3475,409324,0.026587887740029625
2021-07-16,3470,3525,3410,3510,261386,0.010071942446043147
2021-07-19,3530,3545,3415,3485,190803,-0.007122507122507171
2021-07-20,3455,3575,3385,3460,418848,-0.00717360114777621
2021-07-21,3500,3570,3445,3450,296334,-0.0028901734104046506
2021-07-22,3465,3550,3440,3485,458181,0.010144927536231974
2021-07-23,3485,3515,3430,3445,165432,-0.011477761836441891
2021-07-26,3450,3480,3355,3360,160976,-0.02467343976777936
2021-07-27,3340,3395,3335,3375,135924,0.0044642857142858094
2021-07-28,3355,3415,3250,3310,162867,-0.01925925925925931
2021-07-29,3305,3350,3255,3275,84768,-0.010574018126888185
2021-07-30,3275,3285,3195,3230,110336,-0.013740458015267132
2021-08-02,3220,3240,3140,3190,149930,-0.012383900928792602
2021-08-03,3200,3240,3150,3195,85781,0.0015673981191222097
2021-08-04,3195,3330,3165,3200,200508,0.0015649452269170805
2021-08-05,3205,3350,3205,3325,94609,0.0390625
2021-08-06,3365,3365,3260,3300,100733,-0.007518796992481258
2021-08-09,3240,3315,3220,3230,97022,-0.021212121212121238
2021-08-10,3225,3350,3150,3155,171106,-0.023219814241486114
2021-08-11,3155,3200,3120,3140,106827,-0.004754358161648153
2021-08-12,3160,3175,3100,3120,88513,-0.006369426751592355
2021-08-13,3110,3150,3000,3095,208984,-0.008012820512820484
2021-08-17,3110,3205,3010,3025,212773,-0.022617124394184174
2021-08-18,2985,3145,2985,3080,237817,0.018181818181818077
2021-08-19,3080,3080,2845,2850,266978,-0.07467532467532467
2021-08-20,2860,2970,2750,2755,248145,-0.033333333333333326
2021-08-23,2745,2895,2630,2865,331011,0.03992740471869327
2021-08-24,2855,3000,2855,2955,145068,0.03141361256544495
2021-08-25,3000,3090,2945,3005,93060,0.016920473773265554
2021-08-26,3005,3035,2910,2955,111506,-0.016638935108153063
2021-08-27,2960,3000,2805,2965,129349,0.0033840947546530664
2021-08-30,3005,3145,3000,3145,286205,0.06070826306914001
2021-08-31,3105,3415,3105,3315,846234,0.054054054054053946
2021-09-01,3315,3430,3290,3395,332346,0.02413273001508287
2021-09-02,3400,3410,3295,3350,225866,-0.013254786450662692
2021-09-03,3350,3360,3235,3250,260161,-0.02985074626865669
2021-09-06,3270,3280,3125,3205,313188,-0.013846153846153841
2021-09-07,3175,3235,3100,3230,273550,0.007800312012480548
2021-09-08,3190,3240,3095,3210,172042,-0.006191950464396245
2021-09-09,3170,3170,3080,3170,153921,-0.012461059190031154
2021-09-10,3140,3165,3000,3065,394742,-0.03312302839116721
2021-09-13,3065,3065,2830,2950,145825,-0.037520391517128826
2021-09-14,2935,2990,2895,2955,149738,0.0016949152542373724
2021-09-15,2925,2955,2900,2915,152190,-0.013536379018612488
2021-09-16,2890,2940,2875,2880,111913,-0.012006861063464824
2021-09-17,2910,2930,2850,2910,80530,0.01041666666666674
2021-09-23,2835,2900,2835,2895,81329,-0.005154639175257714
2021-09-24,2850,2925,2850,2895,82469,0.0
2021-09-27,2895,2900,2855,2875,80910,-0.006908462867012077
2021-09-28,2920,2920,2760,2780,148576,-0.03304347826086962
2021-09-29,2745,2775,2695,2720,153821,-0.021582733812949617
2021-09-30,2720,2795,2710,2770,92346,0.018382352941176405
2021-10-01,2770,3000,2680,2715,177428,-0.019855595667869985
2021-10-05,2715,2720,2550,2560,137780,-0.057090239410681365
2021-10-06,2565,2605,2450,2450,120133,-0.04296875
2021-10-07,2500,2680,2500,2680,206614,0.09387755102040818
2021-10-08,2680,2860,2670,2850,266752,0.06343283582089554
2021-10-12,2845,2950,2770,2930,213312,0.02807017543859658
2021-10-13,2930,2985,2910,2935,106817,0.0017064846416381396
2021-10-14,2965,3000,2925,2950,128233,0.005110732538330387
2021-10-15,2950,3060,2935,3045,208408,0.03220338983050852
2021-10-18,3030,3050,2985,3040,78473,-0.0016420361247947435
2021-10-19,3070,3185,2940,3090,307704,0.016447368421052655
2021-10-20,3090,3280,3025,3130,422452,0.012944983818770295
2021-10-21,3065,3135,3045,3090,189318,-0.012779552715655007
2021-10-22,3080,3140,2985,3050,217439,-0.012944983818770184
2021-10-25,3050,3055,2945,3030,123360,-0.006557377049180357
2021-10-26,3010,3090,2995,3030,105858,0.0
2021-10-27,3060,3225,2955,3060,567857,0.00990099009900991
2021-10-28,3080,3080,3010,3010,134822,-0.016339869281045805
2021-10-29,3015,3100,3015,3050,115411,0.013289036544850585
2021-11-01,3000,3050,2930,2930,193805,-0.03934426229508192
2021-11-02,2940,2990,2745,2990,165729,0.020477815699658786
2021-11-03,2980,3215,2980,3190,898389,0.06688963210702337
2021-11-04,3195,3270,3155,3240,473072,0.01567398119122254
2021-11-05,3270,3695,3120,3125,4480595,-0.035493827160493874
2021-11-08,3125,3510,3125,3485,1887265,0.11519999999999997
2021-11-09,3485,3625,3355,3580,1499104,0.027259684361549574
2021-11-10,3530,4435,3525,4280,12553524,0.1955307262569832
2021-11-11,4350,5480,4235,5300,15963497,0.23831775700934577
2021-11-12,5580,5600,4530,4970,5736149,-0.06226415094339621
2021-11-15,5000,5050,4055,4420,6279506,-0.11066398390342047
2021-11-16,4495,4940,4430,4610,4537102,0.042986425339366585
2021-11-17,4545,4550,4160,4430,2015217,-0.0390455531453362
2021-11-18,4365,4700,4195,4685,1756236,0.05756207674943559
2021-11-19,4575,4880,4570,4690,1448016,0.0010672358591248265
2021-11-22,4625,4965,4625,4785,2258333,0.02025586353944564
2021-11-23,4900,5280,4335,4395,3484509,-0.08150470219435735
2021-11-24,4400,4400,4055,4370,1446534,-0.005688282138794132
2021-11-25,4400,4620,4310,4440,1907880,0.016018306636155666
2021-11-26,4440,4460,4210,4230,759820,-0.04729729729729726
2021-11-29,3985,4330,3910,4160,641845,-0.01654846335697402
2021-11-30,4135,4300,4010,4030,609576,-0.03125
2021-12-01,4030,4265,3930,4240,697685,0.05210918114143914
2021-12-02,4150,4255,4000,4025,500724,-0.050707547169811296
2021-12-03,4085,4240,4065,4225,370972,0.049689440993788914
2021-12-06,4260,4385,4160,4325,515490,0.023668639053254337
2021-12-07,4330,4335,4090,4150,584275,-0.040462427745664775
2021-12-08,4130,4250,4100,4170,361890,0.004819277108433662
2021-12-09,4190,4220,4140,4195,307320,0.005995203836930418
2021-12-10,4150,4180,4050,4075,386643,-0.028605482717520836
2021-12-13,4075,4150,4000,4050,197949,-0.006134969325153339
2021-12-14,4080,4215,4010,4100,388548,0.012345679012345734
2021-12-15,4100,4110,3815,4000,848246,-0.024390243902439046
2021-12-16,4005,4265,3900,4005,1532275,0.0012499999999999734
2021-12-17,4005,4055,3910,4020,306494,0.0037453183520599342
2021-12-20,4015,4020,3905,3915,223000,-0.026119402985074647
2021-12-21,3890,4110,3860,3930,200043,0.003831417624521105
2021-12-22,3990,4000,3910,3915,136213,-0.003816793893129722
2021-12-23,3905,4000,3895,3905,263777,-0.0025542784163473664
2021-12-24,3915,4090,3915,4020,294191,0.0294494238156211
2021-12-27,4070,4070,3950,3950,337191,-0.01741293532338306
2021-12-28,3950,4025,3925,3945,263527,-0.0012658227848101333
2021-12-29,3960,4130,3930,4120,442974,0.04435994930291498
2021-12-30,4135,4140,4030,4060,299088,-0.014563106796116498
2022-01-03,4090,4170,3955,4050,339013,-0.0024630541871921707
2022-01-04,3995,4065,3990,4005,249426,-0.011111111111111072
2022-01-05,4005,4005,3750,3805,560544,-0.04993757802746568
2022-01-06,3760,3805,3635,3685,284283,-0.031537450722733285
2022-01-07,3700,3880,3695,3775,301486,0.024423337856173788
2022-01-10,3855,4175,3835,3960,1687845,0.049006622516556186
2022-01-11,3955,3955,3680,3705,610080,-0.06439393939393945
2022-01-12,3705,3785,3670,3745,199329,0.010796221322537214
2022-01-13,3800,3805,3695,3785,212387,0.010680907877169465
2022-01-14,3765,3775,3650,3670,260346,-0.0303830911492734
2022-01-17,3670,3680,3440,3460,328868,-0.05722070844686644
2022-01-18,3460,3565,3315,3340,204298,-0.034682080924855474
2022-01-19,3345,3475,3255,3420,207564,0.0239520958083832
2022-01-20,3365,4135,3365,3680,10097594,0.07602339181286544
2022-01-21,3650,3670,3500,3575,1501271,-0.028532608695652217
2022-01-24,3515,3595,3355,3515,2322714,-0.016783216783216814
2022-01-25,3560,3595,3205,3420,975643,-0.027027027027026973
2022-01-26,3390,3725,3310,3470,1951365,0.014619883040935644
2022-01-27,3455,3460,3320,3440,518470,-0.008645533141210415
2022-01-28,3435,3510,3290,3415,601886,-0.007267441860465129
2022-02-03,3450,3455,3345,3380,434302,-0.010248901903367469
2022-02-04,3365,3600,3320,3395,1169635,0.004437869822485174
2022-02-07,3405,3540,3355,3455,544577,0.01767304860088359
2022-02-08,3600,3935,3510,3615,4252562,0.04630969609261948
2022-02-09,3590,3665,3565,3660,620559,0.012448132780082943
2022-02-10,3665,3710,3580,3580,1634582,-0.021857923497267784
2022-02-11,4180,4605,3890,4130,47758179,0.15363128491620115
2022-02-14,3940,3975,3645,3645,5134245,-0.11743341404358354
2022-02-15,3590,3620,3230,3230,2804202,-0.11385459533607678
2022-02-16,3395,3640,3375,3410,6873286,0.05572755417956654
2022-02-17,3385,4385,3330,4080,54861513,0.19648093841642233
2022-02-18,3950,4340,3895,4130,14067915,0.01225490196078427
2022-02-21,4150,4550,4100,4160,26566827,0.007263922518159882
2022-02-22,4110,4245,3965,4115,3947770,-0.01081730769230771
2022-02-23,4120,4230,4055,4115,4457935,0.0
2022-02-24,3970,4085,3750,3760,2761231,-0.08626974483596594
2022-02-25,3885,3985,3705,3715,2245125,-0.01196808510638303
2022-02-28,3670,4065,3665,3985,3852535,0.07267833109017507
2022-03-02,3910,4240,3840,4000,5070534,0.0037641154328733606
2022-03-03,4015,4075,3920,3945,1463805,-0.01375000000000004
2022-03-04,4015,4085,3930,3970,1845085,0.006337135614702172
2022-03-07,3900,3930,3750,3750,815697,-0.055415617128463435
2022-03-08,3670,4035,3635,3750,3216240,0.0
2022-03-10,3820,3890,3760,3795,711393,0.01200000000000001
2022-03-11,3800,3815,3700,3740,532856,-0.01449275362318836
2022-03-14,3730,3790,3685,3700,400212,-0.010695187165775444
2022-03-15,3720,3935,3665,3850,2728867,0.04054054054054057
2022-03-16,3935,3990,3870,3965,1687163,0.029870129870129825
2022-03-17,4020,4040,3925,3935,1155246,-0.007566204287515754
2022-03-18,3985,4080,3970,3985,2339180,0.01270648030495547
2022-03-21,4005,4070,3900,3935,934924,-0.012547051442910906
2022-03-22,3940,3945,3850,3875,588781,-0.015247776365946653
2022-03-23,3895,3945,3805,3895,967725,0.005161290322580614
2022-03-24,3895,4010,3810,3980,1438536,0.021822849807445532
2022-03-25,4000,4040,3915,3930,811413,-0.012562814070351758
2022-03-28,3930,4320,3930,4100,10550841,0.04325699745547085
2022-03-29,4030,4065,3840,3845,4580125,-0.06219512195121957
2022-03-30,3920,3940,3815,3820,936260,-0.006501950585175553
2022-03-31,3800,3930,3790,3845,758480,0.00654450261780104
2022-04-01,3845,4040,3825,3910,2309323,0.016905071521456483
2022-04-04,3930,4015,3925,3950,1161380,0.010230179028132946
2022-04-05,3950,4095,3910,4075,2714653,0.03164556962025311
2022-04-06,4020,4025,3950,3990,1250091,-0.020858895705521463
2022-04-07,3925,4300,3855,4300,6290145,0.07769423558897248
2022-04-08,4175,4465,4105,4150,13570479,-0.03488372093023251
2022-04-11,4245,4340,4065,4110,3228971,-0.009638554216867434
2022-04-12,4110,4220,4015,4180,2666141,0.017031630170316392
2022-04-13,4130,4140,4055,4070,1078321,-0.02631578947368418
2022-04-14,4085,4265,4050,4225,2829633,0.03808353808353804
2022-04-15,4140,4230,4115,4190,974699,-0.008284023668639007
2022-04-18,4275,4460,4180,4180,5734895,-0.0023866348448687846
2022-04-19,4180,4220,4080,4170,1096171,-0.0023923444976076125
2022-04-20,4230,4250,4125,4140,1299591,-0.007194244604316502
2022-04-21,4160,4195,4135,4195,752317,0.013285024154589431
2022-04-22,4155,4210,4120,4165,999644,-0.007151370679380209
2022-04-25,4060,4135,3960,3975,1433430,-0.04561824729891961
2022-04-26,4260,4850,4160,4605,38589996,0.1584905660377358
2022-04-27,4450,4800,4360,4480,18987641,-0.02714440825190012
2022-04-28,4545,4545,4260,4270,3484436,-0.046875
2022-04-29,4380,4485,4290,4340,2984711,0.016393442622950838
2022-05-02,4220,4760,4210,4505,13428754,0.03801843317972353
2022-05-03,4520,4900,4415,4670,12251305,0.03662597114317423
2022-05-04,4600,4755,4525,4695,6283291,0.005353319057815886
2022-05-06,4605,4715,4365,4395,2492533,-0.06389776357827481
2022-05-09,4435,4775,4355,4390,4133050,-0.0011376564277588708
2022-05-10,4335,4425,4100,4235,1754462,-0.03530751708428248
2022-05-11,4235,4550,4235,4400,3333467,0.03896103896103886
2022-05-12,4315,4370,4195,4225,1572099,-0.03977272727272729
2022-05-13,4330,4710,4325,4475,9543495,0.059171597633136175
2022-05-16,4500,4615,4480,4510,2750393,0.007821229050279266
2022-05-17,4960,4995,4585,4715,11861716,0.045454545454545414
2022-05-18,4675,4885,4585,4585,4353515,-0.0275715800636267
2022-05-19,4410,4555,4390,4485,1478391,-0.021810250817884458
2022-05-20,4470,4590,4295,4500,3263156,0.0033444816053511683
2022-05-23,4895,5850,4850,5730,40440902,0.27333333333333343
2022-05-24,5920,6000,5510,5790,22504540,0.010471204188481575
2022-05-25,5690,5700,5310,5650,8204096,-0.024179620034542326
2022-05-26,5590,5750,5420,5650,8270182,0.0
2022-05-27,6190,6530,5390,5410,32385650,-0.04247787610619469
2022-05-30,5640,5720,5410,5480,5821573,0.012939001848428777
2022-05-31,5410,5640,5400,5520,4033355,0.007299270072992803
2022-06-02,5560,5870,5460,5870,13717103,0.06340579710144922
2022-06-03,5780,6180,5740,6140,10230745,0.04599659284497437
2022-06-07,6000,6200,5880,6130,6644366,-0.0016286644951140072
2022-06-08,6050,6060,5490,5740,7453337,-0.0636215334420881
2022-06-09,5950,6090,5560,5870,8709180,0.022648083623693305
2022-06-10,5730,5760,5570,5580,2077110,-0.04940374787052815
2022-06-13,5350,5440,5040,5080,2765000,-0.08960573476702505
2022-06-14,5200,5500,4940,5320,6989112,0.04724409448818889
2022-06-15,5210,5280,4975,5020,1878503,-0.05639097744360899
2022-06-16,5200,5300,4900,4900,2649855,-0.0239043824701195
2022-06-17,4700,4940,4670,4920,1615624,0.004081632653061273
2022-06-20,4920,4970,4465,4605,1613773,-0.06402439024390238
2022-06-21,4625,4780,4530,4755,1459273,0.032573289902280145
2022-06-22,4800,4820,4325,4325,1380374,-0.09043112513144058
2022-06-23,4380,4480,4200,4230,1419350,-0.02196531791907519
2022-06-24,4320,4500,4265,4500,1711653,0.06382978723404253
2022-06-27,4530,4685,4425,4595,1336538,0.02111111111111108
2022-06-28,4625,4625,4455,4600,675941,0.0010881392818280489
2022-06-29,4470,4915,4450,4650,3326450,0.010869565217391353
2022-06-30,4680,4685,4375,4375,1163352,-0.05913978494623651
2022-07-01,4395,4480,4180,4300,828820,-0.017142857142857126
2022-07-04,4250,4325,4010,4040,881190,-0.06046511627906981
2022-07-05,4055,4190,4055,4150,473859,0.027227722772277252
2022-07-06,4165,4185,3985,4040,666712,-0.026506024096385583
2022-07-07,4095,4395,4070,4240,2636382,0.04950495049504955
2022-07-08,4250,4410,4200,4405,1554667,0.03891509433962259
2022-07-11,4495,4535,4380,4410,1285290,0.0011350737797957144
2022-07-12,4360,4410,4215,4215,781639,-0.04421768707482998
2022-07-13,4260,4475,4085,4390,1579643,0.04151838671411623
2022-07-14,4370,4660,4305,4535,5230549,0.03302961275626415
2022-07-15,4535,4600,4330,4380,1983572,-0.034178610804851184
2022-07-18,4500,4580,4410,4540,1792783,0.0365296803652968
2022-07-19,4635,4770,4550,4560,4048669,0.004405286343612369
2022-07-20,4675,4675,4485,4485,890847,-0.016447368421052655
2022-07-21,4485,4940,4485,4815,8634441,0.0735785953177257
2022-07-22,4755,4790,4630,4640,1824351,-0.036344755970924236
2022-07-25,4650,4665,4505,4515,803649,-0.026939655172413812
2022-07-26,4520,4645,4490,4610,1227056,0.021040974529346723
2022-07-27,4660,4725,4615,4635,1123274,0.005422993492407713
2022-07-28,4720,4725,4545,4545,1001524,-0.01941747572815533
2022-07-29,4615,4635,4560,4590,618058,0.00990099009900991
2022-08-01,4610,4800,4535,4640,2077894,0.01089324618736387
2022-08-02,4645,4700,4615,4665,745451,0.005387931034482651
2022-08-03,4645,4785,4620,4755,1506768,0.019292604501607746
2022-08-04,4725,4750,4660,4660,1161041,-0.019978969505783373
2022-08-05,4685,4780,4595,4635,982102,-0.005364806866952843
2022-08-08,4640,4725,4595,4675,756404,0.008629989212513456
2022-08-09,4720,4720,4535,4540,706364,-0.02887700534759363
2022-08-10,4510,4520,4420,4435,509250,-0.02312775330396477
2022-08-11,4470,4580,4455,4565,565869,0.02931228861330326
2022-08-12,4545,4635,4500,4540,687543,-0.005476451259583737
2022-08-16,4590,4625,4520,4520,474089,-0.004405286343612369
2022-08-17,4550,4570,4410,4440,551358,-0.017699115044247815
2022-08-18,4410,4415,4295,4320,551524,-0.027027027027026973
2022-08-19,4295,4340,4150,4160,535762,-0.03703703703703709
2022-08-22,4050,4455,4050,4160,2149545,0.0
2022-08-23,4115,4215,4055,4115,418337,-0.01081730769230771
2022-08-24,4120,4180,4105,4125,300345,0.002430133657351119
2022-08-25,4135,4295,4120,4250,455094,0.030303030303030276
2022-08-26,4275,4280,4225,4230,296726,-0.004705882352941226
2022-08-29,4035,4135,4020,4040,423166,-0.044917257683215084
2022-08-30,4040,4135,4040,4090,220786,0.012376237623762387
2022-08-31,4040,4155,4035,4130,221191,0.009779951100244544
2022-09-01,4100,4100,3940,3945,390595,-0.044794188861985496
2022-09-02,3945,3985,3710,3755,767073,-0.04816223067173642
2022-09-05,3755,3790,3630,3680,431742,-0.01997336884154466
2022-09-06,3710,3810,3705,3735,261864,0.014945652173913082
2022-09-07,3745,3755,3430,3645,309267,-0.02409638554216864
2022-09-08,3760,3790,3675,3675,283574,0.008230452674897082
2022-09-13,3755,3800,3705,3780,237254,0.02857142857142847
2022-09-14,3610,3760,3600,3760,189300,-0.005291005291005346
2022-09-15,3775,3850,3680,3695,343713,-0.017287234042553168
2022-09-16,3670,3930,3610,3910,2248509,0.05818673883626513
2022-09-19,4070,4270,3830,3845,6408267,-0.01662404092071612
2022-09-20,3990,4020,3820,3880,933793,0.00910273081924573
2022-09-21,3840,3980,3800,3800,665124,-0.020618556701030966
2022-09-22,3690,3745,3570,3645,460464,-0.04078947368421049
2022-09-23,3630,3630,3440,3440,491473,-0.056241426611796985
2022-09-26,3300,3440,3120,3120,735340,-0.09302325581395354
2022-09-27,3080,3200,3000,3150,517608,0.009615384615384581
2022-09-28,3130,3195,2950,2980,508319,-0.053968253968254
2022-09-29,3020,3105,2960,2960,282764,-0.006711409395973145
2022-09-30,2875,3040,2875,2980,308525,0.006756756756756799
2022-10-04,3040,3125,3020,3115,199927,0.04530201342281881
2022-10-05,3185,3280,3150,3190,918793,0.024077046548956593
2022-10-06,3230,3240,3180,3190,282475,0.0
2022-10-07,3250,3325,3170,3200,699947,0.0031347962382444194
2022-10-11,3110,3185,3005,3020,261240,-0.05625000000000002
2022-10-12,2955,3055,2930,2980,276922,-0.013245033112582738
2022-10-13,2980,3435,2835,2960,1571313,-0.006711409395973145
2022-10-14,3000,3070,3000,3030,344777,0.023648648648648685
2022-10-17,3020,3085,2935,3060,210481,0.00990099009900991
2022-10-18,3100,3185,3065,3125,266156,0.0212418300653594
2022-10-19,3150,3235,3080,3155,790048,0.009600000000000053
2022-10-20,3610,3930,3310,3400,11454495,0.07765451664025358
2022-10-21,3510,3575,3220,3225,1756350,-0.05147058823529416
2022-10-24,3280,3475,3255,3300,1129892,0.023255813953488413
2022-10-25,3300,3460,3255,3460,1587445,0.048484848484848575
2022-10-26,3895,3895,3485,3500,4699577,0.011560693641618602
2022-10-27,3495,3495,3395,3405,634098,-0.027142857142857135
2022-10-28,3425,3700,3410,3570,3127069,0.048458149779735615
2022-10-31,3575,3580,3495,3500,524330,-0.019607843137254943
2022-11-01,3720,3760,3535,3710,3971622,0.06000000000000005
2022-11-02,3910,3955,3600,3600,3221284,-0.029649595687331498
2022-11-03,3465,3850,3450,3850,2416259,0.06944444444444442
2022-11-04,3730,3870,3720,3785,1174618,-0.016883116883116833
2022-11-07,3820,3850,3700,3740,781469,-0.011889035667106973
2022-11-08,3735,4100,3705,3985,7886511,0.06550802139037426
2022-11-09,3940,3980,3880,3905,1205461,-0.020075282308657516
2022-11-10,4010,4100,3900,3905,3755013,0.0
2022-11-11,3995,4120,3940,4110,2483329,0.052496798975672165
2022-11-14,4085,4270,4005,4160,4298692,0.012165450121654597
2022-11-15,4005,4130,3920,4050,3198595,-0.02644230769230771
2022-11-16,4085,4095,3910,3930,855048,-0.029629629629629672
2022-11-17,3930,3940,3775,3925,728108,-0.0012722646310432406
2022-11-18,3865,3865,3770,3795,572502,-0.03312101910828025
2022-11-21,3760,3760,3560,3685,650655,-0.02898550724637683
2022-11-22,3605,3790,3550,3715,528341,0.008141112618724522
2022-11-23,3710,3725,3645,3670,296703,-0.012113055181695809
2022-11-24,3660,3690,3640,3660,209506,-0.0027247956403270157
2022-11-25,3640,3650,3585,3595,221972,-0.01775956284153002
2022-11-28,3620,3690,3580,3650,267764,0.015299026425591
2022-11-29,3650,3725,3620,3705,309153,0.015068493150685036
2022-11-30,3660,3750,3650,3660,275950,-0.012145748987854255
2022-12-01,3700,3725,3655,3660,179698,0.0
2022-12-02,3635,3720,3590,3720,254620,0.016393442622950838
2022-12-05,3740,3740,3620,3650,182255,-0.018817204301075252
2022-12-06,3620,3760,3555,3570,196793,-0.021917808219178103
2022-12-07,3565,3570,3440,3455,524694,-0.03221288515406162
2022-12-08,3440,3480,3325,3335,335311,-0.0347322720694645
2022-12-09,3345,3370,3285,3290,191826,-0.013493253373313308
2022-12-12,3290,3360,3210,3280,152115,-0.003039513677811523
2022-12-13,3300,3360,3265,3265,156036,-0.004573170731707266
2022-12-14,3255,3335,3250,3325,145678,0.018376722817764257
2022-12-15,3305,3460,3285,3335,194176,0.003007518796992459
2022-12-16,3240,3305,3220,3240,202111,-0.028485757121439303
2022-12-19,3215,3240,3165,3210,116489,-0.0092592592592593
2022-12-20,3170,3245,3110,3110,182356,-0.031152647975077885
2022-12-21,3145,3220,3095,3130,132438,0.006430868167202508
2022-12-22,3180,3280,3150,3150,183746,0.006389776357827559
2022-12-23,3130,3130,3045,3060,186763,-0.02857142857142858
2022-12-26,3040,3095,3010,3035,109758,-0.008169934640522847
2022-12-27,3140,3435,3065,3415,4244576,0.12520593080724884
2022-12-28,3905,3980,3515,3580,10361824,0.04831625183016097
2022-12-29,3510,3600,3315,3340,1450302,-0.06703910614525144
2023-01-02,3340,3390,3100,3100,736241,-0.07185628742514971
2023-01-03,3070,3235,3050,3185,778687,0.02741935483870961
2023-01-04,3130,3745,3125,3525,8323947,0.10675039246467821
2023-01-05,3555,3670,3430,3430,1871873,-0.026950354609929117
2023-01-06,3430,3500,3370,3450,607363,0.005830903790087438
2023-01-09,3460,3555,3430,3480,1335217,0.008695652173912993
2023-01-10,3515,3555,3440,3515,1110314,0.010057471264367734
2023-01-11,3530,3620,3490,3500,858645,-0.004267425320056861
2023-01-12,3520,3540,3410,3415,448275,-0.024285714285714244
2023-01-13,3400,3460,3400,3420,297257,0.0014641288433381305
2023-01-16,3430,3460,3415,3435,281401,0.004385964912280604
2023-01-17,3450,3530,3365,3365,695569,-0.020378457059679778
2023-01-18,3375,3420,3300,3415,378160,0.014858841010401136
2023-01-19,3365,3370,3305,3305,305399,-0.03221083455344065
2023-01-20,3320,3600,3290,3360,1088059,0.016641452344931862
2023-01-25,3390,3485,3350,3475,686935,0.034226190476190466
2023-01-26,3475,3495,3440,3450,516832,-0.007194244604316502
2023-01-27,3465,3485,3420,3420,320645,-0.008695652173912993
2023-01-30,3415,3440,3325,3335,307864,-0.024853801169590684
2023-01-31,3335,3370,3265,3300,273971,-0.010494752623688153
2023-02-01,3330,3360,3300,3310,215873,0.003030303030302939
2023-02-02,3315,3395,3310,3355,304445,0.013595166163141936
2023-02-03,3400,3400,3340,3355,178841,0.0
2023-02-06,3360,3415,3305,3390,309141,0.010432190760059523
2023-02-07,3380,3400,3345,3390,235406,0.0
2023-02-08,3425,3445,3385,3390,254541,0.0
2023-02-09,3370,3500,3370,3465,632676,0.022123893805309658
2023-02-10,3465,3495,3395,3415,384828,-0.01443001443001446
2023-02-13,3415,3420,3310,3350,246008,-0.019033674963396807
2023-02-14,3365,3400,3325,3335,228853,-0.004477611940298498
2023-02-15,3335,3370,3210,3215,361941,-0.0359820089955023
2023-02-16,3235,3390,3215,3380,726546,0.051321928460342114
2023-02-17,3340,3440,3300,3410,498032,0.008875739644970349
2023-02-20,3465,3595,3410,3570,1959369,0.04692082111436946
2023-02-21,3580,3630,3510,3580,971528,0.0028011204481792618
2023-02-22,3520,3730,3515,3665,1893859,0.023743016759776525
2023-02-23,3680,3725,3565,3595,1148731,-0.019099590723055893
2023-02-24,3590,3650,3480,3500,794578,-0.026425591098748313
2023-02-27,3470,3480,3340,3385,517466,-0.03285714285714281
2023-02-28,3380,3430,3365,3365,286366,-0.005908419497784312
2023-03-02,3345,3420,3345,3360,234682,-0.0014858841010401136
2023-03-03,3360,3400,3340,3365,279423,0.0014880952380953438
2023-03-06,3365,3545,3360,3545,912070,0.05349182763744431
2023-03-07,3545,3575,3460,3480,311664,-0.01833568406205921
2023-03-08,3480,3480,3360,3400,431849,-0.02298850574712641
2023-03-09,3400,3405,3335,3340,265689,-0.01764705882352946
2023-03-10,3275,3310,3170,3190,579502,-0.04491017964071853
2023-03-13,3180,3235,3090,3225,287718,0.01097178683385569
2023-03-14,3170,3230,3090,3090,231377,-0.041860465116279055
2023-03-15,3105,3210,3085,3095,192537,0.0016181229773462036
2023-03-16,3070,3070,2955,3030,264165,-0.021001615508885352
2023-03-17,3090,3220,3055,3180,528123,0.04950495049504955
2023-03-20,3480,3745,3250,3290,20491671,0.03459119496855356
2023-03-21,3270,3315,3180,3180,1436386,-0.033434650455927084
2023-03-22,3200,3215,3150,3180,822970,0.0
2023-03-23,3210,3285,3125,3170,1017593,-0.0031446540880503138
2023-03-24,3235,3360,3210,3350,1336851,0.056782334384858135
2023-03-27,3400,3405,3275,3355,819509,0.0014925373134329067
2023-03-28,3360,3450,3315,3425,740195,0.02086438152011927
2023-03-29,3470,3470,3365,3450,509394,0.007299270072992803
2023-03-30,3460,3525,3435,3525,818940,0.021739130434782705
2023-03-31,3520,3525,3420,3430,711497,-0.026950354609929117
2023-04-03,3375,3480,3375,3455,651781,0.007288629737609353
2023-04-04,3460,3485,3390,3405,543288,-0.01447178002894356
2023-04-05,3435,3440,3360,3395,785715,-0.002936857562408246
2023-04-06,3950,3950,3550,3550,7640185,0.04565537555228283
2023-04-07,3500,3785,3495,3610,3498178,0.016901408450704203
2023-04-10,3610,3610,3450,3540,982831,-0.01939058171745156
2023-04-11,3545,3625,3480,3625,794751,0.024011299435028333
2023-04-12,3580,3725,3515,3600,1786365,-0.006896551724137945
2023-04-13,3585,3740,3555,3605,1035890,0.001388888888888884
2023-04-14,3675,3675,3540,3550,602130,-0.015256588072122046
2023-04-17,3600,3740,3585,3685,1507809,0.038028169014084456
2023-04-18,3635,3655,3525,3525,721298,-0.04341926729986434
2023-04-19,3505,3575,3495,3555,417999,0.008510638297872353
2023-04-20,3555,3600,3465,3480,590292,-0.021097046413502074
2023-04-21,3465,3470,3320,3365,693994,-0.033045977011494254
2023-04-24,3545,3710,3515,3610,2988586,0.07280832095096579
2023-04-25,3535,3585,3340,3415,1075561,-0.054016620498615
2023-04-26,3365,3395,3295,3330,440395,-0.024890190336749662
2023-04-27,3300,3325,3180,3250,466269,-0.024024024024024038
2023-04-28,3280,3300,3180,3210,421216,-0.012307692307692353
2023-05-02,3225,3370,3220,3330,316140,0.03738317757009346
2023-05-03,3330,3445,3295,3360,346231,0.009009009009008917
2023-05-04,3380,3520,3305,3460,545374,0.029761904761904656
2023-05-08,3455,3665,3405,3460,1471063,0.0
2023-05-09,3480,3480,3350,3375,314742,-0.024566473988439252
2023-05-10,3370,3410,3340,3345,247006,-0.008888888888888835
2023-05-11,3355,3410,3350,3380,217876,0.010463378176382765
2023-05-12,3425,3470,3380,3420,495513,0.01183431952662728
2023-05-15,3495,3625,3405,3595,2042614,0.051169590643274754
2023-05-16,3600,3635,3395,3450,1162767,-0.04033379694019468
2023-05-17,3515,3545,3450,3515,435005,0.018840579710144967
2023-05-18,3530,3580,3475,3495,437758,-0.005689900426742556
2023-05-19,3500,3580,3485,3530,476961,0.010014306151645114
2023-05-22,3530,3610,3520,3535,367878,0.0014164305949009304
2023-05-23,3535,3720,3520,3720,2198839,0.05233380480905225
2023-05-24,3675,3680,3500,3600,1673875,-0.032258064516129004
2023-05-25,3610,3635,3475,3475,730873,-0.03472222222222221
2023-05-26,3510,3520,3420,3420,350303,-0.015827338129496438
2023-05-30,3450,3570,3440,3480,712422,0.01754385964912286
2023-05-31,3480,3525,3445,3470,305445,-0.002873563218390829
2023-06-01,3510,3510,3425,3455,245688,-0.004322766570605152
2023-06-02,3450,3485,3410,3470,220295,0.004341534008682979
2023-06-05,3455,3525,3420,3500,229506,0.008645533141210304
2023-06-07,3475,3520,3435,3445,224353,-0.01571428571428568
2023-06-08,3435,3435,3370,3400,212455,-0.013062409288824406
2023-06-09,3415,3455,3405,3420,120598,0.00588235294117645
2023-06-12,3435,3560,3395,3485,628204,0.01900584795321647
2023-06-13,3485,3515,3435,3445,404895,-0.011477761836441891
2023-06-14,3540,3560,3390,3410,564208,-0.010159651669085612
2023-06-15,3415,3540,3380,3495,762467,0.024926686217008776
2023-06-16,3520,3520,3460,3495,310072,0.0
2023-06-19,3530,3535,3435,3500,353700,0.0014306151645206988
2023-06-20,3545,3570,3485,3550,760243,0.014285714285714235
2023-06-21,3575,3645,3475,3480,798093,-0.019718309859154903
2023-06-22,3460,3460,3390,3410,314662,-0.02011494252873558
2023-06-23,3410,3445,3330,3340,308724,-0.02052785923753664
2023-06-26,3340,3390,3330,3365,166017,0.007485029940119681
2023-06-27,3365,3395,3320,3375,145142,0.002971768202080227
2023-06-28,3375,3520,3345,3510,687828,0.040000000000000036
2023-06-29,3660,3690,3395,3400,3346987,-0.031339031339031376
2023-06-30,3455,3460,3330,3375,415030,-0.007352941176470562
2023-07-03,3390,3480,3385,3435,422463,0.01777777777777767
2023-07-04,3445,3510,3420,3440,389851,0.0014556040756914523
2023-07-05,3450,3490,3370,3395,297735,-0.013081395348837233
2023-07-06,3400,3420,3315,3320,346896,-0.022091310751104598
2023-07-07,3295,3315,3250,3280,195973,-0.012048192771084376
2023-07-10,3280,3325,3270,3295,102839,0.004573170731707377
2023-07-11,3325,3330,3285,3295,111288,0.0
2023-07-12,3295,3310,3245,3270,159576,-0.007587253414264028
2023-07-13,3270,3310,3270,3280,124666,0.003058103975535076
2023-07-14,3300,3300,3210,3235,206176,-0.013719512195121908
2023-07-17,3265,3265,3190,3215,129635,-0.0061823802163832875
2023-07-18,3220,3245,3145,3160,180272,-0.017107309486780742
2023-07-19,3180,3195,3100,3120,192162,-0.012658227848101222
2023-07-20,3145,3215,3090,3190,110359,0.022435897435897356
2023-07-21,3150,3190,3125,3160,90633,-0.009404388714733591
2023-07-24,3115,3155,3040,3050,301020,-0.034810126582278444
2023-07-25,3030,3055,3000,3015,218908,-0.011475409836065542
2023-07-26,3010,3020,2850,2870,435333,-0.04809286898839138
2023-07-27,2840,2975,2840,2905,158523,0.012195121951219523
2023-07-28,2870,3035,2870,3010,120759,0.03614457831325302
2023-07-31,3005,3045,3005,3045,82269,0.011627906976744207
2023-08-01,3125,3125,3015,3050,156675,0.0016420361247948545
2023-08-02,3055,3090,2995,3025,127075,-0.008196721311475419
2023-08-03,2990,3030,2920,3000,126548,-0.008264462809917328
2023-08-04,3000,3035,2970,3005,76977,0.0016666666666667052
2023-08-07,3005,3010,2925,2990,90063,-0.004991680532445919
2023-08-08,2990,3015,2970,2980,105023,-0.0033444816053511683
2023-08-09,2940,3025,2935,3015,91579,0.011744966442952975
2023-08-10,3015,3015,2970,3005,86461,-0.0033167495854062867
2023-08-11,3005,3035,2960,3010,110056,0.0016638935108153063
2023-08-14,3005,3005,2955,2980,103665,-0.009966777408637828
2023-08-16,2915,2975,2850,2855,154241,-0.04194630872483218
2023-08-17,2900,2900,2755,2880,125885,0.008756567425569184
2023-08-18,2800,2875,2785,2840,71097,-0.01388888888888884
2023-08-21,2840,2935,2810,2850,116706,0.0035211267605634866
2023-08-22,2910,2910,2820,2835,74861,-0.0052631578947368585
2023-08-23,2840,2880,2820,2840,81182,0.0017636684303350414
2023-08-24,2840,2910,2840,2880,76439,0.014084507042253502
2023-08-25,2880,2890,2840,2860,65660,-0.00694444444444442
2023-08-28,2870,2925,2850,2885,105159,0.00874125874125875
2023-08-29,2925,2960,2915,2960,99262,0.025996533795493937
2023-08-30,2975,3000,2940,3000,125259,0.013513513513513598
2023-08-31,3040,3040,2940,2940,134525,-0.020000000000000018
2023-09-01,2940,3040,2910,2980,133776,0.013605442176870763
2023-09-04,2980,2980,2925,2975,72680,-0.001677852348993314
2023-09-05,2975,3020,2950,2955,94173,-0.006722689075630228
2023-09-06,2945,2990,2915,2935,82268,-0.006768189509306244
2023-09-07,2935,2950,2875,2895,91071,-0.013628620102214661
2023-09-08,2875,2890,2815,2855,115264,-0.013816925734024155
2023-09-11,2885,2890,2800,2840,115423,-0.005253940455341555
2023-09-12,2865,2865,2795,2800,132261,-0.014084507042253502
2023-09-13,2775,2805,2720,2730,157363,-0.025000000000000022
2023-09-14,2730,2835,2730,2805,130800,0.027472527472527375
2023-09-15,2785,2850,2775,2810,84859,0.0017825311942958333
2023-09-18,2770,2780,2750,2750,78849,-0.02135231316725983
2023-09-19,2730,2750,2690,2690,94934,-0.021818181818181848
2023-09-20,2695,2710,2610,2645,137102,-0.016728624535315983
2023-09-21,2645,2645,2530,2530,142912,-0.04347826086956519
2023-09-22,2500,2540,2420,2520,71926,-0.0039525691699604515
2023-09-25,2520,2560,2455,2465,62634,-0.02182539682539686
2023-09-26,2470,2485,2400,2410,71433,-0.022312373225152116
2023-09-27,2355,2555,2355,2495,122297,0.03526970954356856
2023-10-04,2495,2495,2335,2375,90999,-0.04809619238476959
2023-10-05,2375,2435,2305,2305,91374,-0.02947368421052632
2023-10-06,2260,2430,2260,2385,55027,0.03470715835141003
2023-10-10,2360,2515,2355,2415,133073,0.012578616352201255
2023-10-11,2495,2505,2430,2430,67470,0.006211180124223503
2023-10-12,2500,2640,2475,2515,253981,0.034979423868312765
2023-10-13,2515,2560,2440,2560,60845,0.017892644135188762
2023-10-16,2580,2595,2450,2480,159873,-0.03125
2023-10-17,2480,2565,2455,2465,46526,-0.006048387096774244
2023-10-18,2475,2485,2410,2475,93692,0.0040567951318457585
2023-10-19,2590,2790,2450,2540,1644472,0.02626262626262621
2023-10-20,2470,2510,2335,2365,291554,-0.06889763779527558
2023-10-23,2330,2435,2330,2330,99495,-0.014799154334038
2023-10-24,2380,2415,2260,2405,76892,0.032188841201716833
2023-10-25,2445,2445,2350,2365,76747,-0.016632016632016633
2023-10-26,2340,2340,2230,2285,105406,-0.03382663847780132
2023-10-27,2285,2305,2200,2265,98701,-0.008752735229759279
2023-10-30,2255,2445,2250,2355,158346,0.039735099337748325
2023-10-31,2355,2425,2210,2340,151449,-0.006369426751592355
2023-11-01,2365,2365,2290,2345,77012,0.002136752136752129
2023-11-02,2380,3030,2335,2770,5812103,0.18123667377398722
2023-11-03,2675,2725,2610,2665,761492,-0.03790613718411551
2023-11-06,2665,2740,2600,2730,602152,0.024390243902439046
2023-11-07,2680,2730,2640,2705,433041,-0.009157509157509125
2023-11-08,2680,2690,2540,2560,375183,-0.05360443622920519
2023-11-09,2540,2585,2455,2540,189517,-0.0078125
2023-11-10,2520,2825,2420,2455,3036859,-0.03346456692913391
2023-11-13,2420,2560,2390,2400,333262,-0.022403258655804503
2023-11-14,2400,2560,2400,2465,176208,0.027083333333333348
2023-11-15,2530,2650,2495,2580,472263,0.04665314401622722
2023-11-16,2580,2600,2530,2585,131646,0.0019379844961240345
2023-11-17,2610,2615,2510,2510,128798,-0.029013539651837505
2023-11-20,2515,2570,2500,2560,57976,0.019920318725099584
2023-11-21,2570,2640,2535,2535,178905,-0.009765625
2023-11-22,2540,2565,2490,2500,126417,-0.013806706114398382
2023-11-23,2505,2530,2480,2485,110529,-0.006000000000000005
2023-11-24,2495,2525,2475,2505,54610,0.008048289738430636
2023-11-27,2510,2520,2425,2450,99203,-0.021956087824351322
2023-11-28,2430,2520,2425,2450,72958,0.0
2023-11-29,2450,2470,2410,2415,87370,-0.014285714285714235
2023-11-30,2420,2445,2400,2440,57213,0.010351966873705987
2023-12-01,2405,2460,2405,2450,68416,0.004098360655737654
2023-12-04,2440,2445,2395,2425,93773,-0.010204081632653073
2023-12-05,2420,2425,2330,2335,144945,-0.03711340206185565
2023-12-06,2360,2410,2330,2390,91951,0.023554603854389677
2023-12-07,2365,2445,2360,2395,98321,0.0020920502092049986
2023-12-08,2395,2555,2385,2475,208849,0.03340292275574108
2023-12-11,2475,2565,2425,2490,87959,0.0060606060606061
2023-12-12,2520,2535,2450,2500,116366,0.004016064257028162
2023-12-13,2530,2630,2470,2560,347497,0.02400000000000002
2023-12-14,2565,2595,2540,2560,165165,0.0
2023-12-15,2575,2605,2530,2565,194887,0.001953125
2023-12-18,2570,2590,2530,2570,105048,0.0019493177387914784
2023-12-19,2550,2585,2535,2570,79490,0.0
2023-12-20,2585,2650,2585,2600,166575,0.011673151750972721
2023-12-21,2600,2685,2565,2615,278131,0.005769230769230749
2023-12-22,2650,2650,2580,2580,109450,-0.013384321223709361
2023-12-26,2600,2620,2530,2555,131115,-0.009689922480620172
2023-12-27,2570,2575,2535,2555,56226,0.0
2023-12-28,2505,2590,2505,2560,86918,0.001956947162426559
2024-01-02,2575,2610,2555,2610,98875,0.01953125
2024-01-03,2585,2665,2575,2650,148331,0.015325670498084198
2024-01-04,2650,2680,2610,2650,136007,0.0
2024-01-05,2650,2675,2620,2645,82635,-0.0018867924528301883
2024-01-08,2650,2680,2590,2680,139042,0.013232514177693666
2024-01-09,2680,2770,2670,2735,346927,0.020522388059701413
2024-01-10,2775,3145,2680,2720,3625247,-0.005484460694698323
2024-01-11,2780,2980,2725,2810,2002963,0.03308823529411775
2024-01-12,2835,2960,2725,2740,912642,-0.02491103202846978
2024-01-15,2745,2820,2710,2785,320127,0.01642335766423364
2024-01-16,2780,2810,2710,2765,151152,-0.007181328545781018
2024-01-17,2765,2765,2640,2690,264906,-0.027124773960216952
2024-01-18,2710,2760,2665,2730,93658,0.014869888475836479
2024-01-19,2730,2850,2705,2800,328248,0.02564102564102555
2024-01-22,2795,2840,2760,2790,160746,-0.0035714285714285587
2024-01-23,2830,2830,2750,2780,158473,-0.0035842293906810374
2024-01-24,2800,2815,2710,2790,243728,0.003597122302158251
2024-01-25,2805,2815,2725,2750,165074,-0.014336917562724039
2024-01-26,2780,2780,2725,2745,75873,-0.0018181818181818299
2024-01-29,2745,2745,2655,2665,159080,-0.02914389799635697
2024-01-30,2665,2750,2650,2670,95124,0.0018761726078799779
2024-01-31,2700,2700,2600,2610,109695,-0.022471910112359605
2024-02-01,2610,2620,2540,2565,104420,-0.017241379310344862
2024-02-02,2565,2635,2565,2600,49224,0.013645224171539905
2024-02-05,2600,2605,2540,2555,61068,-0.017307692307692357
2024-02-06,2555,2570,2450,2510,106611,-0.017612524461839585
2024-02-07,2525,2550,2480,2500,41751,-0.003984063745019917
2024-02-08,2550,2555,2495,2550,41083,0.020000000000000018
2024-02-13,2555,2650,2555,2610,100601,0.0235294117647058
2024-02-14,2605,2695,2575,2690,90056,0.03065134099616862
2024-02-15,2705,2760,2640,2720,154155,0.011152416356877248
2024-02-16,2720,2725,2670,2685,84025,-0.012867647058823484
2024-02-19,2685,2700,2650,2690,71475,0.0018621973929235924
2024-02-20,2680,2790,2675,2680,50602,-0.0037174721189591198
2024-02-21,2680,2695,2630,2645,59756,-0.013059701492537323
2024-02-22,2635,2760,2630,2725,109445,0.030245746691871522
2024-02-23,2750,2750,2680,2720,80995,-0.0018348623853210455
2024-02-26,2725,2780,2670,2710,95400,-0.003676470588235281
2024-02-27,2720,2725,2675,2710,118626,0.0
2024-02-28,2710,2775,2690,2745,113254,0.012915129151291449
2024-02-29,2740,2740,2600,2705,74990,-0.014571948998178486
2024-03-04,2780,2860,2740,2850,514523,0.05360443622920519
2024-03-05,2845,2845,2705,2720,283235,-0.04561403508771933
2024-03-06,2700,2790,2680,2740,166362,0.007352941176470562
2024-03-07,2760,2795,2600,2715,152884,-0.009124087591240837
2024-03-08,2715,2795,2710,2725,200425,0.0036832412523020164
2024-03-11,2735,2855,2725,2815,306497,0.03302752293577971
2024-03-12,2815,2855,2755,2790,191552,-0.008880994671403242
2024-03-13,2790,2810,2755,2790,115015,0.0
2024-03-14,2765,2790,2710,2740,108301,-0.017921146953404965
2024-03-15,2710,2740,2690,2710,65562,-0.010948905109489093
2024-03-18,2710,2795,2710,2765,117663,0.02029520295202958
2024-03-19,2765,2770,2710,2735,86556,-0.010849909584086825
2024-03-20,2735,2800,2735,2785,109380,0.018281535648994485
2024-03-21,2785,2855,2755,2800,233129,0.0053859964093356805
2024-03-22,2845,2845,2765,2810,79295,0.0035714285714285587
2024-03-25,2810,2850,2790,2805,196593,-0.001779359430605032
2024-03-26,2805,2810,2770,2785,62570,-0.007130124777183555
2024-03-27,2770,2780,2755,2775,78965,-0.0035906642728904536
2024-03-28,2775,2835,2765,2820,154168,0.016216216216216273
2024-03-29,2815,2840,2790,2805,88979,-0.005319148936170248
2024-04-01,2805,2840,2795,2830,113791,0.00891265597147961
2024-04-02,2840,2880,2790,2845,149711,0.005300353356890497
2024-04-03,2840,2850,2800,2850,84966,0.0017574692442883233
2024-04-04,2885,2900,2825,2835,182068,-0.0052631578947368585
2024-04-05,2835,2885,2780,2825,163278,-0.003527336860670194
2024-04-08,2820,2845,2785,2790,104007,-0.012389380530973493
2024-04-09,2790,2835,2700,2700,172336,-0.032258064516129004
2024-04-11,2695,2760,2645,2760,112750,0.022222222222222143
2024-04-12,2780,2830,2755,2800,140221,0.01449275362318847
2024-04-15,2840,2985,2750,2950,692697,0.0535714285714286
2024-04-16,2950,3020,2865,2925,502732,-0.008474576271186418
2024-04-17,2925,3130,2905,3115,935676,0.06495726495726495
2024-04-18,3110,3205,2995,3165,696470,0.01605136436597121
2024-04-19,3100,3260,3010,3045,1080279,-0.03791469194312791
2024-04-22,3070,3120,2950,3020,546138,-0.008210180623973717
2024-04-23,3020,3075,2975,3015,166133,-0.0016556291390728006
2024-04-24,3025,3095,3000,3095,182587,0.026533996683250516
2024-04-25,3085,3180,3035,3115,261020,0.00646203554119551
2024-04-26,3080,3270,3060,3220,471148,0.03370786516853941
2024-04-29,3240,3310,3210,3305,391005,0.026397515527950333
2024-04-30,3305,3420,3295,3390,472194,0.02571860816944027
2024-05-02,3370,3400,3215,3300,401654,-0.026548672566371723
2024-05-03,3305,3335,3240,3290,161186,-0.00303030303030305
2024-05-07,3285,3300,3105,3165,310874,-0.037993920972644424
2024-05-08,3125,3230,3085,3165,251612,0.0
2024-05-09,3175,3175,3070,3075,155903,-0.028436018957345932
2024-05-10,3075,3080,2955,2990,261268,-0.027642276422764178
2024-05-13,2990,3020,2895,2915,231753,-0.025083612040133763
2024-05-14,2950,3120,2915,2955,188716,0.013722126929674117
2024-05-16,2960,3115,2955,3090,270269,0.045685279187817285
2024-05-17,3135,3140,3000,3140,176772,0.016181229773462702
2024-05-20,3145,3170,3085,3160,179987,0.006369426751592355
2024-05-21,3160,3270,3120,3265,223931,0.03322784810126578
2024-05-22,3270,3300,3230,3270,198251,0.0015313935681469104
2024-05-23,3270,3275,3000,3080,444796,-0.05810397553516822
2024-05-24,3015,3170,3015,3085,111846,0.0016233766233766378
2024-05-27,3125,3315,3125,3225,564933,0.04538087520259326
2024-05-28,3050,3150,2820,2875,1358085,-0.10852713178294571
2024-05-29,2885,2990,2815,2880,621648,0.0017391304347826875
2024-05-30,2900,2950,2825,2860,235748,-0.00694444444444442
2024-05-31,2875,2885,2805,2835,200526,-0.00874125874125875
2024-06-03,2860,2860,2805,2805,179052,-0.010582010582010581
2024-06-04,2790,2815,2700,2745,363642,-0.021390374331550777
2024-06-05,2720,2805,2720,2800,121464,0.020036429872495543
2024-06-07,2800,2800,2745,2750,114192,-0.017857142857142905
2024-06-10,2725,2750,2680,2725,101697,-0.009090909090909038
2024-06-11,2740,2780,2730,2735,69998,0.003669724770642091
2024-06-12,2740,2865,2735,2770,227696,0.01279707495429605
2024-06-13,2775,2810,2700,2745,158501,-0.009025270758122761
2024-06-14,2745,2775,2725,2730,107189,-0.005464480874316946
2024-06-17,2775,2880,2735,2820,173549,0.03296703296703307
2024-06-18,2870,2870,2750,2765,119770,-0.019503546099290725
2024-06-19,2765,2790,2730,2750,60446,-0.005424954792043413
2024-06-20,2750,2790,2715,2725,71166,-0.009090909090909038
2024-06-21,2710,2725,2650,2650,106448,-0.02752293577981646
2024-06-24,2660,2670,2600,2630,78067,-0.007547169811320753
2024-06-25,2600,2660,2600,2645,93641,0.005703422053231932
2024-06-26,2650,2665,2605,2660,35882,0.005671077504725952
2024-06-27,2660,2680,2575,2575,76972,-0.03195488721804507
2024-06-28,2575,2625,2555,2580,66122,0.001941747572815622
2024-07-01,2600,2600,2520,2530,77899,-0.019379844961240345
2024-07-02,2530,2555,2475,2510,119799,-0.007905138339920903
2024-07-03,2510,2550,2435,2470,153077,-0.015936254980079667
2024-07-04,2470,2490,2400,2415,179695,-0.022267206477732837
2024-07-05,2415,2435,2385,2410,115173,-0.0020703933747412417
2024-07-08,2450,2455,2390,2450,104673,0.016597510373443924
2024-07-09,2485,2485,2420,2465,101105,0.00612244897959191
2024-07-10,2460,2460,2215,2315,797658,-0.0608519269776876
2024-07-11,2315,2360,2300,2345,148434,0.012958963282937441
2024-07-12,2350,2375,2310,2330,119976,-0.006396588486140775
2024-07-15,2335,2375,2325,2350,132589,0.008583690987124415
2024-07-16,2365,2380,2295,2345,89964,-0.0021276595744680327
2024-07-17,2325,2350,2285,2290,104797,-0.023454157782516027
2024-07-18,2280,2280,2210,2240,163758,-0.02183406113537123
2024-07-19,2260,2265,2205,2225,105674,-0.006696428571428603
2024-07-22,2295,2310,2190,2215,136237,-0.004494382022471877
2024-07-23,2215,2420,2215,2230,622441,0.006772009029345272
2024-07-24,2235,2330,2210,2275,128306,0.020179372197309364
2024-07-25,2270,2275,2200,2270,93919,-0.00219780219780219
2024-07-26,2250,2330,2235,2300,148554,0.013215859030837107
2024-07-29,2290,2385,2255,2315,502838,0.006521739130434856
2024-07-30,2315,2345,2275,2285,72657,-0.01295896328293733
2024-07-31,2285,2320,2270,2315,57391,0.013129102844638973
2024-08-01,2340,2355,2285,2320,83744,0.002159827213822796
2024-08-02,2270,2300,2220,2220,107828,-0.0431034482758621
2024-08-05,2210,2220,1900,1955,277458,-0.11936936936936937
2024-08-06,1851,2190,1851,2045,231058,0.04603580562659837
2024-08-07,2025,2085,1990,2025,127680,-0.009779951100244544
2024-08-08,1990,2070,1977,2005,130972,-0.00987654320987652
2024-08-09,2020,2090,2020,2045,83374,0.01995012468827939
2024-08-12,1980,2105,1980,2060,44586,0.007334963325183352
2024-08-13,2060,2085,2035,2040,45550,-0.009708737864077666
2024-08-14,2045,2115,2045,2065,70687,0.01225490196078427
2024-08-16,2070,2150,2040,2045,115451,-0.009685230024213065
