Date,Open,High,Low,Close,Volume,Change
2011-10-17,7800,8970,7500,8970,5381442,
2011-10-18,10300,10300,9560,10300,1190795,0.1482720178372352
2011-10-19,10950,11800,10600,11800,4796173,0.14563106796116498
2011-10-20,12400,12800,10050,10650,5467248,-0.09745762711864403
2011-10-21,10800,11300,9390,10000,3999056,-0.06103286384976525
2011-10-24,9810,10300,9460,9990,2906237,-0.0010000000000000009
2011-10-25,9790,10550,9000,9210,3864209,-0.0780780780780781
2011-10-26,9210,9420,8540,8810,1444469,-0.04343105320304019
2011-10-27,9010,9170,8400,8510,1178375,-0.034052213393870656
2011-10-28,8670,8690,7710,7840,1357228,-0.07873090481786138
2011-10-31,7870,8400,7730,7860,884506,0.0025510204081633514
2011-11-01,7730,8440,7710,8150,1453278,0.03689567430025442
2011-11-02,7830,7920,7580,7830,599962,-0.03926380368098159
2011-11-03,8000,8480,7850,7970,1646320,0.017879948914431676
2011-11-04,8270,8410,8100,8110,894324,0.017565872020075313
2011-11-07,8190,8270,7870,7870,529856,-0.0295930949445129
2011-11-08,7960,7970,7480,7480,600766,-0.04955527318932651
2011-11-09,7550,7690,7050,7170,529233,-0.041443850267379734
2011-11-10,6820,7050,6590,6710,360583,-0.06415620641562059
2011-11-11,6760,7090,6710,6900,251601,0.028315946348733245
2011-11-14,7050,7200,6990,7080,193410,0.026086956521739202
2011-11-15,7050,7050,6750,6770,205733,-0.043785310734463234
2011-11-16,6820,6920,6390,6390,280941,-0.056129985228951296
2011-11-17,6430,6870,6220,6840,242443,0.07042253521126751
2011-11-18,6800,6930,6580,6930,168774,0.013157894736842035
2011-11-21,6940,6940,6600,6600,150047,-0.04761904761904767
2011-11-22,6400,6700,6390,6670,84718,0.010606060606060508
2011-11-23,6740,7230,6650,7000,510789,0.0494752623688155
2011-11-24,7010,7630,6950,7500,647464,0.0714285714285714
2011-11-25,7510,7660,6990,7140,346862,-0.04800000000000004
2011-11-28,7300,7500,7160,7500,411000,0.050420168067226934
2011-11-29,7620,7850,7410,7620,795506,0.016000000000000014
2011-11-30,7660,7740,7460,7490,268858,-0.017060367454068248
2011-12-01,7650,7660,7260,7300,322718,-0.025367156208277675
2011-12-02,7250,7410,7110,7310,208294,0.00136986301369868
2011-12-05,7600,8050,7480,7870,1072024,0.07660738714090298
2011-12-06,7840,7910,7420,7530,477588,-0.043202033036848775
2011-12-07,7530,7660,7350,7610,310312,0.010624169986719778
2011-12-08,7640,7650,7320,7320,252958,-0.03810775295663604
2011-12-09,7270,7270,6930,7000,271572,-0.04371584699453557
2011-12-12,7080,7380,7020,7280,242258,0.040000000000000036
2011-12-13,7200,7200,6960,7100,242041,-0.02472527472527475
2011-12-14,7040,7650,7000,7360,809316,0.036619718309859106
2011-12-15,7340,7410,7070,7100,183578,-0.03532608695652173
2011-12-16,7250,7280,7020,7050,185344,-0.007042253521126751
2011-12-19,7200,7480,6050,6600,719715,-0.06382978723404253
2011-12-20,6550,6860,6550,6810,170087,0.031818181818181746
2011-12-21,6880,7160,6880,6970,180787,0.023494860499265746
2011-12-22,6940,7220,6940,7150,161228,0.02582496413199431
2011-12-23,7170,7220,7040,7040,140533,-0.01538461538461533
2011-12-26,7150,7150,6960,6970,114510,-0.009943181818181768
2011-12-27,6940,7460,6740,7180,631680,0.03012912482065988
2011-12-28,7200,7580,7150,7570,620156,0.054317548746518174
2011-12-29,7600,7720,7290,7340,463276,-0.0303830911492734
2012-01-02,7450,7690,7370,7640,508605,0.04087193460490468
2012-01-03,7690,7700,7460,7500,315660,-0.01832460732984298
2012-01-04,7520,7520,7250,7250,379759,-0.033333333333333326
2012-01-05,7250,7390,7100,7350,217527,0.01379310344827589
2012-01-06,7380,7650,7230,7510,691920,0.021768707482993088
2012-01-09,7690,8440,7660,8070,1866811,0.07456724367509993
2012-01-10,7990,8580,7940,8580,946934,0.06319702602230493
2012-01-11,9680,9860,9500,9860,961323,0.14918414918414924
2012-01-12,10000,10100,8730,9120,3129863,-0.07505070993914809
2012-01-13,9260,9390,8920,9300,1493682,0.019736842105263053
2012-01-16,9230,9230,8570,8570,759790,-0.07849462365591398
2012-01-17,8660,8800,8500,8650,557198,0.009334889148191472
2012-01-18,8770,8790,8080,8170,729511,-0.05549132947976876
2012-01-19,8380,8390,8050,8250,653420,0.009791921664626724
2012-01-20,8290,8350,8070,8130,417530,-0.014545454545454528
2012-01-25,8200,8650,8180,8580,831483,0.05535055350553497
2012-01-26,8600,8600,8420,8510,320242,-0.00815850815850816
2012-01-27,8580,8580,8200,8230,370459,-0.03290246768507643
2012-01-30,8180,8300,7880,8000,647374,-0.027946537059538312
2012-01-31,8000,8060,7900,8050,240393,0.006250000000000089
2012-02-01,8130,8250,8010,8010,244480,-0.004968944099378869
2012-02-02,8080,8230,8070,8200,328375,0.02372034956304625
2012-02-03,8160,8190,8000,8050,268165,-0.018292682926829285
2012-02-06,8090,8110,7700,7700,353984,-0.04347826086956519
2012-02-07,7750,7900,7700,7760,186640,0.007792207792207684
2012-02-08,7800,8180,7800,8080,428314,0.04123711340206193
2012-02-09,8080,9080,8010,8750,1346108,0.08292079207920788
2012-02-10,9000,9110,8650,9000,837842,0.02857142857142847
2012-02-13,9300,9310,9000,9020,859203,0.0022222222222221255
2012-02-14,8860,8910,8650,8660,447002,-0.039911308203991136
2012-02-15,8660,8940,8470,8600,336445,-0.006928406466512715
2012-02-16,8640,8900,8530,8900,300635,0.03488372093023262
2012-02-17,8870,8990,8740,8910,300289,0.0011235955056179137
2012-02-20,8960,9070,8840,8910,263247,0.0
2012-02-21,9000,9170,8680,9150,586968,0.026936026936027035
2012-02-22,9150,9260,8950,8950,341538,-0.021857923497267784
2012-02-23,8980,8980,8620,8800,286552,-0.016759776536312887
2012-02-24,8920,9480,8900,9330,964648,0.060227272727272796
2012-02-27,9260,9480,9150,9280,468948,-0.005359056806002127
2012-02-28,9000,9070,8350,9050,791372,-0.024784482758620663
2012-02-29,9120,9220,8860,8990,324025,-0.006629834254143652
2012-03-02,9000,9310,9000,9190,312046,0.022246941045606317
2012-03-05,9370,9390,9060,9100,385513,-0.009793253536452662
2012-03-06,8990,9060,8470,8700,400119,-0.04395604395604391
2012-03-07,8520,8780,8490,8600,161694,-0.011494252873563204
2012-03-08,8770,8780,8560,8580,195387,-0.0023255813953488857
2012-03-09,8630,8720,8540,8580,158735,0.0
2012-03-12,8670,8840,8610,8750,171435,0.019813519813519864
2012-03-13,8650,8740,8460,8540,235270,-0.02400000000000002
2012-03-14,8580,8610,8360,8410,176691,-0.015222482435597207
2012-03-15,8410,8590,8330,8590,137949,0.021403091557669507
2012-03-16,8630,9100,8610,9020,437397,0.05005820721769494
2012-03-19,9100,9470,9080,9200,724023,0.019955654101995624
2012-03-20,9290,9290,9010,9180,327051,-0.0021739130434782483
2012-03-21,9200,9790,9190,9660,891366,0.05228758169934644
2012-03-22,9700,9980,9340,9470,917935,-0.019668737060041352
2012-03-23,9470,9950,9390,9950,617645,0.05068637803590281
2012-03-26,9900,10100,9750,9950,424210,0.0
2012-03-27,9960,9970,9300,9870,715185,-0.008040201005025116
2012-03-28,10050,10250,9780,9990,723146,0.012158054711246091
2012-03-29,10000,10300,9740,10250,479153,0.026026026026026106
2012-03-30,10150,10350,9950,9950,331721,-0.029268292682926855
2012-04-02,9830,9990,9620,9780,328301,-0.0170854271356784
2012-04-03,9900,10100,9660,9700,431156,-0.008179959100204526
2012-04-04,9760,9850,9350,9460,451650,-0.024742268041237137
2012-04-05,9390,9490,9150,9260,278521,-0.02114164904862581
2012-04-06,9230,9420,8830,8830,482155,-0.04643628509719222
2012-04-09,8750,8750,7800,7940,559856,-0.10079275198187998
2012-04-10,7940,8180,7450,7600,281396,-0.04282115869017633
2012-04-12,7700,7900,7600,7850,229498,0.03289473684210531
2012-04-13,7860,8250,7860,8120,258020,0.03439490445859872
2012-04-16,8000,8160,7920,8130,166996,0.0012315270935960854
2012-04-17,8150,8160,7910,7980,149725,-0.01845018450184499
2012-04-18,8140,8140,7930,7930,116257,-0.006265664160400974
2012-04-19,7930,8020,7650,7800,171400,-0.016393442622950838
2012-04-20,7720,7800,7460,7500,201467,-0.038461538461538436
2012-04-23,7540,7650,7380,7380,122110,-0.016000000000000014
2012-04-24,7260,7360,7020,7200,168167,-0.024390243902439046
2012-04-25,7230,7280,7000,7030,136334,-0.023611111111111138
2012-04-26,7200,7210,6950,6950,110239,-0.011379800853485111
2012-04-27,7050,7050,6750,6820,103270,-0.018705035971222972
2012-04-30,6900,7010,6800,7010,80407,0.027859237536656867
2012-05-02,7100,7680,7080,7500,228729,0.06990014265335232
2012-05-03,7570,7580,7430,7480,82951,-0.002666666666666706
2012-05-04,7390,7500,7340,7500,43494,0.002673796791443861
2012-05-07,7350,7370,7220,7230,59791,-0.03600000000000003
2012-05-08,7240,7340,7100,7150,105849,-0.011065006915629283
2012-05-09,7100,7190,6870,6870,193629,-0.03916083916083912
2012-05-10,6840,6950,6680,6780,199143,-0.013100436681222738
2012-05-11,6810,6850,6540,6700,175186,-0.01179941002949858
2012-05-14,6710,6760,6500,6570,74630,-0.0194029850746269
2012-05-15,6460,6590,6320,6420,93908,-0.022831050228310557
2012-05-16,6350,6450,6270,6280,86665,-0.02180685358255452
2012-05-17,6340,6440,6280,6410,90781,0.02070063694267521
2012-05-18,6280,6350,5960,6120,130879,-0.04524180967238689
2012-05-21,6110,6290,5960,6120,92254,0.0
2012-05-22,6130,6350,6130,6330,60342,0.03431372549019618
2012-05-23,6380,6380,6100,6100,45648,-0.0363349131121643
2012-05-24,6060,6280,6060,6190,35620,0.014754098360655776
2012-05-25,6200,6400,6180,6270,58859,0.01292407108239102
2012-05-29,6360,6450,6230,6340,62378,0.011164274322169154
2012-05-30,6370,6400,6220,6350,52948,0.001577287066246047
2012-05-31,6280,6320,6150,6300,52003,-0.007874015748031482
2012-06-01,6320,6320,6210,6230,51333,-0.011111111111111072
2012-06-04,5830,6030,5820,6000,127107,-0.036918138041733495
2012-06-05,6000,6050,5880,5950,69982,-0.008333333333333304
2012-06-07,6140,6150,6000,6120,75826,0.02857142857142847
2012-06-08,6100,6180,6020,6080,51725,-0.006535947712418277
2012-06-11,6120,6300,6120,6210,39787,0.021381578947368363
2012-06-12,6110,6430,6110,6400,73487,0.03059581320450877
2012-06-13,6440,6440,6250,6350,53078,-0.0078125
2012-06-14,6340,6400,6150,6250,82284,-0.015748031496062964
2012-06-15,6360,6360,6120,6160,52661,-0.014399999999999968
2012-06-18,6280,6320,6220,6300,47431,0.022727272727272707
2012-06-19,6310,6450,6250,6390,67681,0.014285714285714235
2012-06-20,6500,6710,6430,6590,167145,0.031298904538341166
2012-06-21,6630,6630,6480,6520,53777,-0.01062215477996964
2012-06-22,6380,6390,6270,6290,81376,-0.03527607361963192
2012-06-25,6310,6380,6150,6170,56270,-0.019077901430842648
2012-06-26,6100,6190,6070,6150,42164,-0.0032414910858995505
2012-06-27,6130,6240,6090,6150,36323,0.0
2012-06-28,6200,6250,6100,6110,59232,-0.006504065040650375
2012-06-29,6100,6210,6050,6150,47683,0.00654664484451728
2012-07-02,6230,6340,6150,6240,99296,0.014634146341463428
2012-07-03,6260,6560,6260,6410,235798,0.027243589743589647
2012-07-04,6450,6510,6370,6450,86577,0.006240249609984483
2012-07-05,6430,6550,6380,6480,101191,0.0046511627906977715
2012-07-06,6420,6490,6270,6300,104449,-0.02777777777777779
2012-07-09,6200,6470,6200,6430,84337,0.02063492063492056
2012-07-10,6400,6940,6400,6750,715823,0.04976671850699854
2012-07-11,6750,6930,6600,6800,242993,0.007407407407407307
2012-07-12,6890,6900,6460,6580,157706,-0.032352941176470584
2012-07-13,6580,6620,6120,6390,162792,-0.028875379939209744
2012-07-16,6480,6670,6460,6490,118899,0.015649452269170583
2012-07-17,6550,6590,6300,6480,156199,-0.0015408320493066618
2012-07-18,6400,6500,6140,6140,129542,-0.05246913580246915
2012-07-19,6280,6310,6170,6270,119276,0.021172638436482094
2012-07-20,6240,6370,6200,6310,77829,0.006379585326953707
2012-07-23,6170,6240,5890,5910,222856,-0.06339144215530901
2012-07-24,5770,5900,5580,5900,195683,-0.0016920473773265332
2012-07-25,5750,5790,5610,5630,74742,-0.045762711864406724
2012-07-26,5820,5850,5600,5640,86376,0.001776198934280604
2012-07-27,5770,5790,5730,5780,67926,0.024822695035461084
2012-07-30,5830,5870,5730,5760,41955,-0.0034602076124568004
2012-07-31,5730,5790,5690,5750,68761,-0.0017361111111111605
2012-08-01,5760,5770,5710,5720,26525,-0.00521739130434784
2012-08-02,5730,5770,5710,5770,57456,0.00874125874125875
2012-08-03,5700,5750,5640,5690,28645,-0.013864818024263426
2012-08-06,5790,5980,5730,5870,129813,0.03163444639718804
2012-08-07,5870,6080,5830,5970,118760,0.017035775127768327
2012-08-08,6040,6040,5870,5890,75484,-0.01340033500837523
2012-08-09,5900,6100,5820,5910,128820,0.00339558573853993
2012-08-10,5890,5970,5830,5830,58879,-0.013536379018612488
2012-08-13,5820,5940,5700,5740,126728,-0.015437392795883409
2012-08-14,5730,5810,5700,5780,148263,0.006968641114982521
2012-08-16,5770,5790,5680,5740,90250,-0.00692041522491349
2012-08-17,5740,5970,5700,5870,202360,0.022648083623693305
2012-08-20,5860,6030,5800,5900,104504,0.005110732538330387
2012-08-21,5900,6080,5900,5990,218996,0.015254237288135686
2012-08-22,5950,6020,5840,5890,75769,-0.016694490818030094
2012-08-23,5930,5930,5780,5900,89536,0.001697792869269854
2012-08-24,5840,5880,5690,5730,152120,-0.028813559322033888
2012-08-27,5790,5790,5700,5780,71742,0.008726003490401313
2012-08-28,5780,5840,5690,5780,57873,0.0
2012-08-29,5790,5950,5760,5950,174836,0.02941176470588225
2012-08-30,6040,6150,5900,6050,179399,0.01680672268907557
2012-08-31,6050,6440,5930,6180,638123,0.02148760330578514
2012-09-03,6290,6340,6210,6260,251412,0.012944983818770295
2012-09-04,6260,6280,6110,6140,159866,-0.019169329073482455
2012-09-05,6200,6300,6070,6250,200159,0.01791530944625408
2012-09-06,6300,6300,6150,6200,86604,-0.008000000000000007
2012-09-07,6290,6330,6160,6160,118597,-0.006451612903225823
2012-09-10,6160,6200,6040,6080,95977,-0.012987012987012991
2012-09-11,6100,6230,6020,6220,174218,0.023026315789473673
2012-09-12,6260,6440,6190,6340,334783,0.019292604501607746
2012-09-13,6420,6460,6310,6310,161747,-0.004731861198738141
2012-09-14,6380,6440,6090,6140,180616,-0.02694136291600635
2012-09-17,6150,6310,6110,6260,90299,0.019543973941368087
2012-09-18,6260,6420,6240,6240,140232,-0.0031948881789137795
2012-09-19,6210,6390,6180,6390,121581,0.024038461538461453
2012-09-20,6460,6730,6420,6430,341394,0.006259780907668322
2012-09-21,6420,6500,6250,6250,147948,-0.027993779160186638
2012-09-24,6450,7180,6430,7180,2279481,0.14880000000000004
2012-09-25,7060,7090,6520,6530,1455223,-0.09052924791086348
2012-09-26,6480,6730,6400,6460,339747,-0.01071975497702915
2012-09-27,6410,6490,6090,6200,341123,-0.04024767801857587
2012-09-28,6220,6260,6100,6170,144432,-0.004838709677419395
2012-10-02,6140,6170,5950,5990,315884,-0.02917341977309562
2012-10-04,6070,6120,5980,6120,161822,0.02170283806343898
2012-10-05,6120,6170,6060,6060,84185,-0.009803921568627416
2012-10-08,6060,6070,5900,6000,170142,-0.00990099009900991
2012-10-09,5960,6180,5950,6150,145008,0.02499999999999991
2012-10-10,6100,6170,6020,6060,99357,-0.014634146341463428
2012-10-11,6020,6310,6020,6070,197472,0.0016501650165017256
2012-10-12,6140,6150,6070,6090,52470,0.0032948929159801743
2012-10-15,6120,6270,5920,6050,204513,-0.006568144499178974
2012-10-16,6120,6130,5930,5940,107086,-0.018181818181818188
2012-10-17,5990,6560,5970,6180,1106467,0.04040404040404044
2012-10-18,6370,6740,6260,6350,1315834,0.027508090614886793
2012-10-19,6300,6300,6020,6060,313666,-0.04566929133858266
2012-10-22,5910,5960,5790,5890,159728,-0.028052805280528004
2012-10-23,5890,6100,5890,5910,214815,0.00339558573853993
2012-10-24,5830,5910,5790,5870,106535,-0.006768189509306244
2012-10-25,5900,5900,5750,5820,128617,-0.008517887563884163
2012-10-26,5760,5820,5580,5590,155009,-0.03951890034364258
2012-10-29,5510,5590,5080,5080,214691,-0.09123434704830058
2012-10-30,4900,5150,4900,5050,137277,-0.0059055118110236116
2012-10-31,5030,5150,5030,5100,46833,0.00990099009900991
2012-11-01,5100,5100,4905,4965,93950,-0.026470588235294135
2012-11-02,5030,5120,4970,5010,41087,0.009063444108761365
2012-11-05,4945,5070,4945,5040,32299,0.0059880239520957446
2012-11-06,5030,5100,5010,5060,42584,0.003968253968253954
2012-11-07,5090,5140,5000,5060,32719,0.0
2012-11-08,5010,5010,4945,4995,31915,-0.012845849802371578
2012-11-09,4980,5020,4930,4980,41744,-0.0030030030030030463
2012-11-12,4955,5000,4885,4890,50194,-0.01807228915662651
2012-11-13,4880,4930,4735,4735,82706,-0.0316973415132924
2012-11-14,4665,4750,4385,4420,196824,-0.0665258711721225
2012-11-15,4255,5080,4255,5080,567316,0.1493212669683257
2012-11-16,5580,5770,5050,5050,2272026,-0.0059055118110236116
2012-11-19,5100,5130,4870,4965,539866,-0.016831683168316847
2012-11-20,5000,5680,5000,5250,1202101,0.05740181268882183
2012-11-21,5310,5560,5190,5300,396919,0.00952380952380949
2012-11-22,5290,5430,5000,5070,328884,-0.04339622641509433
2012-11-23,5020,5320,5010,5300,210070,0.04536489151873768
2012-11-26,5300,5300,5130,5160,187554,-0.026415094339622636
2012-11-27,5180,5230,5050,5210,112265,0.009689922480620172
2012-11-28,5200,5200,5060,5100,78264,-0.021113243761996192
2012-11-29,5110,5160,5050,5090,56021,-0.0019607843137254832
2012-11-30,5090,5160,5060,5080,40765,-0.0019646365422396617
2012-12-03,5070,5190,5020,5150,47027,0.013779527559055094
2012-12-04,5150,5170,5060,5070,46877,-0.01553398058252431
2012-12-05,5090,5170,4890,4890,114636,-0.035502958579881616
2012-12-06,4810,4970,4760,4810,65150,-0.01635991820040905
2012-12-07,4810,4865,4755,4760,26484,-0.01039501039501034
2012-12-10,4780,4880,4760,4870,35944,0.02310924369747891
2012-12-11,4860,4930,4795,4815,32325,-0.011293634496919891
2012-12-12,4875,4875,4790,4835,14137,0.004153686396677125
2012-12-13,4915,5070,4830,5030,62090,0.04033092037228547
2012-12-14,5020,5070,4950,5040,25303,0.001988071570576455
2012-12-17,5040,5080,4990,5020,33679,-0.003968253968253954
2012-12-18,4980,5080,4905,5010,62775,-0.0019920318725099584
2012-12-20,5010,5330,4960,5300,121991,0.05788423153692612
2012-12-21,5230,5430,5150,5350,158113,0.009433962264151052
2012-12-24,5350,5380,5210,5350,40512,0.0
2012-12-26,5290,5370,5190,5190,28422,-0.029906542056074792
2012-12-27,5110,5290,5100,5280,67479,0.01734104046242768
2012-12-28,5350,5600,5220,5340,268823,0.011363636363636465
2013-01-02,5350,5390,5290,5390,111895,0.009363295880149725
2013-01-03,5410,5450,5290,5290,52868,-0.01855287569573283
2013-01-04,5300,5360,5200,5260,38925,-0.005671077504725952
2013-01-07,5280,5390,5150,5190,72301,-0.013307984790874472
2013-01-08,5150,5240,5120,5190,34058,0.0
2013-01-09,5230,5230,5110,5170,43887,-0.003853564547206201
2013-01-10,5210,5450,5190,5400,134748,0.044487427466150864
2013-01-11,5340,5400,5320,5340,37934,-0.011111111111111072
2013-01-14,5450,5650,5370,5610,257775,0.050561797752809
2013-01-15,5650,5770,5530,5650,191146,0.007130124777183555
2013-01-16,5680,5890,5450,5460,239350,-0.03362831858407078
2013-01-17,5520,5520,5270,5330,85387,-0.023809523809523836
2013-01-18,5290,5550,5280,5540,55131,0.039399624765478425
2013-01-21,5540,5630,5450,5560,65305,0.0036101083032491488
2013-01-22,5510,5590,5450,5480,34410,-0.014388489208633115
2013-01-23,5500,5750,5500,5640,155749,0.029197080291970767
2013-01-24,5670,5670,5500,5550,51099,-0.015957446808510634
2013-01-25,5540,5650,5410,5620,51217,0.012612612612612706
2013-01-28,5700,5700,5520,5540,39832,-0.014234875444839812
2013-01-29,5560,5630,5520,5520,26123,-0.0036101083032491488
2013-01-30,5520,5590,5300,5420,51356,-0.018115942028985477
2013-01-31,5390,5510,5120,5200,108523,-0.040590405904059046
2013-02-01,5140,5360,5140,5140,40214,-0.011538461538461497
2013-02-04,5100,5230,4900,4900,69705,-0.046692607003890996
2013-02-05,4950,5000,4870,4930,36005,0.00612244897959191
2013-02-06,4865,5000,4865,4975,35915,0.009127789046653234
2013-02-07,5050,5050,4905,4975,16757,0.0
2013-02-08,4920,5020,4895,4975,24808,0.0
2013-02-12,4975,5050,4855,4910,18701,-0.013065326633165841
2013-02-13,4945,5020,4915,4975,14414,0.01323828920570258
2013-02-14,4960,5090,4960,5050,20230,0.015075376884422065
2013-02-15,5010,5090,4975,5030,22652,-0.003960396039603964
2013-02-18,5040,5080,4980,5000,20445,-0.005964214711729587
2013-02-19,4975,5120,4975,5080,42956,0.016000000000000014
2013-02-20,5090,5170,5050,5160,25491,0.015748031496062964
2013-02-21,5160,5190,4970,5010,154252,-0.029069767441860517
2013-02-22,4985,5060,4940,5000,53106,-0.001996007984031989
2013-02-25,5000,5070,4965,5060,39115,0.01200000000000001
2013-02-26,5060,5090,4960,4985,47129,-0.014822134387351804
2013-02-27,5020,5080,5000,5050,35930,0.013039117352056095
2013-02-28,5060,5130,5060,5060,28546,0.001980198019801982
2013-03-04,5030,5060,4925,4940,79761,-0.02371541501976282
2013-03-05,4950,5020,4950,4980,33796,0.00809716599190291
2013-03-06,4975,5130,4975,5030,41457,0.010040160642570184
2013-03-07,5030,5070,4925,4980,47432,-0.00994035785288272
2013-03-08,4980,5040,4940,4945,34939,-0.007028112449799173
2013-03-11,4990,4990,4780,4930,48164,-0.0030333670374115274
2013-03-12,4965,4965,4855,4900,27385,-0.006085192697768749
2013-03-13,4870,4945,4845,4855,25839,-0.009183673469387754
2013-03-14,4885,5330,4805,5140,489479,0.05870236869207002
2013-03-15,5220,5230,4985,5050,153338,-0.017509727626459193
2013-03-18,5090,5170,5010,5010,105576,-0.007920792079207928
2013-03-19,5040,5170,5030,5050,85801,0.007984031936127733
2013-03-20,5040,5480,5040,5250,271490,0.03960396039603964
2013-03-21,5260,5260,5130,5200,80888,-0.00952380952380949
2013-03-22,5250,5370,5150,5250,94013,0.009615384615384581
2013-03-25,5260,5450,5260,5280,83092,0.005714285714285783
2013-03-26,5350,5360,5220,5240,28335,-0.007575757575757569
2013-03-27,5240,5330,5170,5310,63113,0.013358778625954137
2013-03-28,5390,5700,5290,5600,273968,0.05461393596986808
2013-03-29,5650,5650,5470,5620,73411,0.0035714285714285587
2013-04-01,5620,5640,5450,5550,64600,-0.01245551601423489
2013-04-02,5550,5560,5260,5390,83090,-0.028828828828828867
2013-04-03,5350,5420,5300,5390,41221,0.0
2013-04-04,5610,6060,5400,5430,855298,0.007421150278293043
2013-04-05,5490,5490,5100,5190,173140,-0.04419889502762431
2013-04-08,5120,5230,4970,4980,160383,-0.040462427745664775
2013-04-09,4905,5050,4790,4905,98616,-0.015060240963855387
2013-04-10,4905,5090,4890,4970,87795,0.013251783893985625
2013-04-11,4960,5060,4960,5060,41363,0.01810865191146882
2013-04-12,5080,5210,5040,5150,101428,0.01778656126482203
2013-04-15,5160,5300,5090,5200,65348,0.009708737864077666
2013-04-16,5200,5480,5130,5440,157690,0.04615384615384621
2013-04-17,5490,5580,5330,5570,141382,0.023897058823529438
2013-04-18,5570,5630,5420,5470,73933,-0.01795332136445238
2013-04-19,5470,5520,5300,5480,67514,0.001828153564899404
2013-04-22,5500,5650,5400,5650,72293,0.031021897810219023
2013-04-23,5710,5740,5400,5520,74365,-0.023008849557522137
2013-04-24,5630,5630,5380,5440,108280,-0.01449275362318836
2013-04-25,5440,5480,5380,5440,44859,0.0
2013-04-26,5480,5550,5300,5480,56733,0.007352941176470562
2013-04-29,5500,5550,5380,5460,47555,-0.0036496350364964014
2013-04-30,5420,5540,5390,5440,71281,-0.00366300366300365
2013-05-02,5480,5520,5320,5360,24520,-0.014705882352941124
2013-05-03,5380,5530,5300,5400,92825,0.00746268656716409
2013-05-06,5480,5490,5300,5360,58361,-0.007407407407407418
2013-05-07,5310,5530,5310,5520,169377,0.029850746268656803
2013-05-08,5680,5780,5580,5700,271125,0.032608695652173836
2013-05-09,5770,5770,5590,5610,100799,-0.015789473684210575
2013-05-10,5610,5810,5570,5730,142938,0.021390374331550888
2013-05-13,5730,5980,5730,5780,227184,0.008726003490401313
2013-05-14,5740,5870,5570,5680,113500,-0.01730103806228378
2013-05-15,5750,5750,5630,5740,58040,0.010563380281690238
2013-05-16,5700,6180,5700,6040,627889,0.05226480836236935
2013-05-20,6130,6200,6000,6140,281090,0.01655629139072845
2013-05-21,6150,6250,6010,6190,146225,0.008143322475570036
2013-05-22,6220,6230,6060,6150,95825,-0.00646203554119551
2013-05-23,6100,6200,5960,5960,114723,-0.03089430894308942
2013-05-24,6000,6020,5790,5920,110073,-0.006711409395973145
2013-05-27,5980,6060,5880,6060,89102,0.023648648648648685
2013-05-28,6050,6180,6050,6090,157570,0.004950495049504955
2013-05-29,6160,6160,6010,6020,85346,-0.011494252873563204
2013-05-30,6090,6200,5850,6090,105216,0.011627906976744207
2013-05-31,6130,6130,5550,5800,120881,-0.04761904761904767
2013-06-03,5820,5900,5590,5610,87121,-0.03275862068965518
2013-06-04,5610,5700,5570,5600,56650,-0.0017825311942959443
2013-06-05,5620,5790,5530,5630,43900,0.005357142857142838
2013-06-07,5730,5730,5250,5470,62706,-0.028419182948490218
2013-06-10,5650,5670,5500,5650,32971,0.03290676416819016
2013-06-11,5590,5700,5550,5690,21976,0.0070796460176991705
2013-06-12,5630,6060,5630,5750,139956,0.010544815465729274
2013-06-13,5690,5760,5500,5510,46208,-0.04173913043478261
2013-06-14,5650,5650,5350,5350,41956,-0.029038112522686066
2013-06-17,5340,5440,5100,5140,49649,-0.03925233644859816
2013-06-18,5210,5390,5140,5390,56574,0.048638132295719894
2013-06-19,5440,5550,5400,5450,34410,0.011131725417439675
2013-06-20,5300,5370,5200,5280,36922,-0.031192660550458662
2013-06-21,5180,5180,5010,5120,36704,-0.030303030303030276
2013-06-24,5200,5200,5040,5110,21147,-0.001953125
2013-06-25,4910,5050,4630,4640,46064,-0.09197651663405093
2013-06-26,4660,4865,4640,4750,29121,0.0237068965517242
2013-06-27,4810,4925,4810,4900,25848,0.03157894736842115
2013-06-28,4955,4955,4860,4920,27666,0.004081632653061273
2013-07-01,4950,4985,4835,4865,38200,-0.011178861788617933
2013-07-02,4810,4910,4810,4910,29741,0.009249743062692772
2013-07-03,4855,4925,4600,4650,104800,-0.05295315682281054
2013-07-04,4650,4715,4475,4520,79954,-0.027956989247311825
2013-07-05,4555,4710,4555,4640,27467,0.026548672566371723
2013-07-08,4610,4695,4450,4565,41617,-0.016163793103448287
2013-07-09,4540,4575,4505,4570,12115,0.0010952902519167917
2013-07-10,4730,4730,4485,4575,12261,0.001094091903719896
2013-07-11,4525,4740,4525,4700,29348,0.02732240437158473
2013-07-12,4750,4800,4660,4755,17720,0.011702127659574568
2013-07-15,4760,4815,4685,4790,21721,0.007360672975814886
2013-07-16,4800,4850,4730,4780,15918,-0.0020876826722338038
2013-07-17,4840,5270,4690,4900,81089,0.025104602510460206
2013-07-18,4910,4910,4805,4850,16234,-0.010204081632653073
2013-07-19,4850,4890,4825,4860,26891,0.0020618556701030855
2013-07-22,4840,4890,4790,4810,27529,-0.010288065843621408
2013-07-23,4715,4865,4690,4740,46147,-0.014553014553014498
2013-07-24,4750,4785,4710,4740,28148,0.0
2013-07-25,4780,4780,4745,4775,17591,0.007383966244725704
2013-07-26,4800,4855,4780,4830,19416,0.011518324607329822
2013-07-29,4890,4890,4790,4860,20374,0.006211180124223503
2013-07-30,4830,4895,4715,4815,25921,-0.0092592592592593
2013-07-31,4835,4905,4795,4805,15804,-0.0020768431983385627
2013-08-01,4850,4850,4740,4765,19954,-0.008324661810613976
2013-08-02,4800,4840,4730,4755,15671,-0.0020986358866736943
2013-08-05,4845,4845,4710,4725,16917,-0.006309148264984188
2013-08-06,4685,4755,4650,4670,41522,-0.011640211640211673
2013-08-07,4700,4700,4605,4630,19771,-0.008565310492505307
2013-08-08,4725,4725,4630,4720,17389,0.01943844492440605
2013-08-09,4770,4805,4670,4755,16860,0.00741525423728806
2013-08-12,4790,4800,4740,4760,37661,0.001051524710830698
2013-08-13,4700,4790,4700,4760,22944,0.0
2013-08-14,4750,4830,4750,4825,23517,0.013655462184873901
2013-08-16,4800,4915,4800,4880,79466,0.011398963730570033
2013-08-19,4835,4940,4835,4910,38942,0.006147540983606481
2013-08-20,4845,5640,4845,5640,1154413,0.14867617107942976
2013-08-21,5930,6280,5590,5800,4042985,0.028368794326241176
2013-08-22,5790,5950,5170,5230,2069236,-0.09827586206896555
2013-08-23,5330,5530,5190,5450,1389515,0.042065009560229516
2013-08-26,5510,5550,5320,5320,633442,-0.023853211009174258
2013-08-27,5320,6110,5180,5630,3193143,0.05827067669172936
2013-08-28,5510,6350,5420,5890,3712847,0.04618117229129659
2013-08-29,5920,6040,5620,5750,1064209,-0.02376910016977929
2013-08-30,5800,5810,5510,5560,627339,-0.03304347826086962
2013-09-02,5560,5690,5400,5500,452774,-0.010791366906474864
2013-09-03,5560,6220,5520,5850,3375155,0.06363636363636371
2013-09-04,5920,6070,5780,6000,1180180,0.02564102564102555
2013-09-05,6100,6750,6020,6530,3573945,0.08833333333333337
2013-09-06,6500,6510,6170,6360,1087350,-0.026033690658499253
2013-09-09,6420,6630,6270,6480,1465825,0.018867924528301883
2013-09-10,6290,6350,6000,6050,1016698,-0.06635802469135799
2013-09-11,6110,6190,5910,6120,583214,0.011570247933884392
2013-09-12,6080,6280,5780,5840,736029,-0.04575163398692805
2013-09-13,5840,6110,5820,5860,742729,0.003424657534246478
2013-09-16,5870,5940,5550,5630,438396,-0.03924914675767921
2013-09-17,5670,5750,5520,5600,200862,-0.005328596802841923
2013-09-23,5630,5870,5620,5620,445680,0.0035714285714285587
2013-09-24,5570,5710,5450,5570,272591,-0.008896797153024938
2013-09-25,5600,5700,5420,5420,365489,-0.026929982046678624
2013-09-26,5410,5570,5340,5530,287533,0.02029520295202958
2013-09-27,5580,5700,5510,5540,305880,0.001808318264014508
2013-09-30,5580,5580,5360,5490,171349,-0.009025270758122761
2013-10-01,5510,5670,5300,5550,280649,0.010928961748633892
2013-10-02,5620,5940,5570,5770,1021105,0.03963963963963968
2013-10-04,5820,5960,5670,5670,442890,-0.017331022530329254
2013-10-07,5590,5720,5480,5500,229753,-0.029982363315696703
2013-10-08,5500,5740,5500,5730,290399,0.041818181818181754
2013-10-10,5740,6140,5680,5870,693990,0.024432809773123898
2013-10-11,5960,5970,5780,5780,228359,-0.015332197614991494
2013-10-14,5740,5970,5680,5970,283338,0.03287197231833905
2013-10-15,6060,6430,6030,6120,1091032,0.025125628140703515
2013-10-16,6010,6700,5910,6130,784859,0.0016339869281045694
2013-10-17,6250,6540,5770,6000,1110946,-0.021207177814029365
2013-10-18,6110,6250,5840,6090,312630,0.014999999999999902
2013-10-21,6150,6490,6000,6470,803938,0.06239737274220025
2013-10-22,6430,6460,6220,6250,404103,-0.03400309119010814
2013-10-23,6250,6320,5880,5880,372060,-0.05920000000000003
2013-10-24,5860,6110,5840,6020,259925,0.023809523809523725
2013-10-25,6080,6130,5940,5950,220772,-0.011627906976744207
2013-10-28,5960,6120,5910,6120,212835,0.02857142857142847
2013-10-29,6120,6150,5980,6000,241744,-0.019607843137254943
2013-10-30,6010,6120,5950,5980,145707,-0.0033333333333332993
2013-10-31,6000,6010,5640,5640,228983,-0.05685618729096986
2013-11-01,5660,5760,5630,5760,132568,0.02127659574468077
2013-11-04,5720,5760,5570,5590,117013,-0.02951388888888884
2013-11-05,5570,5630,5430,5450,134114,-0.025044722719141377
2013-11-06,5450,5520,5230,5230,149992,-0.04036697247706422
2013-11-07,5300,5330,5110,5280,134685,0.009560229445506607
2013-11-08,5270,5270,5020,5020,115086,-0.0492424242424242
2013-11-11,5020,5100,4600,4700,263960,-0.06374501992031878
2013-11-12,4700,4920,4700,4915,105682,0.04574468085106376
2013-11-13,4920,4980,4815,4935,68708,0.004069175991861629
2013-11-14,4905,5670,4850,5170,1594148,0.04761904761904767
2013-11-15,5170,5260,5070,5100,117439,-0.013539651837524147
2013-11-18,5100,5390,5100,5140,315828,0.007843137254901933
2013-11-19,5060,5170,4950,4980,134197,-0.0311284046692607
2013-11-20,5030,5150,4940,4940,96910,-0.008032128514056214
2013-11-21,4840,4950,4820,4890,80406,-0.010121457489878583
2013-11-22,4960,5050,4860,4905,45495,0.0030674846625766694
2013-11-25,4980,5020,4905,4930,55764,0.0050968399592252744
2013-11-26,4990,5130,4900,5050,81833,0.024340770791074995
2013-11-27,5090,5090,4965,5010,55082,-0.007920792079207928
2013-11-28,5010,5070,4980,5020,56340,0.001996007984031989
2013-11-29,5070,5120,4980,5060,73570,0.007968127490039834
2013-12-02,5050,5140,4855,4900,47391,-0.031620553359683834
2013-12-03,4850,4940,4835,4895,65148,-0.0010204081632653184
2013-12-04,4895,4895,4785,4790,39344,-0.021450459652706866
2013-12-05,4880,4900,4805,4900,38096,0.022964509394572064
2013-12-06,4850,4925,4850,4900,35409,0.0
2013-12-09,4900,5020,4870,4890,25310,-0.0020408163265306367
2013-12-10,4860,4960,4755,4800,35861,-0.018404907975460127
2013-12-11,4760,4890,4645,4655,49536,-0.03020833333333328
2013-12-12,4670,4745,4615,4655,22936,0.0
2013-12-13,4625,4745,4595,4610,39838,-0.009667024704618665
2013-12-16,4645,4760,4640,4700,32330,0.01952277657266821
2013-12-17,4690,4740,4575,4575,61366,-0.02659574468085102
2013-12-18,4590,4780,4590,4700,39551,0.02732240437158473
2013-12-19,4745,4775,4670,4720,32124,0.004255319148936065
2013-12-20,4700,4750,4690,4725,15567,0.0010593220338983578
2013-12-23,4700,4790,4675,4745,32061,0.004232804232804144
2013-12-24,4755,4755,4635,4640,36735,-0.02212855637513167
2013-12-26,4640,4755,4640,4735,40170,0.020474137931034475
2013-12-27,4760,4840,4675,4840,32933,0.022175290390707536
2013-12-30,4895,4900,4795,4885,15752,0.009297520661156966
2014-01-02,4930,4930,4795,4800,19702,-0.017400204708290734
2014-01-03,4810,4880,4690,4710,10678,-0.018750000000000044
2014-01-06,4715,4790,4685,4770,22516,0.01273885350318471
2014-01-07,4795,4850,4500,4850,27170,0.016771488469601747
2014-01-08,4840,4915,4790,4800,21216,-0.010309278350515427
2014-01-09,4875,4885,4720,4820,24414,0.004166666666666652
2014-01-10,4845,4845,4735,4800,33563,-0.004149377593360981
2014-01-13,4810,4895,4735,4820,49622,0.004166666666666652
2014-01-14,4820,4820,4765,4780,26284,-0.008298755186721962
2014-01-15,4780,5180,4770,4995,278607,0.044979079497907914
2014-01-16,5040,5040,4905,5000,78131,0.0010010010010010895
2014-01-17,4965,5020,4865,4900,37851,-0.020000000000000018
2014-01-20,4995,4995,4845,4850,35419,-0.010204081632653073
2014-01-21,4860,4970,4855,4955,30922,0.021649484536082397
2014-01-22,4955,4955,4875,4935,30931,-0.004036326942482349
2014-01-23,4950,5100,4890,5040,137880,0.02127659574468077
2014-01-24,5030,5070,4880,4970,101964,-0.01388888888888884
2014-01-27,4800,4800,4650,4650,119489,-0.06438631790744465
2014-01-28,4650,4720,4575,4710,49457,0.012903225806451646
2014-01-29,4700,4790,4685,4750,33538,0.00849256900212314
2014-02-03,4650,4750,4620,4650,36707,-0.021052631578947323
2014-02-04,4600,4600,4450,4475,76106,-0.037634408602150504
2014-02-05,4500,4535,4400,4400,36752,-0.016759776536312887
2014-02-06,4420,4500,4420,4495,30176,0.021590909090908994
2014-02-07,4505,4635,4495,4595,74977,0.022246941045606317
2014-02-10,4650,4650,4530,4585,40265,-0.0021762785636560977
2014-02-11,4585,4625,4500,4580,55578,-0.0010905125408942062
2014-02-12,4600,4775,4580,4600,68322,0.004366812227074135
2014-02-13,4600,4685,4590,4630,28157,0.006521739130434856
2014-02-14,4600,4650,4560,4630,48941,0.0
2014-02-17,4630,4630,4510,4535,41358,-0.02051835853131745
2014-02-18,4550,4555,4480,4485,71808,-0.011025358324145529
2014-02-19,4490,4545,4485,4520,36245,0.0078037904124861335
2014-02-20,4520,4555,4490,4530,31121,0.0022123893805310324
2014-02-21,4545,4600,4540,4590,39454,0.013245033112582849
2014-02-24,4600,4610,4545,4560,40196,-0.006535947712418277
2014-02-25,4600,4660,4535,4610,56181,0.010964912280701844
2014-02-26,4610,4680,4585,4600,47900,-0.002169197396963085
2014-02-27,4620,4660,4460,4505,46021,-0.020652173913043526
2014-02-28,4540,4540,4400,4440,85044,-0.01442841287458374
2014-03-03,4540,4655,4480,4630,126552,0.04279279279279269
2014-03-04,4575,4685,4575,4640,59347,0.002159827213822796
2014-03-05,4640,4715,4595,4690,62789,0.010775862068965525
2014-03-06,4690,4725,4650,4675,30406,-0.0031982942430703876
2014-03-07,4680,4840,4680,4770,105282,0.02032085561497321
2014-03-10,4780,4785,4650,4760,69657,-0.002096436058700246
2014-03-11,4760,4855,4760,4830,45644,0.014705882352941124
2014-03-12,4890,4890,4760,4890,88523,0.012422360248447228
2014-03-13,4875,4995,4850,4955,72092,0.013292433537832382
2014-03-14,4900,4995,4815,4910,66647,-0.00908173562058523
2014-03-17,4890,4920,4760,4795,42266,-0.023421588594704668
2014-03-18,4805,4805,4750,4750,36683,-0.009384775808133461
2014-03-19,4750,4810,4690,4710,35960,-0.008421052631578996
2014-03-20,4710,4755,4675,4745,27208,0.007430997876857859
2014-03-21,4735,4830,4720,4725,30793,-0.004214963119072657
2014-03-24,4725,4795,4705,4795,47724,0.014814814814814836
2014-03-25,4760,5480,4760,5090,659922,0.0615224191866528
2014-03-26,5090,5120,4965,5070,147640,-0.003929273084479323
2014-03-27,5100,5820,5070,5510,1787473,0.08678500986193294
2014-03-28,5390,5400,5140,5230,672032,-0.05081669691470059
2014-03-31,5270,5270,5010,5070,260833,-0.030592734225621365
2014-04-01,5080,5190,5080,5130,195488,0.01183431952662728
2014-04-02,5180,5200,5060,5090,170009,-0.007797270955165692
2014-04-03,5100,5270,5060,5070,259524,-0.003929273084479323
2014-04-04,5090,5240,5060,5220,164782,0.029585798816567976
2014-04-07,5220,5290,5120,5280,141004,0.011494252873563315
2014-04-08,5300,5850,5190,5190,1274645,-0.017045454545454586
2014-04-09,5200,5240,5090,5110,159166,-0.015414258188824692
2014-04-10,5140,5180,5060,5100,74575,-0.00195694716242667
2014-04-11,5050,5070,4965,5030,81593,-0.013725490196078383
2014-04-14,5020,5130,5010,5080,46071,0.00994035785288272
2014-04-15,5090,5160,5050,5150,65797,0.013779527559055094
2014-04-16,5120,5350,5100,5190,99312,0.007766990291262044
2014-04-17,5240,5370,5160,5190,185741,0.0
2014-04-18,5260,5260,5120,5140,73078,-0.009633911368015391
2014-04-21,5160,5270,5110,5200,97087,0.011673151750972721
2014-04-22,5160,5240,5070,5170,80095,-0.005769230769230749
2014-04-23,5180,5250,5120,5160,72770,-0.0019342359767892114
2014-04-24,5160,5190,5010,5010,73250,-0.029069767441860517
2014-04-25,5020,5030,4900,4900,63733,-0.021956087824351322
2014-04-28,4850,4970,4850,4895,31461,-0.0010204081632653184
2014-04-29,4880,4930,4880,4890,16108,-0.0010214504596527396
2014-04-30,4885,5100,4885,4985,100165,0.01942740286298572
2014-05-02,4985,5040,4925,4940,26530,-0.009027081243731194
2014-05-07,4905,4960,4840,4865,34487,-0.015182186234817818
2014-05-08,4845,4930,4760,4845,35609,-0.004110996916752319
2014-05-09,4845,4880,4800,4840,16516,-0.0010319917440660964
2014-05-12,4840,4885,4790,4800,28381,-0.008264462809917328
2014-05-13,4810,4880,4785,4880,38638,0.016666666666666607
2014-05-14,5090,5090,4900,4900,37526,0.004098360655737654
2014-05-15,4975,4975,4815,4900,21986,0.0
2014-05-16,4920,4950,4830,4830,20546,-0.014285714285714235
2014-05-19,4880,4880,4790,4840,29078,0.0020703933747412417
2014-05-20,4795,4865,4675,4785,35091,-0.011363636363636354
2014-05-21,4850,4850,4700,4720,21988,-0.013584117032392928
2014-05-22,4725,4800,4725,4745,26890,0.005296610169491567
2014-05-23,4750,4830,4725,4730,16746,-0.0031612223393044925
2014-05-26,4700,4745,4675,4735,25675,0.0010570824524311906
2014-05-27,4715,4750,4610,4695,40489,-0.008447729672650506
2014-05-28,4740,4765,4605,4635,59806,-0.012779552715655007
2014-05-29,4605,4745,4605,4670,24614,0.007551240560949246
2014-05-30,4700,4735,4650,4670,26161,0.0
2014-06-02,4670,4710,4500,4600,60427,-0.01498929336188437
2014-06-03,4525,4630,4500,4585,15646,-0.003260869565217428
2014-06-05,4600,4670,4460,4460,17823,-0.02726281352235549
2014-06-09,4435,4595,4435,4470,22619,0.0022421524663676085
2014-06-10,4565,4595,4475,4590,17203,0.02684563758389258
2014-06-11,4670,4825,4645,4730,64484,0.030501089324618702
2014-06-12,4765,4765,4675,4740,8792,0.0021141649048626032
2014-06-13,4655,4775,4655,4740,9908,0.0
2014-06-16,4770,4770,4650,4725,12997,-0.0031645569620253333
2014-06-17,4690,4860,4675,4800,33021,0.015873015873015817
2014-06-18,4865,4975,4720,4800,40753,0.0
2014-06-19,4760,4825,4750,4795,14146,-0.0010416666666667185
2014-06-20,4800,4825,4710,4795,5770,0.0
2014-06-23,4795,4800,4655,4750,20675,-0.009384775808133461
2014-06-24,4740,4785,4595,4760,16516,0.002105263157894832
2014-06-25,4760,4760,4665,4730,15661,-0.006302521008403339
2014-06-26,4685,4750,4555,4555,37887,-0.03699788583509511
2014-06-27,4625,4665,4550,4630,39447,0.016465422612513825
2014-06-30,4685,4740,4630,4635,20858,0.001079913606911509
2014-07-01,4635,4720,4615,4665,16842,0.006472491909385036
2014-07-02,4700,4775,4700,4740,16960,0.016077170418006492
2014-07-03,4755,4755,4665,4755,16016,0.0031645569620253333
2014-07-04,4845,5300,4800,4950,650226,0.04100946372239744
2014-07-07,5030,5090,4910,5010,135963,0.0121212121212122
2014-07-08,5280,5690,5010,5040,1214455,0.0059880239520957446
2014-07-09,4965,5050,4875,4900,152115,-0.02777777777777779
2014-07-10,4905,5050,4895,5000,117982,0.020408163265306145
2014-07-11,4940,5040,4875,4930,92666,-0.014000000000000012
2014-07-14,4935,5080,4930,4985,125437,0.011156186612576002
2014-07-15,5030,5030,4860,5020,91065,0.007021063189568633
2014-07-16,4990,5050,4900,4930,80318,-0.017928286852589626
2014-07-17,4935,5140,4935,5140,236727,0.04259634888438124
2014-07-18,5110,5240,5080,5120,169704,-0.0038910505836575737
2014-07-21,5130,5210,5080,5090,86391,-0.005859375
2014-07-22,5050,5230,5050,5140,63240,0.00982318271119853
2014-07-23,5140,5170,5050,5120,58584,-0.0038910505836575737
2014-07-24,5090,5180,4975,5060,72467,-0.01171875
2014-07-25,5030,5180,5030,5100,98420,0.007905138339920903
2014-07-28,5170,5320,5030,5030,232312,-0.013725490196078383
2014-07-29,5040,5060,4875,4875,113628,-0.030815109343936387
2014-07-30,4850,4925,4825,4890,34424,0.003076923076922977
2014-07-31,4890,4940,4750,4760,41216,-0.026584867075664653
2014-08-01,4710,4875,4705,4815,22840,0.011554621848739455
2014-08-04,4815,4870,4765,4810,39792,-0.0010384215991692258
2014-08-05,4810,4860,4720,4755,27788,-0.011434511434511463
2014-08-06,4750,4790,4580,4640,69744,-0.024185068349106165
2014-08-07,4615,4670,4550,4630,55456,-0.0021551724137931494
2014-08-08,4610,4705,4610,4675,27976,0.009719222462202914
2014-08-11,4675,4740,4615,4705,22648,0.0064171122994651775
2014-08-12,4670,4735,4575,4660,43908,-0.009564293304994642
2014-08-13,4660,4660,4590,4600,32301,-0.012875536480686733
2014-08-14,4620,4690,4580,4620,71727,0.004347826086956497
2014-08-18,4650,4770,4620,4700,31031,0.017316017316017396
2014-08-19,4700,4750,4655,4675,35386,-0.005319148936170248
2014-08-20,4675,4775,4675,4745,72997,0.014973262032085488
2014-08-21,4755,4775,4700,4700,37059,-0.009483667017913588
2014-08-22,4685,4770,4675,4750,18923,0.010638297872340496
2014-08-25,4750,4805,4650,4655,33555,-0.020000000000000018
2014-08-26,4675,4725,4600,4600,20924,-0.011815252416756183
2014-08-27,4580,4665,4560,4565,64586,-0.007608695652173925
2014-08-28,4565,4625,4555,4585,42029,0.004381161007666945
2014-08-29,4635,4645,4555,4585,32569,0.0
2014-09-01,4555,4565,4400,4400,90396,-0.040348964013086186
2014-09-02,4365,4385,4270,4340,85468,-0.013636363636363669
2014-09-03,4345,4385,4255,4300,33105,-0.009216589861751112
2014-09-04,4275,4350,4265,4320,32548,0.0046511627906977715
2014-09-05,4280,4335,4255,4285,28223,-0.00810185185185186
2014-09-11,4275,4330,4275,4295,33701,0.002333722287047868
2014-09-12,4295,4345,4280,4345,22632,0.011641443538998875
2014-09-15,4365,4365,4285,4310,28483,-0.008055235903337121
2014-09-16,4280,4360,4265,4350,18169,0.009280742459396807
2014-09-17,4350,4530,4330,4500,72025,0.034482758620689724
2014-09-18,4540,4565,4415,4545,61900,0.010000000000000009
2014-09-19,4545,4575,4480,4570,37252,0.005500550055005604
2014-09-22,4570,4570,4400,4410,42312,-0.035010940919037226
2014-09-23,4385,4515,4385,4430,29436,0.0045351473922903285
2014-09-24,4430,4455,4365,4380,22656,-0.011286681715575675
2014-09-25,4205,4400,4205,4400,57418,0.004566210045662045
2014-09-26,4400,4465,4350,4465,18255,0.014772727272727382
2014-09-29,4495,4495,4330,4395,24107,-0.015677491601343796
2014-09-30,4345,4440,4345,4395,18066,0.0
2014-10-01,4395,4540,4225,4345,114758,-0.011376564277588153
2014-10-02,4345,4345,4210,4295,23147,-0.011507479861910253
2014-10-06,4300,4330,4250,4300,29524,0.0011641443538998875
2014-10-07,4300,4400,4265,4265,22603,-0.008139534883720878
2014-10-08,4220,4265,4170,4265,26303,0.0
2014-10-10,4185,4265,4040,4200,58013,-0.015240328253223967
2014-10-13,4235,4235,3610,3610,137987,-0.14047619047619042
2014-10-14,3610,3785,3600,3740,84729,0.03601108033241007
2014-10-15,3705,3780,3605,3605,58171,-0.03609625668449201
2014-10-16,3595,3595,3400,3455,120967,-0.04160887656033285
2014-10-17,3500,3680,3465,3660,50277,0.05933429811866864
2014-10-20,3700,3960,3630,3820,65619,0.04371584699453557
2014-10-21,3815,3980,3720,3720,54190,-0.02617801047120416
2014-10-22,3725,4180,3725,3920,173893,0.053763440860215006
2014-10-23,3920,4050,3850,4000,42794,0.020408163265306145
2014-10-24,4030,4130,3930,3930,45846,-0.01749999999999996
2014-10-27,3900,3960,3885,3895,13183,-0.008905852417302795
2014-10-28,3895,4085,3870,4075,47857,0.046213093709884356
2014-10-29,4040,4135,4020,4130,21464,0.013496932515337345
2014-10-30,4085,4125,4010,4015,7718,-0.02784503631961255
2014-10-31,4035,4095,3970,4065,19624,0.012453300124533051
2014-11-03,4140,4145,3990,3995,14466,-0.017220172201722006
2014-11-04,3950,4060,3800,3970,20326,-0.006257822277847325
2014-11-05,3970,4000,3880,3880,5135,-0.02267002518891692
2014-11-06,3715,3915,3715,3875,22726,-0.0012886597938144284
2014-11-07,3850,4140,3840,4120,30846,0.06322580645161291
2014-11-10,4115,4150,4000,4125,21541,0.0012135922330096527
2014-11-11,4140,4140,4030,4080,11228,-0.010909090909090868
2014-11-12,4105,4105,4015,4020,13532,-0.014705882352941124
2014-11-13,4020,4065,3995,4000,6466,-0.00497512437810943
2014-11-14,4000,4115,4000,4010,10132,0.0024999999999999467
2014-11-17,4200,4200,4015,4070,39319,0.014962593516209433
2014-11-18,4070,4140,4000,4100,12549,0.0073710073710073765
2014-11-19,4130,4130,3860,3920,29987,-0.04390243902439028
2014-11-20,3995,4195,3950,4030,19206,0.028061224489795977
2014-11-21,4060,4095,3965,4055,7606,0.006203473945409321
2014-11-24,4015,4060,3950,4030,14953,-0.006165228113440224
2014-11-25,4000,4045,3955,4045,11605,0.003722084367245637
2014-11-26,3980,4095,3980,4015,12944,-0.007416563658838027
2014-11-27,4000,4180,4000,4050,16593,0.008717310087173136
2014-11-28,4080,4145,4005,4080,24142,0.007407407407407307
2014-12-01,4025,4090,3900,4020,32625,-0.014705882352941124
2014-12-02,4020,4020,3930,3945,11341,-0.018656716417910446
2014-12-03,3870,3985,3870,3955,6410,0.0025348542458809575
2014-12-04,3955,4000,3900,3960,13496,0.0012642225031604948
2014-12-05,3905,4050,3905,3985,9784,0.0063131313131312705
2014-12-08,3990,4050,3955,4000,13645,0.0037641154328733606
2014-12-09,3980,4030,3945,3960,9886,-0.010000000000000009
2014-12-10,3960,4030,3945,4000,8656,0.010101010101010166
2014-12-11,4000,4020,3900,3910,14517,-0.022499999999999964
2014-12-12,3910,3995,3890,3995,15040,0.021739130434782705
2014-12-15,4030,4030,3950,3970,4276,-0.006257822277847325
2014-12-16,4010,4350,3920,4030,53212,0.015113350125944613
2014-12-17,4070,4250,4040,4175,68088,0.03598014888337464
2014-12-18,4115,4300,3990,4075,44660,-0.0239520958083832
2014-12-19,4075,4195,4030,4130,19498,0.013496932515337345
2014-12-22,4100,4280,4100,4190,39856,0.014527845036319542
2014-12-23,4225,4225,4080,4080,16379,-0.026252983293556076
2014-12-24,4085,4085,3950,3970,27672,-0.026960784313725505
2014-12-26,3970,4035,3940,3970,13371,0.0
2014-12-29,3970,4020,3930,3990,12028,0.005037783375314797
2014-12-30,3910,3985,3905,3915,15930,-0.018796992481203034
2015-01-02,3955,3955,3840,3855,22342,-0.01532567049808431
2015-01-05,3855,3855,3760,3770,34560,-0.022049286640726362
2015-01-06,3770,3895,3755,3775,17355,0.0013262599469496816
2015-01-07,3790,3810,3720,3775,15440,0.0
2015-01-08,3755,3900,3720,3895,25769,0.03178807947019857
2015-01-09,3895,3975,3805,3920,23245,0.006418485237484006
2015-01-12,3880,4000,3880,4000,24225,0.020408163265306145
2015-01-13,4035,4095,3950,4045,25927,0.011249999999999982
2015-01-14,4085,4085,3980,3980,9536,-0.01606922126081578
2015-01-15,3935,4545,3930,4120,160562,0.035175879396984966
2015-01-16,4140,4220,4075,4100,32092,-0.004854368932038833
2015-01-19,4145,4240,4070,4165,38587,0.01585365853658538
2015-01-20,4235,4245,4170,4200,7430,0.008403361344537785
2015-01-21,4165,4250,4115,4180,23968,-0.004761904761904745
2015-01-22,4180,4265,4060,4170,9057,-0.0023923444976076125
2015-01-23,4215,4230,4120,4140,13585,-0.007194244604316502
2015-01-26,4110,4220,4050,4060,12222,-0.019323671497584516
2015-01-27,4060,4220,4025,4150,26778,0.022167487684729092
2015-01-28,4150,4230,4125,4180,13883,0.0072289156626506035
2015-01-29,4155,4215,4100,4180,9979,0.0
2015-01-30,4230,4235,4045,4090,34187,-0.021531100478468845
2015-02-02,4090,4125,4025,4040,13764,-0.012224938875305624
2015-02-03,4040,4095,4020,4060,20054,0.004950495049504955
2015-02-04,4050,4190,4040,4190,29734,0.03201970443349755
2015-02-05,4245,4310,4100,4145,62770,-0.010739856801909253
2015-02-06,4145,4240,4120,4180,28339,0.008443908323281013
2015-02-09,4190,4345,4175,4180,55310,0.0
2015-02-10,4165,4265,4165,4210,25877,0.0071770334928229484
2015-02-11,4210,4335,4180,4295,35067,0.020190023752969077
2015-02-12,4490,4710,4365,4575,335098,0.06519208381839348
2015-02-13,4585,4665,4475,4475,81519,-0.021857923497267784
2015-02-16,4425,4605,4425,4540,45783,0.01452513966480451
2015-02-17,4480,4545,4375,4400,45576,-0.03083700440528636
2015-02-23,4400,4550,4400,4540,39775,0.031818181818181746
2015-02-24,4540,4900,4520,4600,198646,0.013215859030837107
2015-02-25,4630,4720,4520,4520,79822,-0.017391304347826098
2015-02-26,4505,4665,4485,4650,70558,0.028761061946902755
2015-02-27,4650,4690,4585,4625,25943,-0.005376344086021501
2015-03-02,4645,4645,4470,4485,64698,-0.030270270270270294
2015-03-03,4490,4590,4440,4485,29622,0.0
2015-03-04,4500,4500,4440,4440,11517,-0.010033444816053505
2015-03-05,4415,4460,4410,4420,22627,-0.0045045045045044585
2015-03-06,4420,4670,4285,4650,92233,0.05203619909502266
2015-03-09,4705,4705,4560,4615,40148,-0.007526881720430145
2015-03-10,4660,4670,4500,4610,36729,-0.0010834236186348933
2015-03-11,4615,5250,4570,5030,852083,0.09110629067245113
2015-03-12,5030,5210,4920,5080,194851,0.00994035785288272
2015-03-13,5080,5100,4950,5010,96568,-0.013779527559055094
2015-03-16,5070,5390,4965,4965,295814,-0.008982035928143728
2015-03-17,4950,5050,4870,4920,77212,-0.009063444108761365
2015-03-18,4920,4955,4720,4815,80972,-0.021341463414634165
2015-03-19,4805,4835,4700,4800,86623,-0.0031152647975077885
2015-03-20,4940,5290,4850,4950,339838,0.03125
2015-03-23,4950,5090,4820,5020,86831,0.014141414141414232
2015-03-24,5010,5260,4990,5220,127759,0.03984063745019917
2015-03-25,5240,5300,4990,5060,120265,-0.03065134099616862
2015-03-26,5000,5070,4930,5060,46226,0.0
2015-03-27,5040,5110,4930,4950,51665,-0.021739130434782594
2015-03-30,4920,5040,4880,4955,31166,0.0010101010101009056
2015-03-31,4930,5050,4880,5050,45295,0.019172552976791213
2015-04-01,5010,5100,4950,5090,35272,0.007920792079207928
2015-04-02,5080,5090,4950,5000,59074,-0.017681728880157177
2015-04-03,4935,5040,4935,5000,32246,0.0
2015-04-06,4960,5190,4940,5040,131315,0.008000000000000007
2015-04-07,5100,5230,5050,5140,86330,0.01984126984126977
2015-04-08,5230,5230,5140,5190,78679,0.009727626459143934
2015-04-09,5210,5210,5050,5080,46587,-0.021194605009633882
2015-04-10,5070,5140,4980,4980,79762,-0.019685039370078705
2015-04-13,5050,5080,4965,4980,56896,0.0
2015-04-14,4955,5070,4800,4800,141699,-0.03614457831325302
2015-04-15,4805,4975,4805,4975,49473,0.03645833333333326
2015-04-16,5030,5050,4920,4990,41166,0.0030150753768845018
2015-04-17,4965,5280,4950,5200,155163,0.04208416833667328
2015-04-20,5190,5510,5180,5360,267235,0.03076923076923066
2015-04-21,5400,5450,5210,5360,83092,0.0
2015-04-22,5390,5390,4810,5130,153660,-0.042910447761194015
2015-04-23,5090,5230,4955,5010,117373,-0.023391812865497075
2015-04-24,5050,5130,4920,5060,63461,0.009980039920159722
2015-04-27,5030,5140,5030,5100,52182,0.007905138339920903
2015-04-28,5080,5150,4955,5040,109728,-0.0117647058823529
2015-04-29,4970,5090,4910,5020,52485,-0.003968253968253954
2015-04-30,4980,5020,4900,5000,39424,-0.003984063745019917
2015-05-04,4965,5030,4850,5020,52534,0.0040000000000000036
2015-05-06,5040,5040,4860,4900,48990,-0.0239043824701195
2015-05-07,4835,4905,4630,4895,76767,-0.0010204081632653184
2015-05-08,4880,5050,4880,4965,26505,0.01430030643513791
2015-05-11,5000,5060,4845,4890,45358,-0.015105740181268867
2015-05-12,4920,5620,4870,5620,946256,0.1492842535787322
2015-05-13,5970,6460,5920,6460,1419658,0.14946619217081847
2015-05-14,6700,7060,6420,6550,1673786,0.01393188854489158
2015-05-15,6550,7450,6480,6880,1644089,0.05038167938931304
2015-05-18,6910,7910,6910,7910,1350444,0.14970930232558133
2015-05-19,8290,8480,7610,7700,821505,-0.026548672566371723
2015-05-20,7700,8350,7490,7900,599998,0.025974025974025983
2015-05-21,8040,8050,7640,7760,280879,-0.017721518987341756
2015-05-22,7950,8730,7800,8140,738623,0.0489690721649485
2015-05-26,8140,8370,7950,8020,186210,-0.014742014742014753
2015-05-27,8020,8040,7560,7620,355104,-0.04987531172069826
2015-05-28,7930,8760,7900,8760,575535,0.14960629921259838
2015-05-29,9250,9990,9050,9330,851918,0.06506849315068486
2015-06-01,9420,10450,9140,10150,804125,0.08788853161843524
2015-06-02,9910,9970,9460,9590,496489,-0.05517241379310345
2015-06-03,9650,10300,9600,10100,422583,0.05318039624608972
2015-06-04,10600,11600,10100,11100,1041473,0.0990099009900991
2015-06-05,11100,11350,10550,11250,494337,0.013513513513513598
2015-06-08,11800,12600,11600,11850,846247,0.05333333333333323
2015-06-09,12150,12450,11400,12200,402671,0.029535864978903037
2015-06-10,12850,13050,10550,11100,1607658,-0.0901639344262295
2015-06-11,11250,11300,10500,10950,545637,-0.013513513513513487
2015-06-12,11100,11100,10000,10300,714043,-0.05936073059360736
2015-06-15,10000,10250,9740,10200,403325,-0.009708737864077666
2015-06-16,10200,10500,9850,10250,581447,0.004901960784313708
2015-06-17,10250,10350,9820,10000,348444,-0.024390243902439046
2015-06-18,10200,10600,10100,10350,395967,0.03499999999999992
2015-06-19,10700,11000,10250,10300,433443,-0.004830917874396157
2015-06-22,10350,11000,10000,10900,583170,0.058252427184465994
2015-06-23,11000,11300,10350,10400,382371,-0.04587155963302747
2015-06-24,10300,10450,9940,10050,324304,-0.033653846153846145
2015-06-25,10050,10150,9550,9810,340790,-0.023880597014925398
2015-06-26,9810,9810,9300,9310,496554,-0.050968399592252855
2015-06-29,9220,9420,8950,9310,252567,0.0
2015-06-30,9310,9350,8830,9150,238263,-0.017185821697099923
2015-07-01,9260,9580,9140,9360,252786,0.022950819672131084
2015-07-02,9360,9360,8930,8980,318492,-0.040598290598290565
2015-07-03,8930,9200,8740,9150,220979,0.018930957683741756
2015-07-06,9150,9150,8700,8700,175666,-0.049180327868852514
2015-07-07,8690,9050,8560,8700,210664,0.0
2015-07-08,8720,9090,8660,9080,202807,0.04367816091954024
2015-07-09,9000,9070,8490,8520,225628,-0.06167400881057272
2015-07-10,8470,8780,8420,8680,145640,0.018779342723004744
2015-07-13,8610,9000,8460,8950,190421,0.031105990783410142
2015-07-14,9070,9090,8800,8980,142630,0.003351955307262511
2015-07-15,9080,9200,8800,8850,156303,-0.014476614699331813
2015-07-16,8990,10400,8800,10200,836179,0.15254237288135597
2015-07-17,10400,10400,9620,9980,387239,-0.021568627450980427
2015-07-20,10200,10200,9690,9780,244533,-0.02004008016032066
2015-07-21,9830,11150,9730,10650,1487337,0.08895705521472386
2015-07-22,10450,10850,10300,10500,326189,-0.014084507042253502
2015-07-23,10600,11000,10200,10450,374021,-0.004761904761904745
2015-07-24,10400,10650,9840,10050,367168,-0.038277511961722466
2015-07-27,10100,10200,9620,9630,193285,-0.04179104477611939
2015-07-28,9270,9630,9010,9500,172947,-0.01349948078920038
2015-07-29,9640,10000,9340,9470,176780,-0.0031578947368421373
2015-07-30,9500,9780,8600,9090,181795,-0.040126715945089764
2015-07-31,9000,9200,8700,9100,178410,0.0011001100110010764
2015-08-03,9100,9210,8860,9000,84075,-0.01098901098901095
2015-08-04,8900,9230,8780,9100,121620,0.011111111111111072
2015-08-05,9030,9430,9030,9300,104426,0.0219780219780219
2015-08-06,9310,9880,8850,9880,223253,0.06236559139784936
2015-08-07,9990,10400,9900,10150,288942,0.027327935222672073
2015-08-10,10300,10400,10000,10250,172957,0.009852216748768461
2015-08-11,10500,12750,10150,10900,1935163,0.06341463414634152
2015-08-12,11050,11450,9950,10700,688644,-0.01834862385321101
2015-08-13,10950,11050,9980,10150,618773,-0.051401869158878455
2015-08-17,10100,10150,9580,9580,291479,-0.05615763546798025
2015-08-18,9450,9740,8960,8990,309138,-0.061586638830897655
2015-08-19,8960,8980,8450,8760,269635,-0.025583982202447175
2015-08-20,8610,9510,8530,9100,493708,0.038812785388127935
2015-08-21,8500,8880,8380,8430,267280,-0.07362637362637359
2015-08-24,8080,8620,7850,7980,313204,-0.053380782918149516
2015-08-25,8130,8970,8100,8830,403736,0.10651629072681712
2015-08-26,9100,10600,9050,10300,1449176,0.16647791619479047
2015-08-27,10500,11900,10150,11150,1775539,0.08252427184466016
2015-08-28,11350,11900,11150,11850,1009606,0.06278026905829592
2015-08-31,11600,12200,11300,11800,785376,-0.00421940928270037
2015-09-01,12000,12500,11650,11700,760375,-0.008474576271186418
2015-09-02,11300,11500,10600,11200,974293,-0.042735042735042694
2015-09-03,11300,11950,11250,11500,548902,0.02678571428571419
2015-09-04,11500,11600,10500,10750,410314,-0.06521739130434778
2015-09-07,10750,13950,10500,13850,3479975,0.28837209302325584
2015-09-08,13600,13900,12500,13150,1564492,-0.05054151624548742
2015-09-09,13350,13450,12300,13000,1175134,-0.011406844106463865
2015-09-10,12700,14200,12450,12850,2129821,-0.011538461538461497
2015-09-11,13150,13850,12950,13350,957138,0.03891050583657596
2015-09-14,13400,13650,12850,13050,468123,-0.022471910112359605
2015-09-15,13000,13650,12750,13400,496043,0.026819923371647514
2015-09-16,13550,13800,13300,13500,539428,0.00746268656716409
2015-09-17,13650,13650,12900,12900,355678,-0.0444444444444444
2015-09-18,12900,13400,12700,13350,328304,0.03488372093023262
2015-09-21,13250,14900,13100,13800,1608368,0.03370786516853941
2015-09-22,13850,13950,13450,13950,368424,0.010869565217391353
2015-09-23,13750,14650,13350,13350,1073254,-0.043010752688172005
2015-09-24,13350,14250,13300,13500,488764,0.011235955056179803
2015-09-25,13550,13750,13100,13400,185563,-0.007407407407407418
2015-09-30,13050,13400,12500,13250,218973,-0.011194029850746245
2015-10-01,13400,13500,12600,12800,323176,-0.03396226415094339
2015-10-02,12850,13100,12450,12900,231763,0.0078125
2015-10-05,13100,13100,12600,12650,182622,-0.019379844961240345
2015-10-06,12650,12900,12150,12350,239800,-0.02371541501976282
2015-10-07,12250,12950,12100,12550,317027,0.0161943319838056
2015-10-08,12700,12900,12300,12400,209176,-0.01195219123505975
2015-10-12,12350,12800,12300,12300,106493,-0.008064516129032251
2015-10-13,12350,12500,12100,12300,96702,0.0
2015-10-14,12100,12300,11850,11950,150852,-0.028455284552845517
2015-10-15,11800,12600,11800,12200,220561,0.02092050209205021
2015-10-16,12450,12750,12200,12300,164708,0.008196721311475308
2015-10-19,12350,12450,12000,12000,105214,-0.024390243902439046
2015-10-20,11950,12400,11850,12350,147854,0.029166666666666563
2015-10-21,12100,12650,12100,12600,143763,0.020242914979757165
2015-10-22,12600,12650,12100,12200,134733,-0.031746031746031744
2015-10-23,12400,12400,12050,12150,100352,-0.004098360655737654
2015-10-26,12100,12550,11850,12550,166693,0.03292181069958855
2015-10-27,12550,12850,12300,12800,177704,0.019920318725099584
2015-10-28,12850,12950,12400,12750,152114,-0.00390625
2015-10-29,12800,13400,12600,13000,289276,0.019607843137254832
2015-10-30,12900,13000,12500,12750,127999,-0.019230769230769273
2015-11-02,13850,14650,13400,13850,1356759,0.08627450980392148
2015-11-03,13850,14200,13300,13450,419705,-0.028880866425992746
2015-11-04,13550,13700,13300,13350,208410,-0.0074349442379182396
2015-11-05,13300,13550,13050,13300,157869,-0.0037453183520599342
2015-11-06,13150,13200,12750,12750,225891,-0.041353383458646586
2015-11-09,12900,13200,12450,12450,216685,-0.02352941176470591
2015-11-10,12250,13450,11850,12000,427707,-0.03614457831325302
2015-11-11,12250,13000,12150,12500,190758,0.04166666666666674
2015-11-12,12700,13000,12250,12400,100593,-0.008000000000000007
2015-11-13,12150,12250,11600,11750,266704,-0.05241935483870963
2015-11-16,11450,11600,11050,11200,149408,-0.04680851063829783
2015-11-17,11500,11700,11200,11350,115043,0.013392857142857206
2015-11-18,11300,11950,11300,11600,139639,0.022026431718061623
2015-11-19,11800,11800,11300,11650,146954,0.004310344827586299
2015-11-20,11650,11700,11450,11700,52279,0.0042918454935623185
2015-11-23,11700,11750,11450,11700,85534,0.0
2015-11-24,11700,11700,11300,11400,88414,-0.02564102564102566
2015-11-25,11600,11650,11300,11400,117998,0.0
2015-11-26,11350,12850,11350,12100,460376,0.06140350877192979
2015-11-27,12100,12150,11700,11800,82537,-0.024793388429752095
2015-11-30,11750,11900,11500,11650,49825,-0.012711864406779627
2015-12-01,11600,12000,11600,11650,70485,0.0
2015-12-02,11600,12250,11600,12150,168735,0.0429184549356223
2015-12-03,12150,12150,11800,11850,73113,-0.024691358024691357
2015-12-04,11550,11850,11550,11750,27323,-0.008438818565400852
2015-12-07,11750,11900,11500,11600,58178,-0.012765957446808529
2015-12-08,11500,11600,11200,11350,83691,-0.02155172413793105
2015-12-09,11150,11400,10700,10700,148570,-0.05726872246696035
2015-12-10,10750,11000,10400,10550,88639,-0.014018691588784993
2015-12-11,10600,10900,10450,10900,102157,0.033175355450236976
2015-12-14,10650,10650,9980,10150,146792,-0.06880733944954132
2015-12-15,10250,10500,10100,10300,78770,0.014778325123152802
2015-12-16,10600,10800,10200,10350,88029,0.004854368932038833
2015-12-17,10400,11000,10350,10950,95422,0.05797101449275366
2015-12-18,10750,11150,10650,10950,70881,0.0
2015-12-21,10900,11100,10800,10950,72423,0.0
2015-12-22,11050,11050,10700,10850,51836,-0.0091324200913242
2015-12-23,11000,11050,10600,10750,70882,-0.009216589861751112
2015-12-24,10800,11050,10650,10800,53654,0.0046511627906977715
2015-12-28,10950,11000,10550,10700,71444,-0.0092592592592593
2015-12-29,10800,11300,10750,11100,109206,0.03738317757009346
2015-12-30,11150,11600,10950,11500,98855,0.03603603603603611
2016-01-04,11600,11900,11300,11350,110870,-0.013043478260869601
2016-01-05,11350,11550,11050,11550,96445,0.017621145374449254
2016-01-06,11550,12300,11550,12300,367573,0.06493506493506485
2016-01-07,12300,12350,11750,11800,196459,-0.04065040650406504
2016-01-08,11500,11550,11150,11300,275614,-0.0423728813559322
2016-01-11,11250,11500,11100,11100,71871,-0.017699115044247815
2016-01-12,11150,11650,11150,11500,118731,0.03603603603603611
2016-01-13,11600,11650,11400,11450,83640,-0.004347826086956497
2016-01-14,11250,11300,11000,11100,79969,-0.03056768558951961
2016-01-15,11200,11400,10850,10850,101995,-0.022522522522522515
2016-01-18,10700,10800,10450,10650,112612,-0.018433179723502335
2016-01-19,10550,10650,10300,10550,95349,-0.009389671361502372
2016-01-20,10700,10700,10000,10200,148064,-0.033175355450236976
2016-01-21,10100,10250,9970,10050,120931,-0.014705882352941124
2016-01-22,10100,10500,10050,10250,83399,0.01990049751243772
2016-01-25,10300,10600,10250,10400,97815,0.014634146341463428
2016-01-26,10350,10400,10050,10200,50091,-0.019230769230769273
2016-01-27,10300,10400,10150,10250,52799,0.004901960784313708
2016-01-28,10250,11000,10250,10750,159754,0.04878048780487809
2016-01-29,10800,10800,10450,10650,48686,-0.009302325581395321
2016-02-01,10700,10750,10400,10550,74752,-0.009389671361502372
2016-02-02,10600,10600,10200,10400,74665,-0.014218009478673022
2016-02-03,10250,10400,9960,10100,207796,-0.028846153846153855
2016-02-04,10200,10350,10000,10150,65386,0.004950495049504955
2016-02-05,10200,10400,10150,10400,37800,0.024630541871921263
2016-02-11,10000,10100,9700,9840,178729,-0.05384615384615388
2016-02-12,9700,9790,9010,9010,147977,-0.08434959349593496
2016-02-15,9000,9380,9000,9340,102172,0.03662597114317423
2016-02-16,9450,9620,9420,9510,67789,0.01820128479657379
2016-02-17,9750,10100,9540,9650,124555,0.014721345951629772
2016-02-18,9750,10150,9750,10000,98070,0.03626943005181338
2016-02-19,10050,10200,9900,10150,42224,0.014999999999999902
2016-02-22,10300,10750,10150,10650,189371,0.049261083743842304
2016-02-23,10700,10750,10450,10600,103210,-0.0046948356807511304
2016-02-24,10700,11450,10500,11100,200853,0.04716981132075482
2016-02-25,11250,11650,10850,11100,586830,0.0
2016-02-26,11100,11550,10950,11400,244454,0.027027027027026973
2016-02-29,11800,11800,11250,11450,172588,0.004385964912280604
2016-03-02,11500,11650,11000,11100,150772,-0.03056768558951961
2016-03-03,11200,11450,11050,11400,83449,0.027027027027026973
2016-03-04,11350,11400,11050,11300,71044,-0.00877192982456143
2016-03-07,11500,11900,11100,11200,230712,-0.008849557522123908
2016-03-08,11250,11300,10750,11200,134099,0.0
2016-03-09,11150,11250,10900,10900,131728,-0.0267857142857143
2016-03-10,11900,12450,11250,11250,1732703,0.032110091743119185
2016-03-11,11550,11600,10950,11200,397723,-0.004444444444444473
2016-03-14,11200,11250,10700,10700,268619,-0.044642857142857095
2016-03-15,10800,11400,10800,11000,303352,0.028037383177569986
2016-03-16,11200,11400,11000,11350,156881,0.031818181818181746
2016-03-17,11400,11550,11300,11350,100684,0.0
2016-03-18,11500,11850,11400,11550,190825,0.017621145374449254
2016-03-21,11550,11600,11300,11400,135796,-0.012987012987012991
2016-03-22,11400,11450,11150,11200,75271,-0.01754385964912286
2016-03-23,11250,11950,11200,11850,391351,0.05803571428571419
2016-03-24,11750,11900,11550,11600,193619,-0.021097046413502074
2016-03-25,11600,11800,11450,11500,118363,-0.008620689655172376
2016-03-28,11400,12000,11300,11950,395532,0.03913043478260869
2016-03-29,11950,12200,11750,11950,209243,0.0
2016-03-30,12100,12800,12000,12500,811181,0.046025104602510414
2016-03-31,12500,12550,12300,12500,126244,0.0
2016-04-01,12550,12750,12000,12200,192041,-0.02400000000000002
2016-04-04,12100,12450,12100,12400,135615,0.016393442622950838
2016-04-05,12400,12600,12100,12300,111437,-0.008064516129032251
2016-04-06,12500,12900,12200,12200,328839,-0.008130081300813052
2016-04-07,12250,12350,11750,11900,177460,-0.024590163934426257
2016-04-08,11800,12150,11800,12100,126797,0.01680672268907557
2016-04-11,12150,12200,11850,11850,76078,-0.02066115702479343
2016-04-12,11950,11950,11650,11650,115569,-0.016877637130801704
2016-04-14,11650,11950,11500,11650,97877,0.0
2016-04-15,11750,11800,11400,11600,76836,-0.0042918454935622075
2016-04-18,11650,11650,11300,11500,78785,-0.008620689655172376
2016-04-19,11500,11800,11350,11800,111293,0.026086956521739202
2016-04-20,11900,11900,11700,11800,64979,0.0
2016-04-21,11850,11900,11550,11650,81947,-0.012711864406779627
2016-04-22,11600,11700,11500,11600,37144,-0.0042918454935622075
2016-04-25,11650,11750,11500,11500,66006,-0.008620689655172376
2016-04-26,11500,11650,11350,11500,68948,0.0
2016-04-27,11400,11600,11350,11500,52589,0.0
2016-04-28,11600,11600,11250,11250,91992,-0.021739130434782594
2016-04-29,11200,11500,11100,11400,56849,0.01333333333333342
2016-05-02,11350,11550,11000,11000,62693,-0.03508771929824561
2016-05-03,11100,11150,10750,10950,77831,-0.004545454545454519
2016-05-04,10900,10950,10550,10700,85870,-0.022831050228310557
2016-05-09,10800,11050,10600,11050,65067,0.032710280373831724
2016-05-10,11000,11400,11000,11400,68077,0.03167420814479649
2016-05-11,11600,11600,11050,11300,63599,-0.00877192982456143
2016-05-12,11250,11650,11150,11500,108227,0.017699115044247815
2016-05-13,11400,11650,11300,11600,75173,0.008695652173912993
2016-05-16,11600,11650,11400,11600,71537,0.0
2016-05-17,11350,11350,10700,10950,195754,-0.05603448275862066
2016-05-18,10900,11100,10400,10750,156720,-0.0182648401826484
2016-05-19,10650,10750,10400,10650,68352,-0.009302325581395321
2016-05-20,10650,10700,10400,10600,69293,-0.0046948356807511304
2016-05-23,10500,10650,10300,10350,96502,-0.02358490566037741
2016-05-24,10350,10500,10050,10050,100998,-0.02898550724637683
2016-05-25,10300,10300,10000,10000,86121,-0.00497512437810943
2016-05-26,10150,10200,9960,10050,77589,0.004999999999999893
2016-05-27,10050,10200,9940,10200,67679,0.014925373134328401
2016-05-30,10100,10250,10000,10200,53055,0.0
2016-05-31,10200,10300,10050,10200,76059,0.0
2016-06-01,10250,10250,9970,9970,105171,-0.022549019607843168
2016-06-02,9990,10150,9900,9990,79308,0.0020060180541625616
2016-06-03,10000,10100,9650,9760,163382,-0.02302302302302306
2016-06-07,9850,9850,9650,9690,68863,-0.0071721311475410054
2016-06-08,9690,9790,9600,9660,96996,-0.003095975232198178
2016-06-09,9610,9680,9430,9470,76176,-0.019668737060041352
2016-06-10,9410,9600,9400,9590,77805,0.012671594508975703
2016-06-13,9560,9570,9410,9500,59096,-0.009384775808133461
2016-06-14,9540,9540,9240,9300,53825,-0.021052631578947323
2016-06-15,9300,9440,9130,9300,33484,0.0
2016-06-16,9300,9380,9010,9050,65018,-0.026881720430107503
2016-06-17,9050,9450,9010,9130,61998,0.008839779005524795
2016-06-20,9200,9950,9150,9500,204957,0.04052573932091996
2016-06-21,9500,9620,9450,9470,37873,-0.0031578947368421373
2016-06-22,9550,9930,9440,9510,41292,0.004223864836325308
2016-06-23,9470,9500,9250,9250,46149,-0.02733964248159837
2016-06-24,9380,9530,8640,8710,155682,-0.05837837837837834
2016-06-27,8210,8850,8210,8750,68116,0.004592422502870175
2016-06-28,8600,9130,8600,9100,59581,0.040000000000000036
2016-06-29,9200,9300,9110,9250,36813,0.016483516483516425
2016-06-30,9360,9370,9200,9260,36979,0.00108108108108107
2016-07-01,9400,9500,9310,9380,55066,0.012958963282937441
2016-07-04,9390,9550,9310,9500,28120,0.01279317697228155
2016-07-05,9490,9580,9390,9560,16096,0.006315789473684275
2016-07-06,9560,9560,9280,9300,31151,-0.027196652719665315
2016-07-07,9300,9670,9300,9600,54102,0.032258064516129004
2016-07-08,9700,9890,9550,9790,107770,0.019791666666666652
2016-07-11,9750,9960,9740,9810,53477,0.0020429009193054792
2016-07-12,9760,9930,9640,9710,41165,-0.010193679918450549
2016-07-13,9810,9900,9700,9720,52995,0.001029866117404632
2016-07-14,9780,9970,9740,9910,78944,0.019547325102880597
2016-07-15,9910,10150,9910,9930,100089,0.0020181634712410634
2016-07-18,9980,10000,9830,10000,37613,0.007049345417925457
2016-07-19,10100,10150,9870,9870,43714,-0.013000000000000012
2016-07-20,9870,9990,9840,9840,32545,-0.003039513677811523
2016-07-21,9850,10100,9830,9890,45275,0.005081300813008172
2016-07-22,9890,9970,9810,9890,37415,0.0
2016-07-25,9900,9960,9800,9800,29332,-0.009100101112234582
2016-07-26,9800,9900,9750,9790,35153,-0.0010204081632653184
2016-07-27,9850,9870,9670,9750,70700,-0.0040858018386108474
2016-07-28,9770,9880,9660,9660,76254,-0.009230769230769265
2016-07-29,9650,9730,9400,9400,92748,-0.026915113871635588
2016-08-01,9670,10250,9550,10100,251311,0.07446808510638303
2016-08-02,10200,10700,10100,10550,325939,0.044554455445544594
2016-08-03,10550,10550,10100,10300,150920,-0.023696682464455
2016-08-04,10350,11100,10200,11000,327628,0.06796116504854366
2016-08-05,11100,11250,10700,11200,263427,0.018181818181818077
2016-08-08,11100,11150,10650,10800,103530,-0.0357142857142857
2016-08-09,10800,10850,10350,10500,140054,-0.02777777777777779
2016-08-10,10600,10600,10150,10300,118243,-0.01904761904761909
2016-08-11,10300,10400,10050,10200,106128,-0.009708737864077666
2016-08-12,10200,10350,9900,10200,135628,0.0
2016-08-16,10200,10850,10050,10250,314189,0.004901960784313708
2016-08-17,9950,9970,9500,9500,339795,-0.07317073170731703
2016-08-18,9600,9720,9430,9570,83909,0.007368421052631469
2016-08-19,9530,9710,9500,9620,52721,0.0052246603970742544
2016-08-22,9630,9880,9490,9500,82570,-0.012474012474012475
2016-08-23,9570,9980,9510,9900,134762,0.042105263157894646
2016-08-24,10850,12000,10300,10400,2229790,0.05050505050505061
2016-08-25,10350,10700,10050,10200,328346,-0.019230769230769273
2016-08-26,10200,10400,9860,10100,229798,-0.009803921568627416
2016-08-29,10100,10150,9750,9790,170664,-0.03069306930693072
2016-08-30,9810,10100,9790,9810,87126,0.0020429009193054792
2016-08-31,9900,9920,9630,9700,89716,-0.011213047910295648
2016-09-01,9770,9930,9650,9700,71735,0.0
2016-09-02,9720,9950,9720,9900,65355,0.020618556701030855
2016-09-05,9950,10400,9940,10350,171136,0.045454545454545414
2016-09-06,10400,10700,10100,10400,178585,0.004830917874396157
2016-09-07,10400,10550,10300,10400,100539,0.0
2016-09-08,10400,10450,9960,9960,104681,-0.04230769230769227
2016-09-09,9910,10000,9760,10000,63129,0.004016064257028162
2016-09-12,9610,9910,9480,9500,190345,-0.050000000000000044
2016-09-13,9720,9740,9600,9690,54831,0.020000000000000018
2016-09-19,9690,9850,9500,9690,43238,0.0
2016-09-20,9780,9890,9610,9820,63361,0.013415892672858698
2016-09-21,9920,10250,9750,10100,130120,0.02851323828920571
2016-09-22,10250,10350,10050,10200,123846,0.00990099009900991
2016-09-23,10200,10600,10050,10250,130018,0.004901960784313708
2016-09-26,10150,10400,10150,10250,51230,0.0
2016-09-27,10050,10350,10050,10350,52418,0.009756097560975618
2016-09-28,10250,10550,10150,10150,104709,-0.019323671497584516
2016-09-29,10250,10350,10100,10100,47989,-0.0049261083743842304
2016-09-30,10050,10250,9890,9950,75299,-0.014851485148514865
2016-10-04,10050,10500,10050,10500,146526,0.055276381909547645
2016-10-05,10550,10550,10350,10350,57246,-0.014285714285714235
2016-10-06,10350,10850,10300,10850,197485,0.048309178743961345
2016-10-07,10800,10900,10500,10650,130960,-0.018433179723502335
2016-10-10,10650,10750,10150,10250,113936,-0.03755868544600938
2016-10-11,10550,10550,10250,10300,80808,0.004878048780487809
2016-10-12,10200,10400,10050,10350,90489,0.004854368932038833
2016-10-13,10400,10800,10350,10500,160096,0.01449275362318847
2016-10-14,10450,13400,10450,12050,4255496,0.14761904761904754
2016-10-17,12700,13250,12050,12350,1675000,0.024896265560165887
2016-10-18,12100,13900,12100,13250,2233318,0.07287449392712553
2016-10-19,13350,13450,12900,13050,714540,-0.015094339622641506
2016-10-20,13050,13100,12000,12450,1099379,-0.04597701149425293
2016-10-21,12500,13300,12400,12650,750399,0.016064257028112428
2016-10-24,12600,14100,12400,13900,1338991,0.09881422924901195
2016-10-25,13900,13950,13200,13500,648671,-0.02877697841726623
2016-10-26,13500,14250,13100,13800,918668,0.022222222222222143
2016-10-27,13500,14350,13500,13950,647564,0.010869565217391353
2016-10-28,13800,13900,13200,13700,491165,-0.017921146953404965
2016-10-31,13500,13650,12800,13150,394576,-0.04014598540145986
2016-11-01,12950,13350,12750,13000,316719,-0.011406844106463865
2016-11-02,12850,13100,12250,12350,292444,-0.050000000000000044
2016-11-03,12350,12900,12300,12500,236408,0.012145748987854255
2016-11-04,12450,13150,12350,12650,417146,0.01200000000000001
2016-11-07,12750,13100,12550,13100,243603,0.035573122529644285
2016-11-08,13100,13300,12850,12900,160440,-0.01526717557251911
2016-11-09,13050,13250,11350,12150,547620,-0.05813953488372092
2016-11-10,12600,12650,12200,12400,202848,0.020576131687242816
2016-11-11,12250,12600,12100,12150,128195,-0.020161290322580627
2016-11-14,12100,12350,11800,12000,175616,-0.012345679012345734
2016-11-15,12100,12100,11550,11950,341412,-0.004166666666666652
2016-11-16,12150,12900,11950,12000,496271,0.004184100418409997
2016-11-17,12100,12200,11550,11550,221683,-0.03749999999999998
2016-11-18,11600,11900,11500,11650,148622,0.008658008658008587
2016-11-21,11650,11800,11250,11250,138890,-0.03433476394849788
2016-11-22,11350,12250,11200,12000,510156,0.06666666666666665
2016-11-23,12100,12150,11350,11450,279683,-0.04583333333333328
2016-11-24,11500,11700,11200,11450,166590,0.0
2016-11-25,11400,11650,11150,11300,151994,-0.013100436681222738
2016-11-28,11350,11500,11150,11300,69202,0.0
2016-11-29,11300,11550,11000,11250,114615,-0.004424778761061954
2016-11-30,11350,11700,11050,11650,161829,0.03555555555555556
2016-12-01,11700,11700,11250,11350,82976,-0.025751072961373356
2016-12-02,11200,11600,11050,11500,138520,0.013215859030837107
2016-12-05,11500,11550,11200,11200,50822,-0.02608695652173909
2016-12-06,11250,11400,11150,11300,66699,0.008928571428571397
2016-12-07,11350,11350,10950,11050,81583,-0.02212389380530977
2016-12-08,11100,12050,11000,11850,247984,0.07239819004524883
2016-12-09,11850,12100,11650,12050,155109,0.016877637130801704
2016-12-12,12150,12250,11850,12100,135419,0.004149377593360981
2016-12-13,12050,12600,12000,12350,203727,0.02066115702479343
2016-12-14,12400,12750,12250,12450,169280,0.00809716599190291
2016-12-15,12800,16000,12650,15300,3801433,0.22891566265060237
2016-12-16,15100,15600,14800,15500,955781,0.013071895424836555
2016-12-19,15400,17150,15250,16400,1606284,0.058064516129032295
2016-12-20,16200,16400,15650,15800,368604,-0.03658536585365857
2016-12-21,15850,16450,15450,16000,474424,0.012658227848101333
2016-12-22,15950,17950,15800,16700,1174059,0.043749999999999956
2016-12-23,16900,17350,16500,17150,292487,0.026946107784431073
2016-12-26,17150,17550,16700,16950,306934,-0.011661807580174877
2016-12-27,17000,17600,16750,17050,556163,0.005899705014749346
2016-12-28,17350,17900,17050,17650,425407,0.035190615835777095
2016-12-29,17500,18050,17000,17800,300776,0.008498583569405138
2017-01-02,17850,17900,17100,17150,203559,-0.0365168539325843
2017-01-03,17350,18100,17000,17500,283436,0.020408163265306145
2017-01-04,17750,18000,16200,16900,376869,-0.03428571428571425
2017-01-05,16950,17100,16550,16900,147425,0.0
2017-01-06,17000,17550,16850,17400,205556,0.029585798816567976
2017-01-09,17750,17950,17400,17450,236918,0.002873563218390718
2017-01-10,17500,17500,16900,17450,237648,0.0
2017-01-11,17500,18500,17250,18400,401039,0.054441260744985565
2017-01-12,18300,18950,18100,18700,218573,0.016304347826086918
2017-01-13,18450,18600,18100,18300,119711,-0.021390374331550777
2017-01-16,18400,18400,17300,17350,237710,-0.051912568306010876
2017-01-17,17400,17800,17000,17150,142990,-0.011527377521613813
2017-01-18,17100,17800,16750,17800,162747,0.03790087463556846
2017-01-19,17950,17950,17050,17150,110522,-0.0365168539325843
2017-01-20,16900,17150,16550,16900,136436,-0.014577259475218707
2017-01-23,16700,16950,16150,16200,142112,-0.041420118343195256
2017-01-24,16000,16650,15950,16550,88687,0.021604938271605034
2017-01-25,16750,16950,16350,16550,48984,0.0
2017-01-26,16800,17150,16550,16750,61860,0.012084592145015005
2017-01-31,16750,17200,16550,17050,74930,0.017910447761193993
2017-02-01,16950,17250,16800,16950,59877,-0.0058651026392961825
2017-02-02,16950,17050,16250,16400,111935,-0.03244837758112096
2017-02-03,16200,16450,16000,16400,53820,0.0
2017-02-06,16300,16450,15900,15900,35673,-0.030487804878048808
2017-02-07,15800,16200,15300,15800,163173,-0.0062893081761006275
2017-02-08,15650,16350,15450,16300,81338,0.03164556962025311
2017-02-09,16450,16700,16200,16550,58390,0.015337423312883347
2017-02-10,16500,16500,16200,16250,37795,-0.01812688821752262
2017-02-13,16100,16250,15400,15600,83510,-0.040000000000000036
2017-02-14,15550,15650,15100,15200,145935,-0.02564102564102566
2017-02-15,15200,15250,14650,15250,183377,0.00328947368421062
2017-02-16,15350,16150,15300,15800,286757,0.0360655737704918
2017-02-17,15600,16050,15400,15850,87370,0.0031645569620253333
2017-02-20,15700,16700,15450,16600,198314,0.04731861198738163
2017-02-21,16450,16800,15900,16050,156397,-0.033132530120481896
2017-02-22,16050,16050,15550,15700,106258,-0.02180685358255452
2017-02-23,15800,15800,15300,15800,84709,0.006369426751592355
2017-02-24,15450,15700,14950,15700,190969,-0.006329113924050667
2017-02-27,15650,15650,14950,14950,72507,-0.047770700636942665
2017-02-28,14950,15450,14250,14650,176395,-0.02006688963210701
2017-03-02,14650,14850,14150,14300,107017,-0.023890784982935176
2017-03-03,14100,14500,14100,14500,46834,0.013986013986013957
2017-03-06,14500,14750,14200,14700,36180,0.01379310344827589
2017-03-07,14800,14800,14500,14700,28067,0.0
2017-03-08,14700,14700,14250,14300,47063,-0.027210884353741527
2017-03-09,14350,15000,14350,14600,95885,0.020979020979021046
2017-03-10,14600,14700,13950,14650,83513,0.003424657534246478
2017-03-13,14650,15200,14450,15050,115625,0.027303754266211566
2017-03-14,15050,15250,14750,15000,69191,-0.0033222591362126463
2017-03-15,15000,16500,14850,15800,512314,0.05333333333333323
2017-03-16,16000,16350,15700,15800,170984,0.0
2017-03-17,15850,15950,15200,15350,132219,-0.02848101265822789
2017-03-20,15350,15600,14400,14850,169203,-0.032573289902280145
2017-03-21,14700,14900,14400,14700,111378,-0.010101010101010055
2017-03-22,14450,14850,14450,14600,50450,-0.006802721088435382
2017-03-23,14650,14850,14300,14550,103778,-0.003424657534246589
2017-03-24,14450,15450,14350,15300,230388,0.05154639175257736
2017-03-27,15350,15600,15050,15550,138289,0.016339869281045694
2017-03-28,15350,15750,15150,15400,107631,-0.009646302250803873
2017-03-29,15600,15600,15150,15350,90750,-0.0032467532467532756
2017-03-30,15400,15950,15250,15900,199940,0.03583061889250816
2017-03-31,16050,16050,15350,15600,151766,-0.018867924528301883
2017-04-03,15600,15750,15400,15550,51771,-0.0032051282051281937
2017-04-04,15500,15650,15250,15450,55348,-0.006430868167202619
2017-04-05,15400,15650,15250,15650,84722,0.012944983818770295
2017-04-06,15500,17000,15350,16200,870804,0.03514376996805102
2017-04-07,16400,16800,16100,16650,323639,0.02777777777777768
2017-04-10,16600,16700,15450,15900,220431,-0.04504504504504503
2017-04-11,15650,16300,15550,16200,183286,0.018867924528301883
2017-04-12,16350,18000,16250,17900,1378554,0.1049382716049383
2017-04-13,17900,18350,17650,18050,668640,0.008379888268156499
2017-04-14,18000,18500,17600,17600,422641,-0.024930747922437657
2017-04-17,17900,18750,17750,18400,655112,0.045454545454545414
2017-04-18,18500,18750,18150,18550,282587,0.008152173913043459
2017-04-19,18550,18700,17750,17950,345277,-0.03234501347708896
2017-04-20,17950,18250,17600,17650,186886,-0.01671309192200554
2017-04-21,17800,17950,17300,17750,170649,0.0056657223796034994
2017-04-24,17650,17800,17150,17450,185815,-0.016901408450704203
2017-04-25,17550,18300,17450,18150,247892,0.04011461318051568
2017-04-26,18200,18200,17800,18100,160929,-0.0027548209366391463
2017-04-27,18200,18200,17750,18000,76686,-0.0055248618784530246
2017-04-28,18000,18050,17500,17700,124872,-0.01666666666666672
2017-05-02,17550,18350,17550,18200,115945,0.02824858757062154
2017-05-04,18200,19200,18100,19000,345896,0.04395604395604402
2017-05-08,19100,19400,19000,19150,202606,0.007894736842105177
2017-05-10,19350,20450,19250,20100,463012,0.04960835509138373
2017-05-11,20100,22100,20100,21900,556227,0.08955223880597019
2017-05-12,21650,22500,21450,21950,403245,0.0022831050228311334
2017-05-15,22050,22100,21050,21300,264870,-0.029612756264236872
2017-05-16,21300,22000,20600,21200,295422,-0.0046948356807511304
2017-05-17,21200,22100,20950,21250,275656,0.002358490566037652
2017-05-18,20800,21550,20800,21550,173544,0.014117647058823568
2017-05-19,21700,22000,20800,20950,260012,-0.02784222737819031
2017-05-22,20900,21300,20450,21050,161348,0.004773269689737569
2017-05-23,21150,21350,20650,20650,108678,-0.019002375296912066
2017-05-24,20750,20850,20300,20600,106602,-0.002421307506053294
2017-05-25,20500,21300,20500,20600,175189,0.0
2017-05-26,20650,21050,20550,20700,133870,0.004854368932038833
2017-05-29,20750,21900,20750,21250,235311,0.02657004830917864
2017-05-30,21550,21600,20950,21450,184190,0.009411764705882453
2017-05-31,21500,21700,21150,21350,133572,-0.004662004662004615
2017-06-01,21350,23000,21150,22600,476641,0.058548009367681564
2017-06-02,22900,22900,21900,22050,266887,-0.02433628318584069
2017-06-05,22200,22250,21500,21850,132276,-0.009070294784580546
2017-06-07,21850,23050,21700,22850,242448,0.04576659038901609
2017-06-08,22800,23700,22700,23650,260395,0.035010940919037115
2017-06-09,23650,23900,23200,23400,127616,-0.010570824524312905
2017-06-12,23200,23300,22600,22900,118998,-0.021367521367521403
2017-06-13,22950,23500,22550,23000,129726,0.004366812227074135
2017-06-14,23200,23550,22900,22950,106059,-0.0021739130434782483
2017-06-15,22900,23200,22400,23100,105440,0.006535947712418277
2017-06-16,23100,23200,22550,22650,98946,-0.01948051948051943
2017-06-19,22650,23650,22500,23000,192862,0.015452538631346657
2017-06-20,23050,23200,22400,22600,106278,-0.017391304347826098
2017-06-21,22400,22650,21950,22500,110664,-0.004424778761061954
2017-06-22,22700,24000,22450,23300,287473,0.03555555555555556
2017-06-23,23400,23450,22750,22900,99016,-0.01716738197424894
2017-06-26,22900,23300,22600,22900,117782,0.0
2017-06-27,22800,24400,22800,24050,366412,0.05021834061135366
2017-06-28,23950,24250,22950,23150,210442,-0.037422037422037424
2017-06-29,23350,23600,22800,23350,89096,0.008639308855291628
2017-06-30,23150,23300,21800,22200,300774,-0.04925053533190582
2017-07-03,22200,22350,20800,21900,316270,-0.013513513513513487
2017-07-04,21700,22250,21400,21650,105970,-0.011415525114155223
2017-07-05,21700,22200,21600,21600,125370,-0.002309468822170868
2017-07-06,21800,22600,21700,22200,108000,0.02777777777777768
2017-07-07,22150,22300,21900,22250,41565,0.0022522522522523403
2017-07-10,22250,22500,21850,22000,66320,-0.011235955056179803
2017-07-11,22000,22150,21500,21650,71287,-0.015909090909090873
2017-07-12,21650,22150,21350,21650,69303,0.0
2017-07-13,21800,22450,21800,21900,120630,0.011547344110854452
2017-07-14,22150,23150,22150,23050,244782,0.05251141552511407
2017-07-17,23400,23400,22550,23150,218949,0.00433839479392617
2017-07-18,23150,23200,22500,22500,196476,-0.02807775377969768
2017-07-19,22600,22950,21800,22450,188312,-0.0022222222222222365
2017-07-20,22450,23550,21850,23350,289660,0.04008908685968815
2017-07-21,23150,23500,22800,23500,168913,0.0064239828693790635
2017-07-24,23800,24550,23500,24450,321714,0.04042553191489362
2017-07-25,24900,25900,23800,23800,491438,-0.026584867075664653
2017-07-26,23700,24050,22750,22950,177645,-0.0357142857142857
2017-07-27,22950,23450,22600,23300,119150,0.015250544662309462
2017-07-28,23000,23000,22100,22100,181200,-0.05150214592274682
2017-07-31,21600,22000,21200,21700,163013,-0.018099547511312264
2017-08-01,21450,22450,21450,21700,93111,0.0
2017-08-02,21700,22150,21500,21850,134232,0.00691244239631339
2017-08-03,22000,22000,20750,21050,168191,-0.03661327231121281
2017-08-04,21000,21250,20200,21000,135525,-0.002375296912114022
2017-08-07,21000,21450,20850,20950,74063,-0.0023809523809523725
2017-08-08,20950,21600,20200,21550,114947,0.02863961813842475
2017-08-09,21250,21400,20700,21000,82662,-0.025522041763341052
2017-08-10,20850,21000,20000,20150,114407,-0.04047619047619044
2017-08-11,19500,20300,19250,19850,159746,-0.01488833746898266
2017-08-14,20400,20600,20000,20300,67472,0.02267002518891692
2017-08-16,20450,21300,20400,20650,161880,0.01724137931034475
2017-08-17,20600,21150,20400,20650,95487,0.0
2017-08-18,20350,20750,20150,20500,103610,-0.007263922518159771
2017-08-21,21000,21150,20550,20850,80016,0.017073170731707332
2017-08-22,20900,21500,20850,21350,90796,0.023980815347721895
2017-08-23,21600,21750,21200,21500,75183,0.007025761124121788
2017-08-24,21500,22050,21400,22050,90747,0.0255813953488373
2017-08-25,22200,22200,21700,21950,57242,-0.0045351473922902175
2017-08-28,21950,22050,21150,21200,116090,-0.034168564920273314
2017-08-29,21050,21400,20750,20900,93569,-0.014150943396226467
2017-08-30,20850,21550,20850,21400,80889,0.02392344497607657
2017-08-31,21500,21500,20600,20900,125741,-0.02336448598130836
2017-09-01,21000,21100,20600,20850,78636,-0.0023923444976076125
2017-09-04,20050,20600,20050,20350,123868,-0.023980815347721784
2017-09-05,20350,20600,19700,19750,117290,-0.029484029484029506
2017-09-06,19600,20050,19500,19700,102177,-0.0025316455696202667
2017-09-07,19600,20500,19550,20450,132973,0.038071065989847774
2017-09-08,20300,20650,19850,20000,91204,-0.022004889975550168
2017-09-11,20000,20050,19600,19650,107049,-0.01749999999999996
2017-09-12,19950,19950,18800,18800,217706,-0.043256997455470736
2017-09-13,18800,19000,17350,17650,497884,-0.061170212765957466
2017-09-14,17850,18000,17100,17900,223460,0.014164305949008416
2017-09-15,17850,17950,17400,17400,113954,-0.027932960893854775
2017-09-18,17600,17850,17400,17650,102916,0.014367816091954033
2017-09-19,17750,17800,17200,17300,80889,-0.019830028328611915
2017-09-20,17250,17500,17000,17000,101855,-0.017341040462427793
2017-09-21,17000,17150,16200,16200,192065,-0.04705882352941182
2017-09-22,16200,17600,16200,16550,284888,0.021604938271605034
2017-09-25,16350,16850,16200,16300,79705,-0.015105740181268867
2017-09-26,16150,16550,15750,16400,75437,0.006134969325153339
2017-09-27,16350,17100,16350,16800,89276,0.024390243902439046
2017-09-28,17000,17250,16200,16200,111005,-0.0357142857142857
2017-09-29,16200,16600,16150,16550,47342,0.021604938271605034
2017-10-10,16700,17150,16650,16850,84018,0.01812688821752273
2017-10-11,16850,17450,16700,17450,74323,0.035608308605341144
2017-10-12,17700,18300,17550,18000,213322,0.03151862464183375
2017-10-13,18000,18400,17550,17600,185024,-0.022222222222222254
2017-10-16,17600,17600,16600,16900,122346,-0.03977272727272729
2017-10-17,17100,17400,16650,16800,79236,-0.00591715976331364
2017-10-18,16800,17250,16300,16800,75695,0.0
2017-10-19,16950,17000,16500,16600,41757,-0.011904761904761862
2017-10-20,16600,16950,16500,16750,49673,0.009036144578313143
2017-10-23,16650,17200,16650,17150,81910,0.023880597014925398
2017-10-24,17250,17700,17150,17300,79451,0.008746355685131268
2017-10-25,17250,17300,16750,17000,87862,-0.017341040462427793
2017-10-26,17200,17200,16400,16550,114740,-0.026470588235294135
2017-10-27,16550,16750,16250,16550,85468,0.0
2017-10-30,16600,16900,16200,16400,88578,-0.009063444108761365
2017-10-31,16250,17100,16100,17000,138108,0.03658536585365857
2017-11-01,17100,17150,16750,16950,68614,-0.002941176470588225
2017-11-02,17100,17150,16600,16600,49787,-0.020648967551622377
2017-11-03,16600,16800,16350,16600,63967,0.0
2017-11-06,16500,17050,16500,16650,56459,0.003012048192771122
2017-11-07,16650,17050,16650,17050,98128,0.024024024024023927
2017-11-08,17050,18150,17050,17950,241769,0.05278592375366564
2017-11-09,18000,18100,17750,17950,105618,0.0
2017-11-10,17800,18200,17800,18150,105217,0.011142061281337101
2017-11-13,18200,19250,18200,19000,252067,0.04683195592286493
2017-11-14,18950,19250,18550,18950,214397,-0.0026315789473684292
2017-11-15,18800,18900,17550,17900,247199,-0.0554089709762533
2017-11-16,17900,18550,17350,18550,137982,0.036312849162011274
2017-11-17,18600,18800,18150,18200,88640,-0.018867924528301883
2017-11-20,18150,18500,17950,18000,93794,-0.01098901098901095
2017-11-21,18350,18350,17600,17700,92484,-0.01666666666666672
2017-11-22,17750,17950,17450,17650,107463,-0.0028248587570621764
2017-11-23,17550,19300,17550,19300,369848,0.09348441926345608
2017-11-24,19400,19400,18750,19250,216204,-0.002590673575129543
2017-11-27,19250,19300,18600,18750,151780,-0.025974025974025983
2017-11-28,18800,19200,18100,18100,147402,-0.03466666666666662
2017-11-29,17950,18700,17900,18600,103514,0.027624309392265234
2017-11-30,18650,19050,18100,18150,123612,-0.024193548387096753
2017-12-01,18400,18800,18300,18450,76695,0.016528925619834656
2017-12-04,18550,18600,17650,17950,148077,-0.027100271002710064
2017-12-05,17950,21350,17650,18800,902949,0.0473537604456824
2017-12-06,19000,19500,18350,18350,336703,-0.02393617021276595
2017-12-07,18400,19800,18350,19100,737854,0.04087193460490468
2017-12-08,19300,19850,18950,19750,348111,0.03403141361256545
2017-12-11,20200,20250,19450,19800,303515,0.0025316455696202667
2017-12-12,19850,19950,19050,19250,173270,-0.02777777777777779
2017-12-13,19050,19650,19050,19400,151093,0.007792207792207684
2017-12-14,19200,19300,18750,18800,192847,-0.030927835051546393
2017-12-15,18800,19050,18700,18700,107577,-0.005319148936170248
2017-12-18,18900,19650,18750,19450,175381,0.04010695187165769
2017-12-19,19750,19750,19000,19250,87422,-0.010282776349614386
2017-12-20,19350,19350,18400,18450,129370,-0.04155844155844157
2017-12-21,18500,18500,17800,17850,116819,-0.03252032520325199
2017-12-22,17750,18350,17650,18250,96497,0.022408963585434094
2017-12-26,18150,18250,17650,17750,121195,-0.0273972602739726
2017-12-27,17700,18500,17700,18350,92102,0.033802816901408406
2017-12-28,18250,19050,18250,18350,152872,0.0
2018-01-02,18600,19550,18600,19500,274117,0.06267029972752036
2018-01-03,19750,19750,19300,19450,127879,-0.002564102564102555
2018-01-04,19500,20900,19500,20350,506701,0.046272493573264795
2018-01-05,20550,20700,20250,20700,165267,0.017199017199017286
2018-01-08,21350,21350,20100,20200,253718,-0.024154589371980673
2018-01-09,19900,20650,19650,19800,180617,-0.01980198019801982
2018-01-10,20000,20000,19550,19650,77699,-0.007575757575757569
2018-01-11,19800,20700,19800,20500,199989,0.04325699745547085
2018-01-12,20400,20750,19900,20300,137888,-0.009756097560975618
2018-01-15,20750,20800,20050,20300,142496,0.0
2018-01-16,20250,21200,20150,20850,245292,0.027093596059113212
2018-01-17,21050,22200,20750,22050,598981,0.05755395683453246
2018-01-18,22200,22400,21700,22200,245601,0.006802721088435382
2018-01-19,22300,22850,21650,22300,270306,0.0045045045045044585
2018-01-22,22600,22600,21950,22300,132337,0.0
2018-01-23,22450,22450,21550,22100,221038,-0.008968609865470878
2018-01-24,22450,22800,22000,22650,184709,0.02488687782805421
2018-01-25,22650,22700,21950,22500,108846,-0.0066225165562914245
2018-01-26,22550,22900,22300,22800,140578,0.01333333333333342
2018-01-29,23000,23000,22550,22550,83128,-0.010964912280701733
2018-01-30,22550,22550,21800,22100,185246,-0.019955654101995512
2018-01-31,21950,22550,21800,22050,87100,-0.002262443438914019
2018-02-01,22200,22350,21950,22200,65626,0.006802721088435382
2018-02-02,22400,22500,21500,21800,150236,-0.018018018018018056
2018-02-05,21350,21450,20450,20450,115336,-0.06192660550458717
2018-02-06,19500,20650,19200,20500,228521,0.0024449877750611915
2018-02-07,21000,21200,19700,19800,128324,-0.034146341463414664
2018-02-08,19800,20450,19600,20400,72383,0.030303030303030276
2018-02-09,19500,20000,19450,19900,91021,-0.02450980392156865
2018-02-12,19950,20100,19600,19900,42839,0.0
2018-02-13,20100,20100,19600,19600,56338,-0.015075376884422065
2018-02-14,19600,19900,19500,19900,57241,0.015306122448979664
2018-02-19,20100,20350,19750,20250,72264,0.017587939698492372
2018-02-20,20500,20500,20050,20200,38884,-0.0024691358024691024
2018-02-21,20200,20650,19900,20650,102873,0.022277227722772297
2018-02-22,20450,20500,20050,20450,61431,-0.009685230024213065
2018-02-23,20400,20650,20150,20300,49136,-0.007334963325183352
2018-02-26,20350,20350,19600,19700,74113,-0.029556650246305383
2018-02-27,19850,20050,19450,19600,56162,-0.005076142131979711
2018-02-28,19500,19700,18950,19000,107049,-0.030612244897959218
2018-03-02,18700,19300,18450,19300,67308,0.015789473684210575
2018-03-05,19050,19250,18800,18900,45426,-0.020725388601036232
2018-03-06,19000,19150,18800,18950,35045,0.002645502645502562
2018-03-07,18950,19350,18600,18900,65926,-0.0026385224274406704
2018-03-08,19000,19350,18950,19200,44775,0.015873015873015817
2018-03-09,19200,20200,19200,19900,94520,0.03645833333333326
2018-03-12,19900,20450,19900,20400,82069,0.025125628140703515
2018-03-13,20200,20500,20100,20300,45589,-0.004901960784313708
2018-03-14,20200,20900,20000,20550,90909,0.012315270935960632
2018-03-15,20550,20900,20250,20600,84574,0.0024330900243310083
2018-03-16,20600,20900,20350,20850,79111,0.012135922330097193
2018-03-19,20850,21100,20700,20850,86806,0.0
2018-03-20,20750,21350,20700,21250,103296,0.01918465227817756
2018-03-21,21400,24700,21400,23600,912092,0.11058823529411765
2018-03-22,23750,24800,23700,24400,353869,0.03389830508474567
2018-03-23,23550,25550,23550,24900,365126,0.020491803278688492
2018-03-26,25050,25600,24150,24400,199726,-0.02008032128514059
2018-03-27,24550,24700,23450,23850,265023,-0.02254098360655743
2018-03-28,23800,24200,23400,23950,204212,0.004192872117400492
2018-03-29,23650,23950,22700,23000,215706,-0.039665970772442605
2018-03-30,23250,23350,22400,22800,90440,-0.008695652173912993
2018-04-02,22600,22950,22350,22600,132198,-0.00877192982456143
2018-04-03,22350,23000,22200,23000,119786,0.017699115044247815
2018-04-04,22900,23000,22100,22100,125045,-0.03913043478260869
2018-04-05,22250,22450,21300,21700,144279,-0.018099547511312264
2018-04-06,21450,22050,21150,21250,76100,-0.020737327188940058
2018-04-09,21100,21500,20850,21150,86974,-0.004705882352941226
2018-04-10,21400,21400,20250,20750,118443,-0.01891252955082745
2018-04-11,21050,21100,20450,20650,100104,-0.004819277108433773
2018-04-12,20650,20950,20650,20750,78535,0.004842615012106588
2018-04-13,20950,21400,20650,21400,108480,0.031325301204819356
2018-04-16,21400,21450,20850,21050,92399,-0.016355140186915862
2018-04-17,21050,21700,20950,21500,144870,0.0213776722090262
2018-04-18,21750,21950,20550,20750,195077,-0.03488372093023251
2018-04-19,20900,20900,20050,20450,110921,-0.014457831325301207
2018-04-20,20300,20900,20250,20500,82738,0.0024449877750611915
2018-04-23,20400,20500,19500,19950,152038,-0.02682926829268295
2018-04-24,20000,20200,19800,19950,59637,0.0
2018-04-25,19950,19950,19150,19300,110403,-0.03258145363408527
2018-04-26,19300,19650,19200,19300,82095,0.0
2018-04-27,19400,20400,19350,20150,158624,0.04404145077720201
2018-04-30,20250,20650,20050,20400,98644,0.012406947890818865
2018-05-02,20100,20900,20000,20400,102805,0.0
2018-05-03,20650,20650,20100,20600,47760,0.009803921568627416
2018-05-04,20250,20600,20000,20250,59640,-0.016990291262135915
2018-05-08,20300,20650,20100,20200,57642,-0.0024691358024691024
2018-05-09,19950,21550,19900,21500,250386,0.06435643564356441
2018-05-10,21500,22100,21200,21650,143719,0.006976744186046435
2018-05-11,21450,22400,21450,21800,149454,0.006928406466512715
2018-05-14,21800,21800,21050,21400,121733,-0.01834862385321101
2018-05-15,21600,21650,21050,21400,70507,0.0
2018-05-16,21150,21450,20500,21100,108807,-0.014018691588784993
2018-05-17,21200,22900,20950,22900,197737,0.08530805687203791
2018-05-18,23100,24800,23000,23750,281729,0.037117903930131035
2018-05-21,23750,25300,23750,25100,296399,0.056842105263157805
2018-05-23,25300,31250,25300,29850,1220319,0.18924302788844627
2018-05-24,30800,30800,27900,29000,484713,-0.028475711892797295
2018-05-25,28850,34000,28450,32800,1004670,0.13103448275862073
2018-05-28,32850,34750,31800,33300,382379,0.015243902439024293
2018-05-29,33850,37900,32800,36250,622369,0.08858858858858865
2018-05-30,39000,45000,31750,32400,4168692,-0.1062068965517241
2018-05-31,32750,32750,30050,32250,1547031,-0.00462962962962965
2018-06-01,32550,38000,32400,34300,2221289,0.06356589147286829
2018-06-04,34750,37100,34500,35350,705748,0.030612244897959107
2018-06-05,36350,36350,33950,33950,462594,-0.03960396039603964
2018-06-07,34400,35400,33800,34350,211651,0.01178203240058906
2018-06-08,34500,37400,34200,35950,558270,0.04657933042212514
2018-06-11,36400,36500,35050,35250,252629,-0.01947148817802502
2018-06-12,35100,35850,34050,34200,263204,-0.029787234042553234
2018-06-14,34400,35900,34300,35250,248404,0.030701754385964897
2018-06-15,35250,35950,34600,35550,198175,0.008510638297872353
2018-06-18,35600,35600,33350,34000,223621,-0.043600562587904346
2018-06-19,33700,35100,33300,33500,206609,-0.014705882352941124
2018-06-20,33300,34300,33250,34000,168318,0.014925373134328401
2018-06-21,34100,34400,31650,31700,204084,-0.0676470588235294
2018-06-22,31600,35850,30600,35600,595689,0.12302839116719233
2018-06-25,36450,38600,34850,36000,734995,0.011235955056179803
2018-06-26,34750,36200,34200,35850,242570,-0.004166666666666652
2018-06-27,35850,36250,35050,35450,208251,-0.01115760111576014
2018-06-28,35100,41650,34600,41000,2601886,0.15655853314527501
2018-06-29,40500,41700,38900,41350,834273,0.008536585365853666
2018-07-02,41000,41000,36950,37650,552383,-0.08948004836759371
2018-07-03,37200,38400,35000,35700,547563,-0.05179282868525892
2018-07-04,35700,35700,33150,33150,440887,-0.0714285714285714
2018-07-05,33550,34350,32000,33200,256771,0.0015082956259426794
2018-07-06,33000,34850,31750,34300,331140,0.033132530120481896
2018-07-09,34600,35700,34200,34800,192197,0.014577259475218707
2018-07-10,34800,36050,34800,35100,135926,0.008620689655172376
2018-07-11,35100,38750,35000,38100,652383,0.08547008547008539
2018-07-12,38100,40600,37150,39600,535592,0.03937007874015741
2018-07-13,39800,41200,38300,39500,352439,-0.002525252525252486
2018-07-16,39550,42750,39550,40650,608502,0.029113924050632844
2018-07-17,41000,42300,39250,41800,338799,0.02829028290282909
2018-07-18,43500,43500,38950,39950,503506,-0.04425837320574166
2018-07-19,39950,40600,38650,39350,229857,-0.015018773466833557
2018-07-20,39000,40050,37500,37900,236947,-0.03684879288437104
2018-07-23,38350,38450,34900,35350,294246,-0.06728232189973615
2018-07-24,35150,36350,34300,35500,312817,0.004243281471004279
2018-07-25,35750,35800,33850,34400,341185,-0.030985915492957705
2018-07-26,34750,35450,33500,34550,162703,0.0043604651162789665
2018-07-27,34550,35850,34050,34850,145909,0.00868306801736618
2018-07-30,35000,35150,33800,34500,337531,-0.010043041606886627
2018-07-31,34600,35800,33200,35800,223671,0.037681159420289934
2018-08-01,36150,36400,34800,35100,167559,-0.019553072625698276
2018-08-02,35250,35400,33300,34100,282385,-0.028490028490028463
2018-08-03,34250,34700,33850,34100,112502,0.0
2018-08-06,33950,34350,32700,32700,266195,-0.04105571847507328
2018-08-07,32550,33150,31450,32450,367258,-0.007645259938837912
2018-08-08,32450,33500,31650,32850,204878,0.012326656394453073
2018-08-09,32850,33350,32100,32500,180768,-0.010654490106544956
2018-08-10,32150,32900,30200,30800,359016,-0.05230769230769228
2018-08-13,30850,31700,30350,30950,200672,0.004870129870129913
2018-08-14,30900,31350,30050,30100,161163,-0.02746365105008075
2018-08-16,29700,31900,29200,31900,191991,0.05980066445182719
2018-08-17,31750,32650,31200,31400,135988,-0.01567398119122254
2018-08-20,31000,31750,30600,30800,91067,-0.019108280254777066
2018-08-21,30700,31550,30700,31450,53957,0.02110389610389607
2018-08-22,31500,31500,30650,30650,89319,-0.025437201907790197
2018-08-23,30500,30950,30000,30150,126150,-0.01631321370309946
2018-08-24,30050,32450,30000,32100,220425,0.06467661691542292
2018-08-27,32100,33400,31700,33000,169301,0.028037383177569986
2018-08-28,33050,33700,32550,32700,142361,-0.009090909090909038
2018-08-29,33400,34300,32800,34300,163793,0.04892966360856277
2018-08-30,33900,34700,33400,33700,123468,-0.017492711370262426
2018-08-31,33450,33550,32500,33100,101616,-0.017804154302670572
2018-09-03,33250,33350,32650,33000,70171,-0.0030211480362537513
2018-09-04,32950,33400,32850,32950,48252,-0.0015151515151514694
2018-09-05,32950,33250,31850,31950,107264,-0.030349013657056112
2018-09-06,31950,32400,31350,32150,68307,0.006259780907668322
2018-09-07,31900,32150,31550,31650,64719,-0.015552099533437058
2018-09-10,31700,31800,30700,31100,100105,-0.017377567140600347
2018-09-11,30850,31550,30800,31000,74415,-0.003215434083601254
2018-09-12,30950,31550,30250,30400,98136,-0.01935483870967747
2018-09-13,30350,31050,30350,30750,59683,0.011513157894736947
2018-09-14,31200,31200,30400,30650,66496,-0.003252032520325243
2018-09-17,30450,30750,30000,30100,70709,-0.01794453507340943
2018-09-18,29850,31500,29300,30600,140992,0.01661129568106312
2018-09-19,31100,31100,29800,29850,73080,-0.02450980392156865
2018-09-20,29950,30100,28350,29100,205445,-0.025125628140703515
2018-09-21,29150,33550,29100,32550,620782,0.11855670103092786
2018-09-27,32550,33200,31800,33200,163601,0.019969278033794113
2018-09-28,33300,33300,31900,32000,82747,-0.03614457831325302
2018-10-01,31950,31950,30700,30900,86949,-0.034375000000000044
2018-10-02,30600,31250,29950,30200,83374,-0.02265372168284785
2018-10-04,29900,31100,29450,30850,101903,0.021523178807947074
2018-10-05,30800,30900,29300,29600,94030,-0.04051863857374394
2018-10-08,29400,30000,28500,28500,81981,-0.03716216216216217
2018-10-10,28100,28550,26350,27000,155862,-0.052631578947368474
2018-10-11,25350,26700,25100,25150,160063,-0.06851851851851853
2018-10-12,24700,26750,24700,26500,106091,0.05367793240556651
2018-10-15,26050,27100,26000,26550,67323,0.0018867924528302993
2018-10-16,26350,27300,26350,26700,34254,0.005649717514124353
2018-10-17,27550,27550,26550,26550,33751,-0.005617977528089901
2018-10-18,26600,28600,26600,27400,107598,0.03201506591337089
2018-10-19,27000,27400,26350,27400,51847,0.0
2018-10-22,27050,27250,26500,26850,41652,-0.02007299270072993
2018-10-23,27150,27150,25500,25550,60037,-0.048417132216014847
2018-10-24,25600,26400,24950,25100,68392,-0.017612524461839585
2018-10-25,23950,24650,23650,24550,118956,-0.021912350597609542
2018-10-26,24550,24800,22650,23100,103064,-0.05906313645621186
2018-10-29,22550,23400,21800,21800,105631,-0.05627705627705626
2018-10-30,21350,22800,21350,22800,116617,0.04587155963302747
2018-10-31,23200,25050,22250,24600,153177,0.07894736842105265
2018-11-01,24350,26400,24350,25850,119770,0.05081300813008127
2018-11-02,25900,27250,25900,26850,106080,0.03868471953578334
2018-11-05,27150,27250,26050,27200,34418,0.013035381750465591
2018-11-06,27200,27300,26100,27000,32417,-0.007352941176470562
2018-11-07,27000,27300,25700,26000,40693,-0.03703703703703709
2018-11-08,26700,27150,26200,26550,33382,0.02115384615384608
2018-11-09,26250,26500,25700,26100,30790,-0.016949152542372836
2018-11-12,25950,26600,25500,26000,33421,-0.003831417624521105
2018-11-13,25300,25650,25000,25550,30321,-0.017307692307692357
2018-11-14,25800,26500,25450,25450,29182,-0.003913894324853229
2018-11-15,25450,26600,25100,26400,26431,0.037328094302554016
2018-11-16,26700,26950,26150,26350,39987,-0.0018939393939394478
2018-11-19,26550,26600,25700,25750,32126,-0.022770398481973486
2018-11-20,25250,26000,25200,25950,24384,0.007766990291262044
2018-11-21,25650,26200,25250,25850,34186,-0.003853564547206201
2018-11-22,25650,27400,25650,26650,98015,0.030947775628626717
2018-11-23,26650,27050,25850,26200,44110,-0.016885553470919357
2018-11-26,26300,27150,26200,26650,42837,0.01717557251908386
2018-11-27,26750,26950,26300,26550,36228,-0.0037523452157598447
2018-11-28,26750,27150,26300,26650,43138,0.0037664783427495685
2018-11-29,26900,28700,26850,28250,162274,0.060037523452157515
2018-11-30,28250,28250,27250,27450,69900,-0.02831858407079646
2018-12-03,27500,28150,27400,27600,41665,0.005464480874316946
2018-12-04,27600,27900,27150,27500,39298,-0.0036231884057971175
2018-12-05,26900,27400,26750,27150,42985,-0.012727272727272698
2018-12-06,27400,27400,26000,26000,59559,-0.0423572744014733
2018-12-07,26100,26400,25650,26000,21441,0.0
2018-12-10,25900,25900,25150,25250,31711,-0.028846153846153855
2018-12-11,25700,25700,24850,24850,24038,-0.015841584158415856
2018-12-12,24700,25600,24700,25200,37561,0.014084507042253502
2018-12-13,25250,26000,25250,25550,18512,0.01388888888888884
2018-12-14,25300,25550,24800,24950,26588,-0.023483365949119372
2018-12-17,24750,24800,23900,24250,36736,-0.028056112224448926
2018-12-18,23600,24550,23500,23600,27341,-0.026804123711340222
2018-12-19,23250,24200,23250,23950,40373,0.014830508474576343
2018-12-20,23600,24400,23200,23600,43317,-0.014613778705636737
2018-12-21,23350,23550,23050,23300,35423,-0.012711864406779627
2018-12-24,23050,23250,22700,22950,38080,-0.015021459227467782
2018-12-26,22450,22800,21500,22550,44509,-0.017429193899782147
2018-12-27,22850,24100,22850,23150,44443,0.026607538802660757
2018-12-28,23200,24500,23000,24000,50508,0.036717062634989306
2019-01-02,24100,24350,22400,22850,73044,-0.04791666666666672
2019-01-03,22550,22950,21100,21500,108393,-0.05908096280087527
2019-01-04,21700,22000,20350,20750,121389,-0.03488372093023251
2019-01-07,21100,22300,21100,22100,90640,0.06506024096385543
2019-01-08,21950,22750,21900,22100,51436,0.0
2019-01-09,22300,23000,22150,22850,42198,0.03393665158371051
2019-01-10,23100,24600,22500,22850,174114,0.0
2019-01-11,23050,23450,22400,22900,59997,0.002188183807439792
2019-01-14,22800,22900,22150,22200,37014,-0.03056768558951961
2019-01-15,22700,22700,22050,22100,43317,-0.0045045045045044585
2019-01-16,22200,22600,21750,22300,63930,0.009049773755656076
2019-01-17,22350,22350,21600,21600,54262,-0.03139013452914796
2019-01-18,21500,22300,21250,22300,66469,0.03240740740740744
2019-01-21,22550,23250,22150,23200,95781,0.04035874439461873
2019-01-22,23300,23650,22800,22850,51068,-0.015086206896551713
2019-01-23,22350,23150,22300,23000,30716,0.006564551422319376
2019-01-24,23400,23500,22900,23450,75138,0.019565217391304346
2019-01-25,23500,24000,23400,23850,62132,0.017057569296375252
2019-01-28,23850,24150,23500,23850,56157,0.0
2019-01-29,23850,23850,22850,23100,64697,-0.03144654088050314
2019-01-30,22950,23450,22700,23150,56443,0.0021645021645022577
2019-01-31,23200,23350,22650,22800,41080,-0.015118790496760237
2019-02-01,22750,23350,22550,22700,49605,-0.004385964912280715
2019-02-07,22650,23200,22650,23050,39245,0.01541850220264318
2019-02-08,22850,23250,22650,22800,41309,-0.010845986984815648
2019-02-11,23000,23000,22000,22200,77571,-0.02631578947368418
2019-02-12,22250,23100,22250,22700,83823,0.022522522522522515
2019-02-13,22700,22950,22300,22700,58243,0.0
2019-02-14,22950,24750,22750,24450,352321,0.0770925110132159
2019-02-15,24500,24750,23600,23850,107960,-0.024539877300613466
2019-02-18,24050,24500,23600,24400,134318,0.023060796645702375
2019-02-19,24300,25450,24000,25200,215973,0.032786885245901676
2019-02-20,25250,25300,24600,24950,104299,-0.009920634920634885
2019-02-21,25000,25000,24200,24350,79139,-0.024048096192384794
2019-02-22,24350,24450,23600,23800,98528,-0.022587268993839782
2019-02-25,23850,24700,23800,24600,80243,0.03361344537815136
2019-02-26,24750,24800,23850,24100,78596,-0.020325203252032575
2019-02-27,24100,24650,23700,23900,74670,-0.008298755186721962
2019-02-28,23950,24250,23200,23200,66861,-0.029288702928870314
2019-03-04,23450,23850,23400,23600,53684,0.01724137931034475
2019-03-05,23300,23550,22750,22900,107931,-0.029661016949152574
2019-03-06,22900,23400,22900,23150,51809,0.01091703056768556
2019-03-07,22950,23650,22650,22750,74825,-0.017278617710583144
2019-03-08,22600,23000,22350,22550,30570,-0.00879120879120876
2019-03-11,22250,22700,22050,22200,50896,-0.01552106430155209
2019-03-12,22450,24300,22400,24050,237527,0.08333333333333326
2019-03-13,24500,25350,24250,24900,366559,0.03534303534303529
2019-03-14,24800,26400,24550,26050,281403,0.0461847389558232
2019-03-15,26000,26300,25100,25200,151011,-0.03262955854126681
2019-03-18,25650,26500,25200,26250,165694,0.04166666666666674
2019-03-19,26250,27150,26000,26900,213771,0.024761904761904763
2019-03-20,27250,27900,26700,27400,248643,0.018587360594795488
2019-03-21,27050,27350,26400,26800,117067,-0.021897810218978075
2019-03-22,26550,28600,26300,28600,287707,0.0671641791044777
2019-03-25,29400,33700,28600,31450,2332270,0.09965034965034958
2019-03-26,31650,32250,30300,32000,660256,0.01748807631160565
2019-03-27,31850,32700,29850,29850,563027,-0.06718749999999996
2019-03-28,30250,30900,28500,28850,412030,-0.03350083752093802
2019-03-29,28850,29800,28050,28650,299116,-0.006932409012131768
2019-04-01,28850,30400,28700,29850,299775,0.041884816753926746
2019-04-02,29950,30900,29600,29950,367504,0.003350083752093891
2019-04-03,30400,30400,29150,29300,196051,-0.02170283806343909
2019-04-04,29600,30550,28950,29300,291142,0.0
2019-04-05,29500,29500,28500,28800,151995,-0.017064846416382284
2019-04-08,29100,29250,28050,28300,183893,-0.01736111111111116
2019-04-09,28450,29800,28400,29550,292134,0.044169611307420586
2019-04-10,29600,29800,29100,29100,158065,-0.015228426395939132
2019-04-11,29400,30200,29200,29250,217354,0.005154639175257714
2019-04-12,29250,29450,28900,29100,106760,-0.00512820512820511
2019-04-15,29100,29800,28850,28900,174511,-0.0068728522336769515
2019-04-16,29050,29550,28150,28950,180894,0.0017301038062282892
2019-04-17,29250,29450,28350,28600,116899,-0.012089810017271163
2019-04-18,28350,28750,27250,27400,186641,-0.04195804195804198
2019-04-19,27100,27900,27100,27450,90618,0.0018248175182482562
2019-04-22,27600,27600,26750,26850,130248,-0.021857923497267784
2019-04-23,26850,27800,26550,27700,121053,0.03165735567970196
2019-04-24,27750,27950,27150,27250,87435,-0.016245487364620947
2019-04-25,27300,27750,26750,27100,84478,-0.0055045871559632475
2019-04-26,26800,27100,26300,26800,66918,-0.011070110701106972
2019-04-29,26850,27750,26850,27400,73114,0.02238805970149249
2019-04-30,27600,27600,26850,27250,53193,-0.005474452554744547
2019-05-02,27250,27650,26900,27600,69790,0.012844036697247763
2019-05-03,27450,27750,27050,27300,50004,-0.010869565217391353
2019-05-07,26700,26950,26300,26400,72115,-0.03296703296703296
2019-05-08,26300,26400,25850,26000,70675,-0.015151515151515138
2019-05-09,25750,26250,24600,24800,124713,-0.0461538461538461
2019-05-10,24600,25600,24350,24850,88766,0.002016129032258007
2019-05-13,24900,25750,24400,24450,93185,-0.01609657947686116
2019-05-14,23900,25150,23600,24700,77668,0.010224948875255713
2019-05-15,24750,25300,24750,25100,57504,0.0161943319838056
2019-05-16,24600,24800,23000,23500,195499,-0.06374501992031878
2019-05-17,23900,24300,23000,23150,112142,-0.014893617021276562
2019-05-20,23050,23350,22650,23250,71373,0.004319654427645814
2019-05-21,23250,23500,22950,23250,45412,0.0
2019-05-22,23300,23800,22950,23700,37115,0.019354838709677358
2019-05-23,23700,23700,22600,22600,49550,-0.04641350210970463
2019-05-24,22500,24700,22100,22650,351551,0.0022123893805310324
2019-05-27,22400,22850,22300,22350,61377,-0.013245033112582738
2019-05-28,22400,22800,22300,22600,47482,0.01118568232662187
2019-05-29,22900,23000,22100,22450,64203,-0.006637168141592875
2019-05-30,22200,22750,22050,22450,47792,0.0
2019-05-31,22350,22900,22300,22400,42715,-0.00222717149220486
2019-06-03,22150,22700,22150,22450,38787,0.0022321428571427937
2019-06-04,22150,23050,22150,22800,59694,0.015590200445434244
2019-06-05,22900,23350,22500,22600,67241,-0.00877192982456143
2019-06-07,22800,23500,22600,23200,69960,0.026548672566371723
2019-06-10,23300,23750,23000,23400,77563,0.008620689655172376
2019-06-11,23650,23700,23250,23450,59737,0.002136752136752129
2019-06-12,23500,23500,23000,23100,54307,-0.014925373134328401
2019-06-13,23000,23450,23000,23000,27161,-0.0043290043290042934
2019-06-14,23050,23050,22450,22800,58352,-0.008695652173912993
2019-06-17,22800,23200,22650,22950,39296,0.006578947368421018
2019-06-18,22800,23050,22250,22250,79230,-0.030501089324618702
2019-06-19,22400,23600,22300,23550,168733,0.05842696629213484
2019-06-20,23650,24700,23400,24050,313561,0.02123142250530785
2019-06-21,24250,24250,23300,23300,73800,-0.03118503118503113
2019-06-24,23150,23800,22950,23500,59824,0.008583690987124415
2019-06-25,23500,24300,23150,23250,143796,-0.010638297872340385
2019-06-26,23100,23700,22800,22950,80280,-0.012903225806451646
2019-06-27,22900,24400,22900,24100,206351,0.050108932461873534
2019-06-28,23900,24250,23400,23500,98144,-0.024896265560165998
2019-07-01,23550,23600,23000,23150,79452,-0.014893617021276562
2019-07-02,23150,23950,23150,23300,66048,0.00647948164146861
2019-07-03,23350,23650,22750,22900,65273,-0.01716738197424894
2019-07-04,22900,23150,22550,22950,52611,0.0021834061135370675
2019-07-05,23500,24650,23450,24150,347025,0.05228758169934644
2019-07-08,24150,24650,23250,23650,165989,-0.020703933747411973
2019-07-09,23450,23850,22400,22500,136553,-0.04862579281183932
2019-07-10,22500,22800,22350,22500,50012,0.0
2019-07-11,22500,22850,22350,22750,48736,0.011111111111111072
2019-07-12,22900,23000,22450,22650,46076,-0.00439560439560438
2019-07-15,22700,22700,21450,21650,148934,-0.04415011037527594
2019-07-16,21650,22150,21500,21900,56653,0.011547344110854452
2019-07-17,21650,21950,21000,21200,73714,-0.03196347031963476
2019-07-18,21050,21500,20900,21300,38705,0.004716981132075526
2019-07-19,21100,21700,21100,21650,42336,0.016431924882629012
2019-07-22,21700,21950,21100,21400,40631,-0.011547344110854452
2019-07-23,21650,21800,21250,21350,35112,-0.002336448598130869
2019-07-24,21250,21750,20950,20950,42555,-0.0187353629976581
2019-07-25,21000,21400,20200,20700,59453,-0.011933174224343701
2019-07-26,20350,21000,19850,20100,60145,-0.02898550724637683
2019-07-29,19900,20300,18850,18950,69942,-0.057213930348258724
2019-07-30,18500,19450,18500,18950,62364,0.0
2019-07-31,18650,19300,18350,19000,52111,0.0026385224274405594
2019-08-01,18650,19850,18650,19100,47070,0.0052631578947368585
2019-08-02,18550,19550,18150,19150,67731,0.002617801047120505
2019-08-05,18850,19200,16650,16800,136808,-0.12271540469973885
2019-08-06,15650,17500,15000,15900,246317,-0.0535714285714286
2019-08-07,15850,17700,15850,17400,134814,0.09433962264150941
2019-08-08,17800,18350,17700,17750,97305,0.02011494252873569
2019-08-09,18000,18550,17700,18050,88494,0.016901408450704203
2019-08-12,18050,18700,17700,18550,56048,0.027700831024930705
2019-08-13,18300,19800,18200,19100,204327,0.029649595687331498
2019-08-14,19500,19500,18750,18850,45761,-0.01308900523560208
2019-08-16,18500,18700,18050,18600,53356,-0.01326259946949604
2019-08-19,18600,19400,18600,18700,33244,0.005376344086021501
2019-08-20,18750,19000,18600,18700,31945,0.0
2019-08-21,18550,19150,18500,18900,23992,0.010695187165775444
2019-08-22,19000,19150,18400,18500,39471,-0.021164021164021163
2019-08-23,18150,18550,18050,18400,41136,-0.00540540540540535
2019-08-26,17900,18200,17300,17300,34254,-0.05978260869565222
2019-08-27,17800,18150,17550,17900,25643,0.034682080924855585
2019-08-28,18000,18350,17950,18250,18769,0.019553072625698276
2019-08-29,18250,18400,17750,18100,21605,-0.008219178082191747
2019-08-30,18350,19200,18350,18800,37712,0.03867403314917128
2019-09-02,18600,18950,18450,18900,23907,0.005319148936170137
2019-09-03,19100,19400,19000,19250,35612,0.0185185185185186
2019-09-04,19200,19400,19000,19200,19611,-0.0025974025974025983
2019-09-05,19300,19850,19150,19700,42175,0.02604166666666674
2019-09-06,19950,19950,19150,19400,26952,-0.015228426395939132
2019-09-09,19100,19350,18950,19000,24910,-0.020618556701030966
2019-09-10,18950,19300,18950,19150,13036,0.007894736842105177
2019-09-11,19150,19500,19050,19500,22792,0.018276762402088753
2019-09-16,19600,19650,19200,19600,36214,0.00512820512820511
2019-09-17,19500,19750,19300,19650,29472,0.0025510204081633514
2019-09-18,19700,19700,19400,19550,24874,-0.0050890585241730735
2019-09-19,19650,21150,19550,20900,180764,0.06905370843989767
2019-09-20,21050,21250,20650,20750,91536,-0.0071770334928229484
2019-09-23,20800,20800,20000,20300,52643,-0.02168674698795181
2019-09-24,20050,20450,20000,20350,31186,0.0024630541871921707
2019-09-25,20250,20350,19400,19400,61297,-0.04668304668304668
2019-09-26,19700,19800,18950,19150,41852,-0.012886597938144284
2019-09-27,19050,19550,19050,19300,30694,0.007832898172323688
2019-09-30,19000,19250,18800,19050,28525,-0.012953367875647714
2019-10-01,19100,19450,18950,19150,38443,0.005249343832020914
2019-10-02,19200,19250,18800,18950,20340,-0.010443864229765065
2019-10-04,18700,18950,18200,18400,35101,-0.02902374670184693
2019-10-07,18800,18800,17900,18000,35634,-0.021739130434782594
2019-10-08,17750,18400,17650,18150,34304,0.008333333333333304
2019-10-10,18450,19300,18250,19050,69281,0.04958677685950419
2019-10-11,19300,19300,18400,18400,55110,-0.034120734908136496
2019-10-14,18650,18750,18450,18550,26489,0.008152173913043459
2019-10-15,18550,18800,18250,18750,30069,0.010781671159029615
2019-10-16,18750,19400,18700,19050,33678,0.016000000000000014
2019-10-17,19050,19050,18500,18550,24804,-0.026246719160105014
2019-10-18,18550,18850,18500,18500,18462,-0.0026954177897574594
2019-10-21,18500,18700,18100,18400,22855,-0.00540540540540535
2019-10-22,18300,18550,18150,18200,30286,-0.010869565217391353
2019-10-23,18350,18350,17700,17850,64256,-0.019230769230769273
2019-10-24,17700,18000,17500,17800,39319,-0.0028011204481792618
2019-10-25,17800,18450,17800,18100,46790,0.016853932584269593
2019-10-28,17950,18500,17950,18450,41053,0.01933701657458564
2019-10-29,18550,19500,18450,18450,129212,0.0
2019-10-30,18500,18500,17950,18100,31631,-0.01897018970189701
2019-10-31,18050,18250,18000,18200,18642,0.005524861878453136
2019-11-01,18050,18200,18000,18100,21363,-0.005494505494505475
2019-11-04,18200,18500,18200,18500,26129,0.022099447513812098
2019-11-05,18650,19300,18650,18900,70880,0.021621621621621623
2019-11-06,19150,19150,18700,18800,31958,-0.005291005291005346
2019-11-07,18650,18900,18500,18650,18349,-0.007978723404255317
2019-11-08,18600,18950,18500,18750,18496,0.00536193029490617
2019-11-11,18800,18800,18400,18600,16769,-0.008000000000000007
2019-11-12,18750,18750,18250,18350,27873,-0.013440860215053752
2019-11-13,18450,18450,17900,18000,45604,-0.019073569482288777
2019-11-14,17950,18250,17800,17900,46018,-0.005555555555555536
2019-11-15,17900,18000,17750,17900,32968,0.0
2019-11-18,17900,18150,17800,17900,36077,0.0
2019-11-19,17900,17900,17550,17600,38031,-0.016759776536312887
2019-11-20,17500,17850,17100,17150,39997,-0.025568181818181768
2019-11-21,17100,17250,16100,16400,50426,-0.04373177842565601
2019-11-22,16550,16800,16300,16550,23429,0.009146341463414531
2019-11-25,16450,16750,16450,16600,24596,0.0030211480362538623
2019-11-26,16650,17000,16650,16800,20768,0.012048192771084265
2019-11-27,16750,17000,16500,16650,19516,-0.008928571428571397
2019-11-28,16650,16800,16600,16650,15901,0.0
2019-11-29,16600,16900,16400,16600,29062,-0.0030030030030030463
2019-12-02,16500,16800,16400,16500,13659,-0.0060240963855421326
2019-12-03,16300,16500,16100,16150,24560,-0.021212121212121238
2019-12-04,16150,16600,16050,16200,13877,0.003095975232198178
2019-12-05,16100,16250,15900,16150,32582,-0.0030864197530864335
2019-12-06,16150,16300,16000,16200,16284,0.003095975232198178
2019-12-09,16350,16350,15900,16200,22087,0.0
2019-12-10,16250,16300,16100,16250,10646,0.0030864197530864335
2019-12-11,16150,16550,16150,16550,16838,0.01846153846153853
2019-12-12,16700,17000,16550,16900,28378,0.02114803625377637
2019-12-13,17200,17450,16900,17300,35474,0.023668639053254337
2019-12-16,17200,17450,17100,17450,18236,0.00867052023121384
2019-12-17,17400,17700,17350,17650,32924,0.011461318051575908
2019-12-18,17950,18000,17400,17500,27224,-0.008498583569405138
2019-12-19,17500,17500,17200,17200,20306,-0.017142857142857126
2019-12-20,17300,17400,17200,17250,10074,0.0029069767441860517
2019-12-23,17450,17450,16950,17150,17937,-0.005797101449275366
2019-12-24,17000,17150,16700,16900,33379,-0.014577259475218707
2019-12-26,16800,17200,16500,16750,33540,-0.00887573964497046
2019-12-27,17000,17450,16650,17450,44168,0.04179104477611939
2019-12-30,17500,17600,17350,17400,26808,-0.002865329512893977
2020-01-02,17400,18300,17400,18200,81432,0.04597701149425282
2020-01-03,18250,18600,17900,18100,52875,-0.005494505494505475
2020-01-06,17850,18050,17300,17300,36071,-0.04419889502762431
2020-01-07,17250,17650,17150,17650,34377,0.020231213872832443
2020-01-08,17650,17700,16500,16950,71372,-0.03966005665722383
2020-01-09,17350,17550,17200,17400,23632,0.026548672566371723
2020-01-10,17500,18350,17500,18100,66644,0.04022988505747116
2020-01-13,18100,18450,17800,18350,59268,0.013812154696132506
2020-01-14,18400,18600,18000,18150,35618,-0.010899182561307952
2020-01-15,18000,18250,17900,18100,28185,-0.0027548209366391463
2020-01-16,18200,18850,18100,18350,69112,0.013812154696132506
2020-01-17,18400,18600,18300,18400,29925,0.0027247956403269047
2020-01-20,18550,18650,18000,18050,36523,-0.01902173913043481
2020-01-21,18050,18350,17800,18050,21685,0.0
2020-01-22,17950,18150,17850,18050,24678,0.0
2020-01-23,18000,18250,17750,17950,33851,-0.005540166204986097
2020-01-28,17150,17300,16750,16900,99216,-0.058495821727019504
2020-01-29,17100,17200,16900,16950,37697,0.002958579881656709
2020-01-30,16950,17150,16450,16500,47173,-0.026548672566371723
2020-01-31,16400,16700,16150,16200,41393,-0.018181818181818188
2020-02-03,15450,16050,15400,16000,59550,-0.012345679012345734
2020-02-04,15900,16450,15900,16400,22721,0.02499999999999991
2020-02-05,16800,16800,16200,16200,24060,-0.012195121951219523
2020-02-06,16300,16600,16300,16550,28147,0.021604938271605034
2020-02-07,16550,16600,16350,16500,12608,-0.0030211480362537513
2020-02-10,16500,16550,16250,16500,13945,0.0
2020-02-11,16450,17000,16450,16950,18588,0.027272727272727337
2020-02-12,17050,17200,16850,17000,32202,0.002949852507374562
2020-02-13,17000,18200,17000,17800,133166,0.04705882352941182
2020-02-14,17800,17850,17400,17600,37490,-0.011235955056179803
2020-02-17,17600,18050,17300,17650,56552,0.0028409090909091717
2020-02-18,17500,17750,17200,17400,37857,-0.014164305949008527
2020-02-19,17350,17500,16800,16950,31509,-0.025862068965517238
2020-02-20,16800,17100,16650,16800,28804,-0.008849557522123908
2020-02-21,16350,16700,15950,16250,48093,-0.03273809523809523
2020-02-24,15750,15900,15200,15400,90479,-0.05230769230769228
2020-02-25,15100,15850,15100,15450,40222,0.0032467532467532756
2020-02-26,15100,15350,14950,15200,43210,-0.016181229773462813
2020-02-27,15300,15400,14900,15100,39406,-0.006578947368421018
2020-02-28,14550,15200,13900,14050,88595,-0.06953642384105962
2020-03-02,14100,14600,13600,14500,56867,0.03202846975088969
2020-03-03,14750,15100,14700,14700,22710,0.01379310344827589
2020-03-04,14400,15100,14400,15100,22071,0.027210884353741527
2020-03-05,15250,15650,15050,15400,24390,0.019867549668874274
2020-03-06,15400,15400,14800,14900,22722,-0.03246753246753242
2020-03-09,14700,14700,13800,13850,42384,-0.07046979865771807
2020-03-10,13500,13800,13250,13700,57248,-0.010830324909747335
2020-03-11,13950,13950,12800,12900,57619,-0.058394160583941646
2020-03-12,12600,12850,11450,11550,143279,-0.10465116279069764
2020-03-13,10900,10900,9890,10150,290600,-0.12121212121212122
2020-03-16,10450,10700,9950,9950,98463,-0.019704433497536922
2020-03-17,9050,10100,9030,9900,77108,-0.005025125628140725
2020-03-18,9900,10100,8910,8910,125406,-0.09999999999999998
2020-03-19,8920,9150,6760,7110,218014,-0.202020202020202
2020-03-20,7110,7960,6950,7950,139780,0.1181434599156117
2020-03-23,7210,7570,7010,7010,82988,-0.1182389937106918
2020-03-24,7120,7550,7050,7500,67851,0.06990014265335232
2020-03-25,7870,9200,7870,8840,299520,0.17866666666666675
2020-03-26,9010,9330,8700,9050,131754,0.0237556561085972
2020-03-27,9500,9990,8990,9360,142953,0.034254143646408775
2020-03-30,9150,9580,8800,9570,67850,0.022435897435897356
2020-03-31,9950,10400,9670,10200,120436,0.0658307210031348
2020-04-01,10200,10950,9900,9900,154829,-0.02941176470588236
2020-04-02,9890,10850,9640,10400,225959,0.05050505050505061
2020-04-03,10600,10850,10200,10450,126049,0.004807692307692291
2020-04-06,10450,10950,10400,10800,131295,0.03349282296650724
2020-04-07,11300,13150,11050,12300,463806,0.13888888888888884
2020-04-08,12000,12600,11650,12100,133268,-0.016260162601625994
2020-04-09,12350,12550,12000,12050,72496,-0.004132231404958664
2020-04-10,12200,12250,11500,11900,69565,-0.012448132780082943
2020-04-13,11900,12350,11650,11800,44318,-0.008403361344537785
2020-04-14,11800,12000,11750,11750,49570,-0.004237288135593209
2020-04-16,12200,12200,11600,11900,54408,0.012765957446808418
2020-04-17,12100,13300,12050,12950,245931,0.08823529411764697
2020-04-20,13150,13150,12550,13050,153652,0.007722007722007707
2020-04-21,13000,13000,11800,12650,119482,-0.03065134099616862
2020-04-22,12200,12600,12100,12500,67091,-0.011857707509881465
2020-04-23,12750,16000,12750,14400,1777085,0.1519999999999999
2020-04-24,14400,15400,14250,14550,570453,0.01041666666666674
2020-04-27,14850,15150,14650,14850,165057,0.020618556701030855
2020-04-28,15950,17850,15750,16500,1328967,0.11111111111111116
2020-04-29,16450,16850,15850,15850,255654,-0.039393939393939426
2020-05-04,16000,16450,15500,16100,189893,0.01577287066246047
2020-05-06,16300,16600,15900,16150,124692,0.0031055900621117516
2020-05-07,16150,16600,16000,16100,118860,-0.003095975232198178
2020-05-08,16300,16350,15900,16000,102852,-0.006211180124223614
2020-05-11,16200,16400,15850,16400,104366,0.02499999999999991
2020-05-12,16550,16650,15650,16000,112629,-0.024390243902439046
2020-05-13,15650,16100,15450,15850,111698,-0.009375000000000022
2020-05-14,15850,15950,15350,15350,82827,-0.03154574132492116
2020-05-15,15550,15650,14950,15000,87934,-0.0228013029315961
2020-05-18,14700,15400,14100,15300,154624,0.020000000000000018
2020-05-19,15750,15750,15100,15400,93811,0.006535947712418277
2020-05-20,15400,15950,15200,15650,92364,0.016233766233766156
2020-05-21,16000,19300,15700,17000,4926600,0.08626198083067083
2020-05-22,16800,17250,16000,16050,850602,-0.055882352941176494
2020-05-25,16050,16650,16050,16250,213482,0.012461059190031154
2020-05-26,16450,16800,16250,16450,182420,0.012307692307692353
2020-05-27,16450,17000,16150,16550,274507,0.006079027355623046
2020-05-28,16600,16750,15450,15700,202030,-0.051359516616314216
2020-05-29,15700,15850,15150,15400,96580,-0.019108280254777066
2020-06-01,15450,16450,15450,15800,275321,0.025974025974025983
2020-06-02,15800,16150,15700,15800,80847,0.0
2020-06-03,15850,16100,15800,16000,87344,0.012658227848101333
2020-06-04,16150,16500,15900,16100,150895,0.006250000000000089
2020-06-05,16000,16200,15750,15800,90204,-0.018633540372670843
2020-06-08,16150,16550,15800,16550,156606,0.04746835443037978
2020-06-09,16550,16600,15950,16150,129716,-0.024169184290030232
2020-06-10,16150,17300,16150,16550,563006,0.024767801857585203
2020-06-11,16500,17000,16050,16150,153803,-0.024169184290030232
2020-06-12,15350,15650,14850,15550,145192,-0.037151702786377694
2020-06-15,15250,15550,14000,14000,167605,-0.09967845659163987
2020-06-16,14500,15000,14300,14950,87413,0.06785714285714284
2020-06-17,14800,15400,14650,15150,82309,0.013377926421404673
2020-06-18,15200,15350,14950,15100,57940,-0.0033003300330033403
2020-06-19,15100,15300,14700,14800,58220,-0.019867549668874163
2020-06-22,14700,15100,14550,14600,59303,-0.013513513513513487
2020-06-23,14900,15550,14750,15050,95769,0.03082191780821919
2020-06-24,15450,15650,15050,15450,146071,0.02657807308970095
2020-06-25,15150,15750,15150,15300,122743,-0.009708737864077666
2020-06-26,15550,15550,14900,15100,67363,-0.013071895424836555
2020-06-29,14750,15100,14500,14500,94066,-0.039735099337748325
2020-06-30,14700,14950,14500,14650,77705,0.010344827586206806
2020-07-01,14700,14750,14050,14150,103183,-0.03412969283276446
2020-07-02,14150,14250,14000,14100,64548,-0.0035335689045936647
2020-07-03,14500,14500,14150,14300,26342,0.014184397163120588
2020-07-06,14300,14300,13950,14150,69671,-0.010489510489510523
2020-07-07,14500,14500,14000,14000,61267,-0.010600706713780883
2020-07-08,14000,14000,13850,14000,34943,0.0
2020-07-09,14300,14600,13900,14500,141946,0.03571428571428581
2020-07-10,14550,14550,14100,14100,61120,-0.02758620689655178
2020-07-13,14150,14500,14150,14400,50246,0.02127659574468077
2020-07-14,14400,15350,14400,14500,240873,0.00694444444444442
2020-07-15,14700,15200,14650,14800,94540,0.020689655172413834
2020-07-16,15000,15000,14500,14500,62397,-0.020270270270270285
2020-07-17,14650,14800,14500,14700,29029,0.01379310344827589
2020-07-20,14700,14700,14250,14350,48894,-0.023809523809523836
2020-07-21,14400,14500,14250,14450,44526,0.006968641114982521
2020-07-22,14450,14700,14250,14500,55323,0.0034602076124568004
2020-07-23,14500,14600,14100,14200,55445,-0.020689655172413834
2020-07-24,14100,14350,14000,14250,55146,0.0035211267605634866
2020-07-27,14050,14300,14000,14150,48492,-0.007017543859649145
2020-07-28,14150,14400,14100,14150,53866,0.0
2020-07-29,14150,14250,14000,14050,39779,-0.007067137809187329
2020-07-30,14250,14300,14050,14100,40287,0.003558718861210064
2020-07-31,14100,14300,14000,14000,33113,-0.007092198581560294
2020-08-03,14250,14250,13700,14050,47320,0.0035714285714285587
2020-08-04,13900,14100,13900,14050,61210,0.0
2020-08-05,14100,14200,13900,14000,43447,-0.003558718861209953
2020-08-06,14000,14100,13800,13900,50924,-0.0071428571428571175
2020-08-07,13950,14000,13800,14000,51701,0.007194244604316502
2020-08-10,14100,14800,13900,14750,229008,0.0535714285714286
2020-08-11,14750,14750,14250,14300,79374,-0.03050847457627115
2020-08-12,14300,14550,14100,14200,54834,-0.006993006993006978
2020-08-13,14200,14800,14200,14600,117160,0.028169014084507005
2020-08-14,14700,14700,14000,14150,65159,-0.03082191780821919
2020-08-18,13950,14100,13050,13100,126653,-0.0742049469964664
2020-08-19,13100,13400,13050,13050,48027,-0.003816793893129722
2020-08-20,12950,13200,11650,11900,166594,-0.08812260536398464
2020-08-21,12000,12300,11700,11950,58169,0.004201680672268893
2020-08-24,11850,12350,11450,12350,44816,0.03347280334728042
2020-08-25,12300,12850,12250,12600,35976,0.020242914979757165
2020-08-26,12550,12900,12500,12700,40031,0.007936507936507908
2020-08-27,12750,12800,12250,12350,36377,-0.027559055118110187
2020-08-28,12450,12650,12200,12450,38676,0.00809716599190291
2020-08-31,12450,12700,12350,12500,31950,0.004016064257028162
2020-09-01,12550,12800,12500,12750,25648,0.020000000000000018
2020-09-02,12800,12900,12500,12700,26590,-0.0039215686274509665
2020-09-03,13050,13050,12750,12950,48402,0.019685039370078705
2020-09-04,12350,12850,12350,12750,60299,-0.015444015444015413
2020-09-07,12750,13100,12600,13050,41086,0.0235294117647058
2020-09-08,12950,13600,12950,13350,66963,0.02298850574712641
2020-09-09,13100,14250,13050,13300,123894,-0.0037453183520599342
2020-09-10,13450,13700,13350,13600,45563,0.022556390977443552
2020-09-11,13500,13750,13350,13700,36818,0.007352941176470562
2020-09-14,14100,14100,13700,13800,47333,0.007299270072992803
2020-09-15,13800,14100,13750,14050,64273,0.018115942028985588
2020-09-16,13850,14350,13800,13900,67886,-0.010676156583629859
2020-09-17,13800,14000,13500,13600,41653,-0.021582733812949617
2020-09-18,13600,13700,13300,13600,36948,0.0
2020-09-21,13500,13600,13300,13450,26119,-0.011029411764705843
2020-09-22,13500,13500,12850,13250,46637,-0.014869888475836479
2020-09-23,13150,13450,12900,13000,29967,-0.018867924528301883
2020-09-24,12650,12900,12450,12500,41468,-0.038461538461538436
2020-09-25,12500,12800,12350,12350,33291,-0.01200000000000001
2020-09-28,12350,13500,12100,13000,63322,0.05263157894736836
2020-09-29,12950,13200,12900,13000,20859,0.0
2020-10-05,13000,13750,13000,13700,63757,0.05384615384615388
2020-10-06,13850,14000,13400,13550,28349,-0.010948905109489093
2020-10-07,13550,13550,13250,13500,9446,-0.0036900369003689537
2020-10-08,13500,13700,13250,13300,24405,-0.014814814814814836
2020-10-12,13400,13600,13250,13500,19810,0.015037593984962516
2020-10-13,13700,13700,13300,13450,19627,-0.0037037037037036535
2020-10-14,13500,13500,13100,13200,22342,-0.018587360594795488
2020-10-15,13100,13300,12850,13050,27237,-0.011363636363636354
2020-10-16,13000,13100,12700,12850,20347,-0.01532567049808431
2020-10-19,12900,13000,12600,12750,16451,-0.0077821011673151474
2020-10-20,12750,12850,12500,12650,16513,-0.007843137254901933
2020-10-21,12600,12900,12600,12800,10263,0.011857707509881354
2020-10-22,12900,12900,12500,12750,17554,-0.00390625
2020-10-23,12900,13350,12700,12850,53296,0.007843137254901933
2020-10-26,12950,13250,12600,12700,69847,-0.011673151750972721
2020-10-27,12500,12850,12450,12650,29592,-0.003937007874015741
2020-10-28,13000,13300,12850,12950,97976,0.02371541501976293
2020-10-29,12800,12950,12500,12950,74031,0.0
2020-10-30,13150,13150,12500,12550,25226,-0.030888030888030937
2020-11-02,12800,12800,12550,12700,9622,0.01195219123505975
2020-11-03,12800,12850,12700,12750,16706,0.003937007874015741
2020-11-04,12800,12850,12600,12650,17909,-0.007843137254901933
2020-11-05,12650,12900,12550,12800,20636,0.011857707509881354
2020-11-06,12800,12800,12600,12750,24552,-0.00390625
2020-11-09,12700,13000,12700,12950,39505,0.015686274509803866
2020-11-10,13200,13200,12950,12950,44037,0.0
2020-11-11,13000,13700,12800,13600,114551,0.05019305019305009
2020-11-12,13350,13550,13300,13300,51284,-0.022058823529411797
2020-11-13,13400,13400,12900,12900,36137,-0.03007518796992481
2020-11-16,12900,13150,12850,12900,45090,0.0
2020-11-17,12850,13000,12700,12900,42925,0.0
2020-11-18,12900,13000,12750,12950,13244,0.003875968992248069
2020-11-19,13050,13050,12850,13000,22667,0.0038610038610038533
2020-11-20,13000,13050,12700,13050,23458,0.0038461538461538325
2020-11-23,13150,13200,12950,12950,32682,-0.007662835249042099
2020-11-24,13000,13600,12950,13400,103555,0.03474903474903468
2020-11-25,13400,13500,12900,13000,61869,-0.02985074626865669
2020-11-26,13050,13150,12850,13000,22711,0.0
2020-11-27,12900,13050,12750,12950,30721,-0.0038461538461538325
2020-11-30,13000,13250,12950,13150,35150,0.015444015444015413
2020-12-01,13150,13400,13050,13350,48121,0.015209125475285079
2020-12-02,13400,13500,13250,13400,44412,0.0037453183520599342
2020-12-03,13600,13750,13350,13450,72537,0.003731343283582156
2020-12-04,13500,13500,13100,13250,32656,-0.014869888475836479
2020-12-07,13250,13400,12900,12900,34935,-0.026415094339622636
2020-12-08,12900,13150,12750,13000,41854,0.007751937984496138
2020-12-09,13000,13150,12950,13000,45811,0.0
2020-12-10,13050,13200,12850,13050,32716,0.0038461538461538325
2020-12-11,13250,13500,13000,13250,69713,0.015325670498084198
2020-12-14,13750,17200,13700,17200,2763610,0.29811320754716975
2020-12-15,17900,18500,16800,18350,6440396,0.06686046511627897
2020-12-16,19000,19400,18050,18350,2032056,0.0
2020-12-17,18350,21150,17700,17800,4938697,-0.02997275204359673
2020-12-18,17950,19000,17600,18400,1495863,0.03370786516853941
2020-12-21,18100,18550,18100,18450,302583,0.0027173913043478937
2020-12-22,18300,18300,17500,17500,226844,-0.051490514905149
2020-12-23,17600,21550,17600,21550,1072449,0.23142857142857154
2020-12-24,21750,22050,18400,18700,1702806,-0.13225058004640367
2020-12-28,18650,20500,18200,18750,1501757,0.002673796791443861
2020-12-29,18900,19400,18650,18800,270795,0.002666666666666595
2020-12-30,18600,19350,18600,19250,294286,0.02393617021276606
2021-01-04,19300,20250,18950,20050,629247,0.04155844155844157
2021-01-05,19950,23400,19600,21050,1680726,0.04987531172069826
2021-01-06,21450,21450,20400,20400,410396,-0.030878859857482177
2021-01-07,20850,24150,20550,21950,2670187,0.0759803921568627
2021-01-08,22050,22850,21250,21900,986097,-0.002277904328018221
2021-01-11,21950,23200,21250,21900,806130,0.0
2021-01-12,22100,22100,20450,20850,377292,-0.047945205479452024
2021-01-13,21200,21350,20650,20700,194279,-0.007194244604316502
2021-01-14,20600,21400,20600,20950,189610,0.012077294685990392
2021-01-15,21100,21400,20000,20150,284372,-0.03818615751789978
2021-01-18,20150,20300,19200,19350,203204,-0.03970223325062039
2021-01-19,19350,19950,19050,19750,181963,0.02067183462532296
2021-01-20,20200,23200,19750,21400,2165412,0.08354430379746836
2021-01-21,21900,23800,21350,23000,1839955,0.07476635514018692
2021-01-22,22900,22950,21750,22150,616537,-0.036956521739130443
2021-01-25,22500,28750,22100,28750,4392845,0.2979683972911964
2021-01-26,31850,34950,29350,30400,9744175,0.05739130434782602
2021-01-27,30100,32250,29100,30750,2630610,0.011513157894736947
2021-01-28,29750,30700,29000,29100,824409,-0.0536585365853659
2021-01-29,29200,29450,26200,27000,974952,-0.07216494845360821
2021-02-01,27000,27950,26450,27650,786990,0.024074074074074137
2021-02-02,27800,29650,27350,29600,749379,0.07052441229656425
2021-02-03,29900,31800,28800,29300,1700319,-0.010135135135135087
2021-02-04,29550,30000,28950,29100,432763,-0.0068259385665528916
2021-02-05,29500,31950,29300,29900,2875236,0.027491408934707806
2021-02-08,29900,29900,28300,28500,475719,-0.04682274247491636
2021-02-09,28850,29450,27550,27600,359788,-0.03157894736842104
2021-02-10,27550,28600,27200,28450,218137,0.030797101449275388
2021-02-15,29100,30300,28800,30150,536390,0.05975395430579966
2021-02-16,30300,30600,29550,30200,294117,0.0016583747927032544
2021-02-17,30400,32500,29700,30900,1645872,0.023178807947019875
2021-02-18,30500,30650,29450,29550,349436,-0.043689320388349495
2021-02-19,30000,30750,28900,30650,374266,0.0372250423011844
2021-02-22,30950,31500,29600,29750,320147,-0.029363784665579096
2021-02-23,29350,29900,28650,29300,189371,-0.015126050420168013
2021-02-24,29000,29800,27700,27750,291652,-0.05290102389078499
2021-02-25,28600,28750,28000,28300,159147,0.01981981981981984
2021-02-26,27100,27500,26800,27350,225706,-0.03356890459363959
2021-03-02,28100,28100,26300,26650,181725,-0.025594149908592323
2021-03-03,26100,27500,25800,26500,154620,-0.0056285178236398226
2021-03-04,25850,26800,25650,25950,155079,-0.02075471698113207
2021-03-05,25550,25650,24700,25650,149601,-0.011560693641618491
2021-03-08,26150,26200,24700,24700,123086,-0.03703703703703709
2021-03-09,24550,24600,23350,24450,201302,-0.010121457489878583
2021-03-10,24950,24950,23150,23200,173233,-0.05112474437627812
2021-03-11,23300,24000,23200,23850,99786,0.028017241379310276
2021-03-12,23950,24950,23950,24550,128485,0.029350104821803003
2021-03-15,24700,25000,24250,24750,78697,0.008146639511201537
2021-03-16,25000,25050,24400,24700,79108,-0.002020202020202033
2021-03-17,24700,24900,24350,24600,61843,-0.004048582995951455
2021-03-18,24600,25800,24600,25450,150365,0.03455284552845539
2021-03-19,24750,26100,24600,25400,203334,-0.0019646365422396617
2021-03-22,25600,25650,25100,25400,66706,0.0
2021-03-23,25450,25650,24250,24250,130774,-0.04527559055118113
2021-03-24,24000,24400,23600,24200,91673,-0.0020618556701030855
2021-03-25,24100,24100,23350,23850,98261,-0.01446280991735538
2021-03-26,24000,24000,22800,23300,106564,-0.023060796645702264
2021-03-29,23100,23300,22350,22350,119081,-0.04077253218884125
2021-03-30,22500,24350,22500,23950,208391,0.07158836689038028
2021-03-31,24200,24200,23400,23700,70897,-0.01043841336116913
2021-04-01,23850,25800,23500,25450,266270,0.07383966244725748
2021-04-02,25900,25900,24850,25700,190941,0.00982318271119853
2021-04-05,27150,32800,26500,28950,6171981,0.1264591439688716
2021-04-06,29450,30300,28950,30200,1396280,0.04317789291882557
2021-04-07,29900,29950,28600,28900,528630,-0.04304635761589404
2021-04-08,28600,31700,28400,31050,1553387,0.07439446366781999
2021-04-09,30300,30650,29800,30100,464842,-0.03059581320450888
2021-04-12,30050,30100,29000,29250,277366,-0.028239202657807327
2021-04-13,29100,29650,28750,29100,237700,-0.00512820512820511
2021-04-14,29200,31400,29200,29500,1029549,0.013745704467353903
2021-04-15,29650,31100,29050,29850,630353,0.011864406779660941
2021-04-16,30250,30300,29400,29550,232398,-0.01005025125628145
2021-04-19,29600,29850,29050,29300,192900,-0.008460236886632777
2021-04-20,29300,29350,28800,29350,141059,0.0017064846416381396
2021-04-21,29150,29600,28750,28850,160027,-0.017035775127768327
2021-04-22,28850,29200,28600,28700,99578,-0.005199306759098743
2021-04-23,28550,28550,28000,28050,160154,-0.022648083623693416
2021-04-26,28300,28800,27650,28450,155246,0.01426024955436711
2021-04-27,28500,29100,28100,28250,138770,-0.007029876977152849
2021-04-28,28000,28100,27000,27200,170129,-0.03716814159292037
2021-04-29,27250,28300,26350,27550,174799,0.012867647058823595
2021-04-30,27450,27950,26400,26500,127021,-0.038112522686025385
2021-05-03,26150,26750,25800,26000,88770,-0.018867924528301883
2021-05-04,25750,26350,25350,25950,88856,-0.0019230769230769162
2021-05-06,25700,26850,25700,26850,65324,0.034682080924855585
2021-05-07,26800,27200,26600,26950,47988,0.003724394785847407
2021-05-10,27200,27250,26550,26900,63440,-0.0018552875695733162
2021-05-11,26650,26800,26000,26050,65321,-0.03159851301115246
2021-05-12,26000,26250,25050,25300,87271,-0.028790786948176605
2021-05-13,24500,26150,24300,25350,80242,0.0019762845849802257
2021-05-14,25450,25750,25000,25250,43310,-0.0039447731755424265
2021-05-17,25600,26600,24650,25300,124687,0.001980198019801982
2021-05-18,25250,26150,25250,25600,57446,0.011857707509881354
2021-05-20,25700,26150,25300,25750,49738,0.005859375
2021-05-21,26100,26100,25600,25650,45055,-0.003883495145631022
2021-05-24,25700,25750,25000,25100,32724,-0.021442495126705707
2021-05-25,25100,25800,25000,25300,52546,0.007968127490039834
2021-05-26,25200,26300,25200,25950,93229,0.025691699604743157
2021-05-27,25900,25950,25300,25750,49056,-0.0077071290944122905
2021-05-28,26100,26250,25550,25900,63782,0.005825242718446644
2021-05-31,25900,26200,25700,25900,39310,0.0
2021-06-01,25900,26450,25800,26450,68844,0.021235521235521304
2021-06-02,26500,26550,26050,26300,51613,-0.005671077504725952
2021-06-03,26450,27850,26250,27050,200377,0.028517110266159662
2021-06-04,27100,28050,26450,27500,164586,0.01663585951940849
2021-06-07,27750,27850,26850,27100,92111,-0.014545454545454528
2021-06-08,27100,27100,26450,26500,75531,-0.022140221402214055
2021-06-09,26300,27200,26300,26500,64554,0.0
2021-06-10,26500,26600,26150,26500,46786,0.0
2021-06-11,26400,27400,26400,26750,96766,0.009433962264151052
2021-06-14,27000,27100,26600,26700,40566,-0.0018691588785046953
2021-06-15,26700,26800,26300,26450,45801,-0.009363295880149836
2021-06-16,26700,27750,26300,27300,199797,0.032136105860113506
2021-06-17,27500,27800,27250,27750,107168,0.016483516483516425
2021-06-18,28000,28000,27400,27500,92466,-0.009009009009009028
2021-06-21,27500,27500,26600,26600,90312,-0.032727272727272716
2021-06-22,27200,27900,26950,27000,88475,0.015037593984962516
2021-06-23,27050,27500,26350,26600,92280,-0.014814814814814836
2021-06-24,26800,28450,26800,28450,471606,0.06954887218045114
2021-06-25,28400,28650,27950,28400,197567,-0.0017574692442882123
2021-06-28,28200,28600,27800,28000,147978,-0.014084507042253502
2021-06-29,28300,28350,26600,27600,161296,-0.014285714285714235
2021-06-30,27550,27950,27300,27500,86398,-0.0036231884057971175
2021-07-01,27550,27750,27050,27200,73696,-0.010909090909090868
2021-07-02,27450,27850,27050,27050,97921,-0.005514705882352922
2021-07-05,26800,27350,26800,27150,58743,0.003696857670979714
2021-07-06,27400,28050,27050,27600,138276,0.016574585635359185
2021-07-07,27350,27500,26800,26950,94438,-0.023550724637681153
2021-07-08,26800,27150,25700,26150,156440,-0.029684601113172504
2021-07-09,25500,25850,25000,25550,107181,-0.02294455066921608
2021-07-12,25550,26200,25400,25900,58230,0.013698630136986356
2021-07-13,26000,29700,25900,27400,1690026,0.05791505791505802
2021-07-14,27250,28000,26550,27650,244348,0.009124087591240837
2021-07-15,27650,28150,27450,27450,162029,-0.007233273056057921
2021-07-16,27400,27750,27050,27350,85308,-0.0036429872495445936
2021-07-19,27350,27350,26950,27150,65795,-0.007312614259597838
2021-07-20,26500,27100,26100,26950,106124,-0.007366482504604033
2021-07-21,26950,27000,26250,26250,71399,-0.025974025974025983
2021-07-22,26300,26800,26250,26300,56396,0.0019047619047618536
2021-07-23,26300,26800,26300,26600,43966,0.011406844106463865
2021-07-26,26550,26600,25800,25900,59731,-0.02631578947368418
2021-07-27,25950,26250,25650,25750,63485,-0.00579150579150578
2021-07-28,25600,26200,25500,25600,52837,-0.005825242718446644
2021-07-29,25750,26850,25700,26250,123468,0.025390625
2021-07-30,26250,26300,25500,25550,61836,-0.026666666666666616
2021-08-02,25550,25850,25350,25550,32993,0.0
2021-08-03,25550,25900,25500,25550,38196,0.0
2021-08-04,25900,25950,25450,25650,24150,0.00391389432485334
2021-08-05,25800,26350,25650,25900,42416,0.00974658869395717
2021-08-06,25850,26300,25850,25950,39955,0.0019305019305020377
2021-08-09,26300,26300,25900,26000,46506,0.0019267822736031004
2021-08-10,26050,27150,25650,26200,108161,0.007692307692307665
2021-08-11,26300,26400,25600,25700,67805,-0.01908396946564883
2021-08-12,25850,25950,25500,25650,33361,-0.0019455252918287869
2021-08-13,25500,25900,24550,25000,89683,-0.025341130604288553
2021-08-17,25000,25150,23850,23900,85339,-0.04400000000000004
2021-08-18,23000,24300,23000,23900,71202,0.0
2021-08-19,23850,23850,22400,22500,103220,-0.05857740585774063
2021-08-20,22500,22750,21250,21450,172020,-0.046666666666666634
2021-08-23,21450,22200,21300,21900,98443,0.020979020979021046
2021-08-24,21950,23150,21950,22650,84106,0.03424657534246567
2021-08-25,22800,23300,22500,22750,60645,0.004415011037527616
2021-08-26,22950,23000,22400,22500,39134,-0.01098901098901095
2021-08-27,22200,22850,22000,22600,51441,0.004444444444444473
2021-08-30,22700,23250,22700,23050,46055,0.019911504424778848
2021-08-31,23100,23200,22800,23150,34972,0.00433839479392617
2021-09-01,23300,23400,22900,23050,40002,-0.004319654427645814
2021-09-02,23050,23050,22750,22850,35738,-0.008676789587852451
2021-09-03,23200,26700,22850,25050,755473,0.0962800875273524
2021-09-06,24700,25150,24500,24550,91691,-0.019960079840319334
2021-09-07,24700,25300,24600,24700,103595,0.006109979633401208
2021-09-08,24450,24500,24000,24100,66393,-0.02429149797570851
2021-09-09,24000,24100,23400,23400,59025,-0.02904564315352698
2021-09-10,23400,24650,23400,24200,98994,0.03418803418803429
2021-09-13,24000,25250,23650,24500,191036,0.012396694214876103
2021-09-14,24200,24450,24050,24100,43446,-0.01632653061224487
2021-09-15,24300,24300,23800,23900,24444,-0.008298755186721962
2021-09-16,23950,24450,23600,23600,28823,-0.012552301255230103
2021-09-17,23700,23950,23450,23800,33480,0.008474576271186418
2021-09-23,23300,23550,23200,23250,28929,-0.02310924369747902
2021-09-24,23350,23600,22850,23000,35357,-0.010752688172043001
2021-09-27,23100,23100,22500,22950,26343,-0.0021739130434782483
2021-09-28,22850,23500,22450,22550,36134,-0.017429193899782147
2021-09-29,21850,22850,21700,22000,59613,-0.024390243902439046
2021-09-30,22250,22650,22000,22000,41724,0.0
2021-10-01,21700,22150,21350,21500,48613,-0.022727272727272707
2021-10-05,21000,21450,20150,20600,69173,-0.041860465116279055
2021-10-06,20300,20850,19250,19250,150552,-0.06553398058252424
2021-10-07,19200,19900,19200,19900,80939,0.033766233766233666
2021-10-08,19850,20250,19300,19600,67057,-0.015075376884422065
2021-10-12,19900,19950,19000,19150,52691,-0.022959183673469385
2021-10-13,19000,19650,19000,19650,37868,0.02610966057441244
2021-10-14,19650,20200,19500,20200,48403,0.027989821882951738
2021-10-15,20350,20500,20000,20400,52218,0.00990099009900991
2021-10-18,20550,20600,20050,20550,33642,0.007352941176470562
2021-10-19,20300,20650,20300,20400,25265,-0.007299270072992692
2021-10-20,20500,20800,20100,20100,51282,-0.014705882352941124
2021-10-21,20200,20600,20000,20100,36493,0.0
2021-10-22,20000,20300,19900,20000,22317,-0.00497512437810943
2021-10-25,20000,20150,19750,20100,27903,0.004999999999999893
2021-10-26,20100,20700,20100,20700,34424,0.029850746268656803
2021-10-27,20700,21450,20450,20900,70372,0.009661835748792313
2021-10-28,20900,21200,20700,20800,32242,-0.004784688995215336
2021-10-29,21300,21300,20250,20300,35848,-0.024038461538461564
2021-11-01,20400,20800,20200,20400,28862,0.0049261083743843415
2021-11-02,20550,21250,20400,20850,35912,0.022058823529411686
2021-11-03,20850,20950,20300,20300,25095,-0.026378896882493952
2021-11-04,20450,20700,20200,20350,29439,0.0024630541871921707
2021-11-05,20500,20500,19900,20100,29804,-0.012285012285012331
2021-11-08,19950,20100,19700,20100,28166,0.0
2021-11-09,20050,20200,19700,19850,26037,-0.01243781094527363
2021-11-10,19850,19850,18950,19000,52128,-0.04282115869017633
2021-11-11,18950,19200,18700,18850,35524,-0.007894736842105288
2021-11-12,18950,19500,18950,19450,30067,0.03183023872679036
2021-11-15,19300,20650,19300,20300,76162,0.04370179948586128
2021-11-16,20400,20400,20000,20100,28986,-0.009852216748768461
2021-11-17,20400,20400,19700,19750,32925,-0.01741293532338306
2021-11-18,19750,19950,19300,19900,29760,0.0075949367088608
2021-11-19,20050,22550,19950,21050,381550,0.057788944723618174
2021-11-22,21200,21550,20850,21450,99491,0.019002375296912177
2021-11-23,21450,21550,20750,20750,54586,-0.03263403263403264
2021-11-24,20400,21050,20150,20500,42794,-0.012048192771084376
2021-11-25,20700,20850,20050,20150,42496,-0.017073170731707332
2021-11-26,20200,20400,19450,19550,57375,-0.02977667493796521
2021-11-29,18650,19350,18650,18950,61664,-0.03069053708439895
2021-11-30,19150,19350,18000,18000,72668,-0.05013192612137207
2021-12-01,18000,18750,17600,18700,40828,0.03888888888888897
2021-12-02,18500,19050,18400,18950,25805,0.013368983957219305
2021-12-03,18850,19200,18850,19150,18267,0.01055408970976246
2021-12-06,19150,19200,18650,19200,17506,0.0026109660574411553
2021-12-07,19050,19600,19050,19500,26209,0.015625
2021-12-08,19600,20100,19350,19350,39265,-0.007692307692307665
2021-12-09,19350,19550,19250,19450,12806,0.0051679586563306845
2021-12-10,19150,19450,19150,19400,17861,-0.0025706940874036244
2021-12-13,21850,23900,21600,22400,1414711,0.15463917525773185
2021-12-14,22450,22850,20850,20900,362470,-0.0669642857142857
2021-12-15,20600,21500,20450,21350,162600,0.021531100478468845
2021-12-16,21300,26850,21250,24300,3996916,0.13817330210772827
2021-12-17,24350,25250,24050,24500,514157,0.008230452674897082
2021-12-20,25000,25500,23450,23450,414627,-0.042857142857142816
2021-12-21,23450,26850,23450,23700,2066281,0.010660980810234477
2021-12-22,24450,25400,23950,24150,509057,0.018987341772152
2021-12-23,24050,24850,23000,24300,575784,0.006211180124223503
2021-12-24,24100,24700,23800,23900,227710,-0.016460905349794275
2021-12-27,24900,26600,24450,26000,1614082,0.08786610878661083
2021-12-28,26200,26250,24850,25250,450072,-0.028846153846153855
2021-12-29,26450,28500,25750,26250,2043818,0.03960396039603964
2021-12-30,28150,28800,26550,26550,1623979,0.011428571428571344
2022-01-03,26700,31400,25700,29750,3898590,0.12052730696798486
2022-01-04,29200,32650,28650,29950,6022093,0.006722689075630228
2022-01-05,30500,32150,27100,28000,2164881,-0.06510851419031716
2022-01-06,27000,27200,25500,25800,768605,-0.07857142857142863
2022-01-07,25700,28750,25700,26950,1758877,0.04457364341085279
2022-01-10,26500,29100,25700,27150,1006970,0.007421150278293043
2022-01-11,27650,27950,25500,25650,477772,-0.05524861878453036
2022-01-12,25650,26350,24950,25500,378758,-0.005847953216374324
2022-01-13,25500,29550,25500,27500,2296773,0.07843137254901955
2022-01-14,26800,28200,26600,27050,622276,-0.016363636363636358
2022-01-17,27200,27250,25300,25450,321952,-0.05914972273567465
2022-01-18,25850,27100,24900,24950,544324,-0.01964636542239684
2022-01-19,24500,25700,23900,24100,387573,-0.034068136272545124
2022-01-20,24100,25000,23800,24850,187324,0.03112033195020736
2022-01-21,24300,25100,23550,24000,269223,-0.03420523138832998
2022-01-24,23600,23700,22650,22750,193968,-0.05208333333333337
2022-01-25,23050,24000,22050,22050,312451,-0.03076923076923077
2022-01-26,22000,23100,22000,22350,232312,0.013605442176870763
2022-01-27,22700,23100,21150,21300,202368,-0.046979865771812124
2022-01-28,21600,22800,21100,22600,288556,0.06103286384976525
2022-02-03,23300,23900,22700,23100,170442,0.022123893805309658
2022-02-04,22900,25150,22700,24250,498875,0.04978354978354971
2022-02-07,24100,24650,23500,24150,163191,-0.004123711340206171
2022-02-08,24400,25800,24050,24450,470513,0.012422360248447228
2022-02-09,24850,25250,24300,24750,121465,0.012269938650306678
2022-02-10,24900,24900,23650,23700,150838,-0.042424242424242475
2022-02-11,23200,23600,22600,22800,144715,-0.03797468354430378
2022-02-14,22250,22850,21700,21700,142749,-0.04824561403508776
2022-02-15,21700,22800,21250,21650,131256,-0.0023041474654378336
2022-02-16,22150,22600,22000,22150,102722,0.023094688221708903
2022-02-17,22200,22550,21450,21750,128763,-0.018058690744920947
2022-02-18,21300,22300,21250,22250,76017,0.02298850574712641
2022-02-21,21750,22000,21250,21850,60155,-0.017977528089887618
2022-02-22,21200,21750,20800,20950,104303,-0.041189931350114395
2022-02-23,21250,22450,21100,21800,174422,0.04057279236276856
2022-02-24,21650,22300,21150,21350,167170,-0.020642201834862428
2022-02-25,22000,24550,21800,23200,1041455,0.08665105386416871
2022-02-28,23000,23850,22700,23400,198160,0.008620689655172376
2022-03-02,23300,23650,23000,23500,140011,0.004273504273504258
2022-03-03,23700,23750,23200,23550,92481,0.0021276595744681437
2022-03-04,23550,24450,23400,23700,206073,0.006369426751592355
2022-03-07,23000,23250,22600,22850,78707,-0.03586497890295359
2022-03-08,22100,23100,22050,22250,114526,-0.026258205689277947
2022-03-10,23300,23350,22600,22750,82268,0.022471910112359605
2022-03-11,22750,23200,22550,22900,81446,0.00659340659340657
2022-03-14,23050,28000,22850,25850,3174224,0.12882096069868987
2022-03-15,26250,27350,25700,26850,1100418,0.03868471953578334
2022-03-16,26950,26950,26000,26850,652580,0.0
2022-03-17,28400,30150,26150,26150,2504769,-0.02607076350093107
2022-03-18,26450,27700,26250,27000,626801,0.03250478011472269
2022-03-21,27650,27700,26700,26800,376153,-0.007407407407407418
2022-03-22,26400,27250,26050,26550,294938,-0.009328358208955279
2022-03-23,26600,27200,26000,26900,355828,0.013182674199623268
2022-03-24,26950,27950,26600,27300,510153,0.014869888475836479
2022-03-25,27800,28200,27050,27400,676017,0.00366300366300365
2022-03-28,27450,28350,27100,27400,521856,0.0
2022-03-29,27500,27750,26400,26400,243444,-0.03649635036496346
2022-03-30,26400,26450,25300,25500,277976,-0.03409090909090906
2022-03-31,25350,25950,25350,25600,86745,0.0039215686274509665
2022-04-01,25400,25700,25200,25500,72678,-0.00390625
2022-04-04,25550,26600,25400,26500,252582,0.03921568627450989
2022-04-05,26450,26750,26200,26400,111165,-0.0037735849056603765
2022-04-06,26350,27150,26100,26550,206641,0.005681818181818121
2022-04-07,26100,26300,25000,25000,172071,-0.05838041431261776
2022-04-08,25000,25250,24250,24750,114212,-0.010000000000000009
2022-04-11,24800,26000,24800,24950,175152,0.008080808080808133
2022-04-12,24550,24800,24000,24250,111323,-0.028056112224448926
2022-04-13,24700,25050,24400,24950,88115,0.028865979381443196
2022-04-14,24900,25700,24800,25150,126830,0.008016032064128265
2022-04-15,24800,25300,24600,25200,57109,0.001988071570576455
2022-04-18,25150,25600,24800,24950,73106,-0.009920634920634885
2022-04-19,24950,25250,24800,25000,45122,0.002004008016031955
2022-04-20,25150,25150,24500,24500,55814,-0.020000000000000018
2022-04-21,24450,25200,24450,24650,93058,0.00612244897959191
2022-04-22,25550,26100,24700,24700,383941,0.0020283975659229903
2022-04-25,24250,24700,23900,23900,88941,-0.03238866396761131
2022-04-26,24100,25550,23950,24650,310559,0.03138075313807542
2022-04-27,24100,24450,23900,24300,87978,-0.014198782961460488
2022-04-28,24350,24500,23350,23650,113835,-0.026748971193415683
2022-04-29,23750,24300,23650,24200,60022,0.023255813953488413
2022-05-02,23650,24300,23600,24200,52938,0.0
2022-05-03,24250,25450,24050,24700,199994,0.02066115702479343
2022-05-04,25150,25300,24450,24500,124082,-0.0080971659919028
2022-05-06,24000,24300,23950,24000,59899,-0.020408163265306145
2022-05-09,23850,24200,22450,22600,138540,-0.05833333333333335
2022-05-10,21950,22400,21100,22250,118989,-0.015486725663716783
2022-05-11,22100,22800,21900,22400,48066,0.006741573033707926
2022-05-12,21800,22150,21150,21200,102542,-0.0535714285714286
2022-05-13,21250,22000,21250,21500,46390,0.014150943396226356
2022-05-16,21600,22250,21600,21650,49759,0.006976744186046435
2022-05-17,21550,22250,21350,22000,51253,0.01616628175519641
2022-05-18,22200,23000,22100,22250,133708,0.011363636363636465
2022-05-19,21600,21900,21350,21750,58146,-0.022471910112359605
2022-05-20,22300,22450,21800,22150,55009,0.01839080459770126
2022-05-23,23000,23250,22400,22500,115871,0.015801354401805856
2022-05-24,22550,23350,22200,22550,153666,0.0022222222222221255
2022-05-25,22850,22950,22200,22550,54562,0.0
2022-05-26,22550,23050,22100,22100,53924,-0.019955654101995512
2022-05-27,22500,22550,22050,22050,38947,-0.002262443438914019
2022-05-30,22400,22950,22250,22800,71256,0.03401360544217691
2022-05-31,23200,23250,22750,22750,57637,-0.002192982456140302
2022-06-02,22750,23500,22600,23000,70979,0.01098901098901095
2022-06-03,23000,23200,22650,22750,38575,-0.010869565217391353
2022-06-07,22950,23400,22850,22850,78521,0.00439560439560438
2022-06-08,22900,23050,22500,22550,37653,-0.013129102844638973
2022-06-09,22800,24300,22500,22850,198332,0.013303769401330268
2022-06-10,22750,23150,22600,22750,42791,-0.004376367614879695
2022-06-13,22000,22300,21050,21050,105205,-0.07472527472527468
2022-06-14,20100,21050,20100,21000,79771,-0.002375296912114022
2022-06-15,20500,26700,20500,22550,3654147,0.07380952380952377
2022-06-16,22700,23600,22050,22300,681524,-0.011086474501108667
2022-06-17,21450,22250,21150,21900,239203,-0.017937219730941756
2022-06-20,21650,22050,20050,20050,262699,-0.08447488584474883
2022-06-21,19850,20550,19700,19900,189724,-0.007481296758104716
2022-06-22,20050,20500,18500,18500,173898,-0.07035175879396982
2022-06-23,18250,18700,16950,17000,195206,-0.08108108108108103
2022-06-24,17000,17900,16850,17750,129633,0.044117647058823595
2022-06-27,18100,19050,17950,18800,116068,0.05915492957746471
2022-06-28,18500,20500,18500,19200,471877,0.02127659574468077
2022-06-29,18750,19150,18650,19000,57930,-0.01041666666666663
2022-06-30,18850,19400,18100,18200,96724,-0.04210526315789476
2022-07-01,18200,18650,17550,18000,77132,-0.01098901098901095
2022-07-04,18000,18300,17100,17450,56862,-0.030555555555555558
2022-07-05,17450,18050,17450,18000,38683,0.03151862464183375
2022-07-06,18000,18300,17550,17900,53710,-0.005555555555555536
2022-07-07,18000,19200,17900,18800,115840,0.05027932960893855
2022-07-08,18900,19200,18500,18500,49731,-0.015957446808510634
2022-07-11,18500,19400,18400,18800,88793,0.016216216216216273
2022-07-12,18650,18650,17900,17950,73462,-0.04521276595744683
2022-07-13,18100,18500,17800,18100,65909,0.008356545961002881
2022-07-14,18050,18350,17850,18250,39877,0.008287292817679592
2022-07-15,18250,18450,17750,17950,43947,-0.016438356164383605
2022-07-18,18250,19350,18250,19050,158340,0.06128133704735372
2022-07-19,19050,19250,18700,19150,59300,0.005249343832020914
2022-07-20,19450,19500,19000,19000,92084,-0.007832898172323799
2022-07-21,19250,19650,19100,19500,123094,0.026315789473684292
2022-07-22,19500,19600,19050,19150,48911,-0.017948717948717996
2022-07-25,19100,19250,18800,19250,24810,0.005221932114882533
2022-07-26,19250,19800,19100,19450,104705,0.010389610389610393
2022-07-27,19300,19650,19250,19500,61783,0.0025706940874035134
2022-07-28,19750,19750,19350,19400,50580,-0.00512820512820511
2022-07-29,19600,19850,19500,19650,78580,0.012886597938144284
2022-08-01,19850,20500,19850,20400,188630,0.03816793893129766
2022-08-02,20800,21900,20650,20950,449615,0.026960784313725394
2022-08-03,21200,21200,20400,20700,79962,-0.011933174224343701
2022-08-04,20900,20950,20550,20700,69533,0.0
2022-08-05,20550,20800,20300,20500,68649,-0.009661835748792313
2022-08-08,20750,21200,20650,21050,133177,0.02682926829268295
2022-08-09,20800,21100,20550,20750,59948,-0.014251781472684133
2022-08-10,20700,20750,20300,20400,45030,-0.016867469879518038
2022-08-11,20700,20850,20450,20600,46146,0.009803921568627416
2022-08-12,20600,21350,20600,20850,101426,0.012135922330097193
2022-08-16,21100,21450,20900,21000,69251,0.007194244604316502
2022-08-17,21100,21500,20750,21300,88646,0.014285714285714235
2022-08-18,21250,22150,20950,21600,174576,0.014084507042253502
2022-08-19,22150,22150,21050,21100,132480,-0.02314814814814814
2022-08-22,20600,20900,20350,20350,80642,-0.03554502369668244
2022-08-23,20000,20650,19850,20100,75385,-0.012285012285012331
2022-08-24,20400,21300,20150,20850,93786,0.03731343283582089
2022-08-25,20800,21200,20700,20950,47595,0.004796163069544335
2022-08-26,21150,21150,20500,20500,43948,-0.021479713603818618
2022-08-29,19850,20050,19650,19900,65307,-0.029268292682926855
2022-08-30,19800,20200,19800,20100,31796,0.01005025125628145
2022-08-31,19950,20300,19750,20100,36933,0.0
2022-09-01,19800,20000,19500,19500,51510,-0.02985074626865669
2022-09-02,19700,19950,19250,19250,30690,-0.012820512820512775
2022-09-05,19050,19400,18800,18950,33429,-0.01558441558441559
2022-09-06,18800,19350,18800,19300,29331,0.01846965699208436
2022-09-07,19050,19200,18700,18700,31420,-0.031088082901554404
2022-09-08,18950,19550,18900,19100,38757,0.021390374331550888
2022-09-13,19500,20100,19400,20100,61017,0.05235602094240832
2022-09-14,19100,20150,19100,20050,63478,-0.0024875621890547706
2022-09-15,20500,20700,19900,20200,69881,0.007481296758104827
2022-09-16,20150,21050,20050,20400,156874,0.00990099009900991
2022-09-19,20500,20950,19950,20000,85445,-0.019607843137254943
2022-09-20,20250,21600,20150,21600,368127,0.08000000000000007
2022-09-21,21350,21550,20750,21100,139474,-0.02314814814814814
2022-09-22,20800,21750,20650,21550,145165,0.021327014218009532
2022-09-23,21500,21550,20650,21000,125937,-0.025522041763341052
2022-09-26,20600,20600,19200,19400,118068,-0.07619047619047614
2022-09-27,19350,19600,18700,19200,85507,-0.010309278350515427
2022-09-28,18950,19150,17650,17700,101975,-0.078125
2022-09-29,18200,18400,17250,17250,77291,-0.025423728813559365
2022-09-30,16750,17450,16750,17100,61335,-0.008695652173912993
2022-10-04,17400,17850,17400,17800,38483,0.040935672514619936
2022-10-05,18100,18300,17500,17650,37087,-0.008426966292134797
2022-10-06,17800,18400,17750,18200,51449,0.031161473087818692
2022-10-07,18200,18750,18000,18250,46532,0.0027472527472527375
2022-10-11,17900,17950,17200,17450,67184,-0.043835616438356206
2022-10-12,17300,17700,17200,17350,33130,-0.005730659025787954
2022-10-13,17150,17350,16350,16550,59148,-0.04610951008645536
2022-10-14,16950,17150,16750,17000,32208,0.027190332326284095
2022-10-17,16800,17850,16750,17850,66226,0.050000000000000044
2022-10-18,18200,18300,17850,18150,56486,0.01680672268907557
2022-10-19,18300,18500,17950,18250,40751,0.005509641873278293
2022-10-20,18250,18300,17650,17750,24364,-0.0273972602739726
2022-10-21,17900,18750,17650,17700,82990,-0.0028169014084507005
2022-10-24,18150,18300,17750,17900,38358,0.011299435028248483
2022-10-25,18000,18200,17750,17950,24234,0.0027932960893854997
2022-10-26,17950,18150,17300,17350,38079,-0.03342618384401119
2022-10-27,17350,17650,17250,17550,34579,0.011527377521613813
2022-10-28,17350,17600,17200,17350,25333,-0.01139601139601143
2022-10-31,17650,17700,17300,17450,25889,0.0057636887608070175
2022-11-01,17300,18050,17300,17900,41207,0.025787965616045794
2022-11-02,17750,17900,17550,17700,24654,-0.011173184357541888
2022-11-03,17600,18350,17550,18150,61954,0.025423728813559254
2022-11-04,18150,18250,17850,18150,32811,0.0
2022-11-07,18250,18400,17950,18250,37496,0.005509641873278293
2022-11-08,18250,18650,18250,18450,59098,0.010958904109588996
2022-11-09,18500,19200,18400,18850,108498,0.021680216802167918
2022-11-10,18750,18800,18300,18650,27828,-0.010610079575596787
2022-11-11,19300,19450,18650,18950,86076,0.01608579088471851
2022-11-14,19100,19450,18800,19000,73095,0.0026385224274405594
2022-11-15,19300,19450,19200,19350,51723,0.018421052631578894
2022-11-16,19450,19500,19000,19300,42046,-0.0025839793281653423
2022-11-17,19300,20200,19250,19600,192418,0.015544041450777257
2022-11-18,19600,20350,19550,19550,103564,-0.0025510204081632404
2022-11-21,19600,19950,19300,19550,59256,0.0
2022-11-22,19250,20200,19200,20050,138460,0.025575447570332477
2022-11-23,20400,20600,19900,19950,96326,-0.004987531172069848
2022-11-24,20050,20200,19650,20100,70274,0.007518796992481258
2022-11-25,20000,20150,19750,19850,29378,-0.01243781094527363
2022-11-28,19750,19750,19200,19350,42432,-0.02518891687657432
2022-11-29,19350,21100,19200,20400,239669,0.054263565891472965
2022-11-30,20250,20800,20150,20400,72724,0.0
2022-12-01,20800,20900,20250,20450,62584,0.002450980392156854
2022-12-02,20400,21100,20200,20950,149645,0.02444987775061125
2022-12-05,21100,21100,20300,20400,66768,-0.026252983293556076
2022-12-06,20350,20350,19800,19800,55766,-0.02941176470588236
2022-12-07,19550,19950,19350,19750,43095,-0.002525252525252486
2022-12-08,20200,20750,19800,20200,160799,0.022784810126582178
2022-12-09,20450,20500,19650,19900,53050,-0.014851485148514865
2022-12-12,19650,19900,19550,19600,23357,-0.015075376884422065
2022-12-13,19700,20150,19700,19850,54738,0.012755102040816313
2022-12-14,19750,20100,19750,20100,29727,0.012594458438287104
2022-12-15,20050,20400,19850,19900,27966,-0.00995024875621886
2022-12-16,19350,19700,19200,19500,77600,-0.02010050251256279
2022-12-19,19500,20150,19300,19800,60526,0.01538461538461533
2022-12-20,19600,20250,19300,19600,50820,-0.010101010101010055
2022-12-21,19700,19800,19200,19300,40940,-0.015306122448979553
2022-12-22,19350,19650,19100,19100,46237,-0.010362694300518172
2022-12-23,18800,19000,18650,18800,46313,-0.015706806282722474
2022-12-26,18600,19400,18150,18400,67916,-0.021276595744680882
2022-12-27,18300,18850,18300,18800,28706,0.021739130434782705
2022-12-28,18750,19050,18600,18900,26663,0.005319148936170137
2022-12-29,19000,19000,18550,18650,18337,-0.013227513227513255
2023-01-02,18650,18950,18150,18200,27823,-0.024128686327077764
2023-01-03,18600,19000,17800,18400,101913,0.01098901098901095
2023-01-04,18350,19050,18350,18950,70096,0.029891304347826164
2023-01-05,19250,21300,18850,20150,837401,0.0633245382585752
2023-01-06,20150,21100,19950,20150,300828,0.0
2023-01-09,20750,21050,20350,20900,239040,0.037220843672456594
2023-01-10,20900,21750,20800,21050,436446,0.0071770334928229484
2023-01-11,21450,21450,20750,20950,101272,-0.004750593824228044
2023-01-12,21050,21200,20350,20350,121246,-0.02863961813842486
2023-01-13,20550,21250,20500,21200,143166,0.041769041769041726
2023-01-16,21500,21800,21100,21200,169677,0.0
2023-01-17,21300,21700,21000,21250,122035,0.002358490566037652
2023-01-18,21450,27600,20750,26850,7041891,0.2635294117647058
2023-01-19,26050,26450,25350,26050,1476008,-0.029795158286778367
2023-01-20,26150,30650,25650,27600,4833405,0.05950095969289837
2023-01-25,27650,31800,27650,30450,5973956,0.1032608695652173
2023-01-26,29900,29900,27350,27500,685086,-0.09688013136288998
2023-01-27,27950,28400,27450,28350,299650,0.030909090909090997
2023-01-30,29100,29450,27950,29200,437231,0.029982363315696592
2023-01-31,29700,36100,29450,33050,6005537,0.13184931506849318
2023-02-01,34700,34750,31500,32650,1831841,-0.012102874432677768
2023-02-02,32150,33850,31850,32650,1216861,0.0
2023-02-03,33050,33200,30750,31000,897264,-0.050535987748851485
2023-02-06,30850,31300,29650,29950,691859,-0.03387096774193543
2023-02-07,30250,30400,29300,29900,593855,-0.0016694490818029983
2023-02-08,30150,30700,29500,29550,788444,-0.01170568561872909
2023-02-09,29200,29950,28300,28650,640606,-0.030456852791878153
2023-02-10,28500,29300,28100,28900,723937,0.008726003490401313
2023-02-13,28900,30550,28550,30200,939554,0.04498269896193774
2023-02-14,30300,31600,29100,29650,1142463,-0.018211920529801362
2023-02-15,29800,30050,27200,27650,615344,-0.06745362563237778
2023-02-16,27900,28800,27450,28200,375549,0.019891500904159143
2023-02-17,27650,28500,27650,27850,216905,-0.012411347517730542
2023-02-20,28050,29250,27350,28900,340956,0.037701974865349985
2023-02-21,29050,29500,28700,29000,372677,0.0034602076124568004
2023-02-22,28500,30800,28450,29250,1290712,0.008620689655172376
2023-02-23,29200,30450,28950,30100,820293,0.029059829059828957
2023-02-24,30250,30250,29050,29450,552403,-0.021594684385382035
2023-02-27,29950,35550,29950,33250,7582270,0.12903225806451624
2023-02-28,35100,38100,33500,34250,4233934,0.03007518796992481
2023-03-02,33800,36250,33600,35100,2584196,0.02481751824817513
2023-03-03,36450,36750,33700,33850,1606367,-0.035612535612535634
2023-03-06,33600,34450,32500,34000,785215,0.004431314623338345
2023-03-07,33650,33750,32700,32700,644486,-0.038235294117647034
2023-03-08,35650,37900,34050,34100,4326570,0.042813455657492394
2023-03-09,35000,35100,32200,33000,973019,-0.032258064516129004
2023-03-10,32200,34300,32050,32800,882030,-0.0060606060606061
2023-03-13,32550,33300,31350,33000,487268,0.0060975609756097615
2023-03-14,33300,33900,30800,30800,519947,-0.06666666666666665
2023-03-15,31700,33050,31400,32600,561967,0.05844155844155852
2023-03-16,33950,34500,32750,33750,1451987,0.03527607361963181
2023-03-17,36750,43450,36250,40050,11554175,0.18666666666666676
2023-03-20,41500,41600,38200,39100,2471285,-0.02372034956304614
2023-03-21,38850,40100,37750,39200,1693056,0.002557544757033181
2023-03-22,39150,40400,38650,39950,1469074,0.01913265306122458
2023-03-23,40700,41450,39050,39650,2326957,-0.007509386733416723
2023-03-24,39800,40100,38000,38700,639909,-0.023959646910466592
2023-03-27,39050,42150,38300,42100,2177023,0.08785529715762275
2023-03-28,45600,49600,43200,43400,5554256,0.030878859857482288
2023-03-29,42550,42850,41500,41850,1055474,-0.0357142857142857
2023-03-30,42200,45000,41000,45000,1801126,0.07526881720430101
2023-03-31,43300,43300,41650,41650,843500,-0.07444444444444442
2023-04-03,41150,41550,40300,41250,481523,-0.009603841536614643
2023-04-04,41350,42150,39550,39850,500526,-0.033939393939393936
2023-04-05,39850,40700,39200,40500,305618,0.016311166875784266
2023-04-06,40750,40850,38700,38850,367527,-0.040740740740740744
2023-04-07,39150,40850,38800,39350,399073,0.01287001287001277
2023-04-10,39450,39700,37100,37550,497569,-0.04574332909783985
2023-04-11,37400,38250,36700,38100,381963,0.01464713715046595
2023-04-12,37950,39000,37250,37450,337901,-0.017060367454068248
2023-04-13,36950,37950,36200,37150,312547,-0.008010680907877155
2023-04-14,37600,37750,36750,36900,192418,-0.006729475100942128
2023-04-17,37200,37800,36100,37800,319383,0.024390243902439046
2023-04-18,38200,38200,36200,36900,312668,-0.023809523809523836
2023-04-19,36850,37000,35900,35950,222620,-0.0257452574525745
2023-04-20,35800,35850,34200,34250,318600,-0.04728789986091797
2023-04-21,35800,36800,34100,34100,860432,-0.004379562043795637
2023-04-24,33750,34300,33100,33550,223592,-0.016129032258064502
2023-04-25,33500,34150,32400,33100,222420,-0.01341281669150518
2023-04-26,32600,33400,32050,32650,146634,-0.013595166163142047
2023-04-27,32650,33250,32200,33150,144550,0.015313935681470214
2023-04-28,34800,34800,32150,32150,374105,-0.0301659125188537
2023-05-02,32150,33700,32100,33450,224705,0.04043545878693622
2023-05-03,33000,33600,32450,32600,132667,-0.025411061285500747
2023-05-04,32600,34600,32600,33050,414823,0.013803680981595123
2023-05-08,33150,33850,32950,33400,139634,0.010590015128593144
2023-05-09,33650,35000,33650,34250,353815,0.025449101796407136
2023-05-10,34550,34700,33450,33450,162971,-0.023357664233576658
2023-05-11,33700,34800,33700,34650,366079,0.03587443946188351
2023-05-12,34550,34800,33900,34700,149770,0.0014430014430013571
2023-05-15,34950,35100,33350,33450,203819,-0.03602305475504319
2023-05-16,32850,33050,30750,30900,359147,-0.07623318385650224
2023-05-17,30700,31300,30700,31100,82062,0.006472491909385036
2023-05-18,31250,32100,31250,31900,138879,0.025723472668810254
2023-05-19,31900,32450,31500,32250,107750,0.01097178683385569
2023-05-22,32200,32400,31550,32150,67948,-0.0031007751937984773
2023-05-23,32250,32700,32150,32650,101845,0.015552099533437058
2023-05-24,32350,32350,31600,31900,86347,-0.02297090352220521
2023-05-25,31950,32550,31750,31900,94278,0.0
2023-05-26,32050,32150,31050,31050,85171,-0.026645768025078342
2023-05-30,31500,32400,31500,32250,136121,0.03864734299516903
2023-05-31,32500,34000,32000,32200,335811,-0.0015503875968991832
2023-06-01,32150,32500,31900,32250,60463,0.0015527950310558758
2023-06-02,32400,33200,32200,32250,261619,0.0
2023-06-05,32250,32450,31850,32400,90042,0.0046511627906977715
2023-06-07,32400,34600,32250,33700,904873,0.04012345679012341
2023-06-08,33700,33800,33250,33350,122885,-0.010385756676557834
2023-06-09,33600,34000,33000,33750,168875,0.011994002998500841
2023-06-12,33700,33800,33000,33150,95673,-0.01777777777777778
2023-06-13,33200,33300,32850,32900,81497,-0.007541478129713397
2023-06-14,33250,33250,31700,32000,116407,-0.027355623100303927
2023-06-15,32200,32450,31050,31950,107722,-0.0015625000000000222
2023-06-16,31950,32250,31800,31800,65049,-0.0046948356807511304
2023-06-19,32200,32500,31800,32350,82120,0.01729559748427678
2023-06-20,32050,32350,31700,31900,57415,-0.01391035548686248
2023-06-21,31700,31850,30400,30600,115270,-0.040752351097178674
2023-06-22,30400,31550,30300,30800,99025,0.006535947712418277
2023-06-23,30900,30900,30300,30400,55780,-0.012987012987012991
2023-06-26,30200,30350,29600,30200,50055,-0.006578947368421018
2023-06-27,29850,30700,29550,29600,68357,-0.019867549668874163
2023-06-28,29700,30250,29200,29450,110765,-0.0050675675675675436
2023-06-29,29500,29600,28650,29100,84592,-0.011884550084889645
2023-06-30,29000,29600,28500,29500,83462,0.013745704467353903
2023-07-03,29900,30250,29600,29950,66134,0.015254237288135686
2023-07-04,29950,30000,29100,29700,62049,-0.008347245409014992
2023-07-05,29500,29900,29100,29150,60253,-0.01851851851851849
2023-07-06,29050,29150,27950,28050,98628,-0.037735849056603765
2023-07-07,28050,28450,27850,28100,64194,0.0017825311942958333
2023-07-10,28100,28350,27450,27900,59412,-0.007117437722419906
2023-07-11,27750,28600,27750,28600,47217,0.02508960573476693
2023-07-12,28500,29900,27900,29550,177322,0.03321678321678312
2023-07-13,29300,29350,28850,29150,91549,-0.013536379018612488
2023-07-14,29200,29250,28250,28550,87089,-0.020583190394511175
2023-07-17,28300,29850,28100,29600,148985,0.03677758318739044
2023-07-18,29500,29600,28700,28800,90419,-0.027027027027026973
2023-07-19,29100,30850,28400,29600,386034,0.02777777777777768
2023-07-20,29750,30350,29200,30150,125814,0.01858108108108114
2023-07-21,29850,31250,29650,30800,262960,0.021558872305140975
2023-07-24,30800,31450,29800,30450,228499,-0.011363636363636354
2023-07-25,30400,30550,28500,28500,203869,-0.0640394088669951
2023-07-26,28250,28400,26300,26750,224119,-0.06140350877192979
2023-07-27,26600,28950,26600,27750,187580,0.03738317757009346
2023-07-28,27650,28750,27650,28500,93146,0.027027027027026973
2023-07-31,28800,29750,27700,29600,209032,0.03859649122807007
2023-08-01,29900,30550,29650,30100,229750,0.016891891891891886
2023-08-02,30700,30900,29150,29300,205923,-0.02657807308970095
2023-08-03,28800,29600,28000,28350,111189,-0.03242320819112632
2023-08-04,28150,31450,28050,31250,457230,0.10229276895943573
2023-08-07,31750,34200,30450,32100,1400675,0.02719999999999989
2023-08-08,32600,32850,31150,31600,409419,-0.015576323987538943
2023-08-09,31600,33800,31600,32150,548612,0.017405063291139333
2023-08-10,32400,32800,31100,31100,182724,-0.03265940902021769
2023-08-11,31300,33700,30750,33500,682198,0.07717041800643076
2023-08-14,33600,34100,33050,33750,415902,0.00746268656716409
2023-08-16,33500,33500,31050,31050,299785,-0.07999999999999996
2023-08-17,30550,31300,29500,30700,182759,-0.011272141706924366
2023-08-18,30000,30350,29400,29450,154252,-0.04071661237785018
2023-08-21,29000,29700,28900,29100,90042,-0.011884550084889645
2023-08-22,29350,29650,28650,28750,76644,-0.012027491408934665
2023-08-23,28900,29400,28500,28550,59417,-0.006956521739130417
2023-08-24,28800,30100,28800,29950,116182,0.049036777583187474
2023-08-25,29200,29500,28900,29150,60938,-0.026711185308848084
2023-08-28,29450,30300,29350,30000,83132,0.029159519725557415
2023-08-29,30050,30400,29800,30200,64636,0.006666666666666599
2023-08-30,30700,31550,30250,30700,205799,0.01655629139072845
2023-08-31,31000,32750,30300,32700,538735,0.06514657980456029
2023-09-01,33150,33200,31250,31400,419533,-0.03975535168195721
2023-09-04,31700,38300,31700,34200,4165900,0.08917197452229297
2023-09-05,34850,35600,33250,35400,1096621,0.03508771929824572
2023-09-06,35400,36300,34200,34850,646781,-0.015536723163841804
2023-09-07,35300,37300,34650,35700,1523292,0.024390243902439046
2023-09-08,38100,40650,36350,37000,3010768,0.036414565826330625
2023-09-11,37800,39050,34450,35350,1224381,-0.04459459459459458
2023-09-12,35150,35300,32600,32600,647249,-0.07779349363507782
2023-09-13,32400,32650,31300,31600,354887,-0.030674846625766916
2023-09-14,31600,32500,30800,32300,320714,0.02215189873417711
2023-09-15,32000,32300,31000,31800,239221,-0.015479876160990669
2023-09-18,31900,32100,30950,31100,199705,-0.022012578616352196
2023-09-19,31100,31100,30000,30400,167895,-0.022508038585209
2023-09-20,30900,31350,30200,30950,191213,0.018092105263157965
2023-09-21,30500,31150,29200,29300,188507,-0.05331179321486268
2023-09-22,28600,31000,28500,30150,236964,0.029010238907849928
2023-09-25,30150,30950,29500,30100,183229,-0.0016583747927031434
2023-09-26,30200,31050,29350,29550,146979,-0.01827242524916939
2023-09-27,29000,31000,28950,31000,146765,0.04906937394247035
2023-10-04,30750,31200,29900,30050,91408,-0.030645161290322576
2023-10-05,30600,30800,27300,27450,367719,-0.08652246256239604
2023-10-06,26900,27600,26900,27200,99632,-0.00910746812386154
2023-10-10,27200,27500,25900,25900,138638,-0.047794117647058876
2023-10-11,26350,27000,26300,26300,68120,0.015444015444015413
2023-10-12,26500,27900,26500,27550,88108,0.04752851711026618
2023-10-13,27300,28000,27000,27300,83691,-0.00907441016333943
2023-10-16,26850,26900,25800,26150,81367,-0.042124542124542086
2023-10-17,26500,27250,26450,26600,54925,0.017208413001912115
2023-10-18,26600,27250,26300,26450,48884,-0.005639097744360888
2023-10-19,26200,26400,25000,25050,98133,-0.052930056710775
2023-10-20,24550,24950,23700,24050,123880,-0.03992015968063867
2023-10-23,23550,24600,23550,23950,52792,-0.004158004158004158
2023-10-24,24000,24600,23300,24600,56785,0.02713987473903967
2023-10-25,25000,25300,24300,24750,74039,0.0060975609756097615
2023-10-26,23900,24400,23650,23750,51893,-0.04040404040404044
2023-10-27,23750,24150,22950,23350,66583,-0.01684210526315788
2023-10-30,23050,24700,22900,24350,92479,0.04282655246252687
2023-10-31,24500,24750,23600,23700,53314,-0.026694045174537995
2023-11-01,23900,27950,23900,25450,986507,0.07383966244725748
2023-11-02,25850,26400,25550,26050,145043,0.023575638506876162
2023-11-03,26250,26700,25500,26550,138203,0.019193857965451144
2023-11-06,27000,27700,26300,27700,193430,0.043314500941619594
2023-11-07,27450,27550,26550,27100,85581,-0.02166064981949456
2023-11-08,27100,27450,26700,26950,58678,-0.005535055350553542
2023-11-09,26600,27050,26350,26400,52063,-0.020408163265306145
2023-11-10,26000,26200,25550,25550,39196,-0.032196969696969724
2023-11-13,25800,26350,25250,25250,42102,-0.011741682974559686
2023-11-14,25250,27500,25250,26600,149401,0.05346534653465351
2023-11-15,26900,27800,26700,27350,141599,0.02819548872180455
2023-11-16,27650,28100,27250,28000,130946,0.02376599634369292
2023-11-17,27900,28000,26950,26950,75245,-0.03749999999999998
2023-11-20,26900,27800,26650,27500,62680,0.020408163265306145
2023-11-21,27800,27850,27400,27500,58830,0.0
2023-11-22,27450,28500,27300,27500,142522,0.0
2023-11-23,27600,28500,27450,27550,136850,0.0018181818181817189
2023-11-24,27700,28150,27500,28000,73590,0.016333938294010864
2023-11-27,28400,28450,27500,27800,93660,-0.0071428571428571175
2023-11-28,27750,28950,27500,28700,224161,0.03237410071942448
2023-11-29,28950,29350,27750,27950,217020,-0.026132404181184676
2023-11-30,28200,28750,28050,28550,101570,0.02146690518783534
2023-12-01,28800,28950,27800,28100,79820,-0.015761821366024553
2023-12-04,28200,28250,27250,27300,61869,-0.028469750889679735
2023-12-05,27000,27600,26000,26500,88773,-0.02930402930402931
2023-12-06,26750,26750,25750,26500,60703,0.0
2023-12-07,26150,26400,26000,26200,44795,-0.01132075471698113
2023-12-08,26350,27100,26350,26950,70142,0.028625954198473247
2023-12-11,27400,28850,27100,28200,268409,0.04638218923933213
2023-12-12,28200,28300,27500,27900,65728,-0.010638297872340385
2023-12-13,27650,28150,27400,27650,58896,-0.008960573476702538
2023-12-14,27950,28650,27600,28100,169840,0.016274864376130127
2023-12-15,28300,28450,27850,28000,85092,-0.003558718861209953
2023-12-18,28000,28450,27700,28450,99999,0.016071428571428514
2023-12-19,28450,28500,27750,27850,81518,-0.02108963093145866
2023-12-20,28050,28550,27700,28000,109845,0.0053859964093356805
2023-12-21,27700,28250,27400,27800,75628,-0.0071428571428571175
2023-12-22,28050,28100,27500,27500,83284,-0.010791366906474864
2023-12-26,27500,28050,27050,27550,75723,0.0018181818181817189
2023-12-27,27850,29900,27800,29550,398901,0.072595281306715
2023-12-28,29850,29850,29000,29800,155810,0.008460236886632888
2024-01-02,29800,30250,29650,30050,145854,0.008389261744966348
2024-01-03,29850,29900,29050,29550,95575,-0.016638935108153063
2024-01-04,29500,29500,28350,29050,136130,-0.016920473773265665
2024-01-05,28850,30250,28850,29950,198587,0.030981067125645412
2024-01-08,30100,30250,29650,29900,125951,-0.0016694490818029983
2024-01-09,30300,30300,29650,29700,106399,-0.006688963210702337
2024-01-10,29700,30350,29200,29800,146496,0.0033670033670034627
2024-01-11,30000,30200,29000,29000,148109,-0.02684563758389258
2024-01-12,29650,37700,29500,33700,6450224,0.16206896551724137
2024-01-15,33900,34500,33100,34300,1146792,0.017804154302670572
2024-01-16,33950,35350,33050,34350,1441173,0.001457725947521915
2024-01-17,33800,34200,31700,33200,531252,-0.033478893740902516
2024-01-18,32950,33850,32100,32800,407525,-0.012048192771084376
2024-01-19,33050,33800,32500,32850,382669,0.0015243902439023849
2024-01-22,33150,34850,32600,34850,706011,0.060882800608828
2024-01-23,34350,34500,33300,33600,314521,-0.03586800573888094
2024-01-24,33150,33950,32350,32650,246293,-0.028273809523809534
2024-01-25,32500,32500,31450,32500,264221,-0.004594180704441064
2024-01-26,32550,34200,32450,32850,372505,0.010769230769230864
2024-01-29,32800,34450,32100,33300,448093,0.013698630136986356
2024-01-30,33100,33150,30700,31050,303915,-0.06756756756756754
2024-01-31,30650,31150,29700,29750,177716,-0.041867954911433136
2024-02-01,29500,31050,29500,30650,141112,0.030252100840336027
2024-02-02,31050,31150,30350,30450,105836,-0.006525285481239762
2024-02-05,30350,30450,29500,30000,119908,-0.014778325123152691
2024-02-06,30000,30300,29200,30000,98121,0.0
2024-02-07,30000,30550,29900,30350,109949,0.011666666666666714
2024-02-08,31900,32300,31000,31300,338030,0.0313014827018121
2024-02-13,31250,32550,30800,32350,222096,0.033546325878594185
2024-02-14,31750,33450,31400,32400,281985,0.0015455950540959051
2024-02-15,33100,33350,32400,32500,207697,0.0030864197530864335
2024-02-16,32550,32700,31950,32200,101695,-0.009230769230769265
2024-02-19,32500,32700,31800,32650,103301,0.013975155279503104
2024-02-20,32500,33050,32200,32250,115360,-0.01225114854517606
2024-02-21,32050,32700,31900,31900,94167,-0.010852713178294615
2024-02-22,31750,32700,31750,32550,135961,0.020376175548589393
2024-02-23,32850,32900,31700,31750,123199,-0.02457757296466978
2024-02-26,31600,31950,31000,31000,100353,-0.023622047244094446
2024-02-27,30850,39500,30450,35900,7773441,0.15806451612903216
2024-02-28,35050,35750,34500,35200,1096454,-0.01949860724233987
2024-02-29,34450,34850,32900,33100,662324,-0.05965909090909094
2024-03-04,32700,34150,32700,33550,324060,0.013595166163141936
2024-03-05,33500,34350,32700,33000,513084,-0.016393442622950838
2024-03-06,32700,33700,32450,32750,212281,-0.007575757575757569
2024-03-07,32850,33300,31550,31750,210907,-0.03053435114503822
2024-03-08,32000,32650,31750,32600,162307,0.026771653543307128
2024-03-11,32950,33800,32150,33450,312440,0.0260736196319018
2024-03-12,33600,36250,33150,33750,1331568,0.008968609865470878
2024-03-13,33800,34900,33600,34200,424109,0.01333333333333342
2024-03-14,34450,34900,33750,34500,366128,0.00877192982456143
2024-03-15,34400,35600,33900,34150,551011,-0.010144927536231862
2024-03-18,34450,35250,34300,34950,246403,0.02342606149341142
2024-03-19,35050,36500,34350,35350,632260,0.011444921316166035
2024-03-20,36250,37000,35250,36100,728805,0.021216407355021172
2024-03-21,36250,36850,35600,36400,422164,0.008310249307479145
2024-03-22,36750,37450,35700,35800,492119,-0.016483516483516536
2024-03-25,35900,36100,34500,35300,241325,-0.013966480446927387
2024-03-26,35500,35800,34400,34550,352492,-0.021246458923512734
2024-03-27,34400,34500,33600,33900,172729,-0.01881331403762665
2024-03-28,34000,34250,33500,33800,122497,-0.002949852507374673
2024-03-29,34200,34850,34050,34200,171655,0.01183431952662728
2024-04-01,34850,35050,34350,34550,123684,0.01023391812865504
2024-04-02,34400,34500,32800,33200,181845,-0.03907380607814759
2024-04-03,32800,33400,32300,32300,105577,-0.027108433734939763
2024-04-04,32950,33650,32250,32450,110224,0.004643962848297267
2024-04-05,32000,32300,31400,31850,110796,-0.018489984591679498
2024-04-08,32300,32300,31200,31250,91764,-0.01883830455259028
2024-04-09,31100,31750,31050,31100,82788,-0.0048000000000000265
2024-04-11,30700,34400,30250,31800,670434,0.022508038585209
2024-04-12,32050,32100,31500,31750,108240,-0.0015723270440252124
2024-04-15,30750,31500,30500,30700,94508,-0.03307086614173227
2024-04-16,30350,30350,29150,29150,141266,-0.050488599348534224
2024-04-17,29150,32800,29150,30150,515420,0.03430531732418518
2024-04-18,30000,31000,30000,30950,78032,0.026533996683250516
2024-04-19,30700,30950,29700,30250,98993,-0.022617124394184174
2024-04-22,30250,32350,30250,31600,179009,0.044628099173553704
2024-04-23,31700,31800,31100,31300,58419,-0.009493670886076
2024-04-24,31450,31750,31250,31500,45699,0.006389776357827559
2024-04-25,31300,31750,31100,31250,38347,-0.007936507936507908
2024-04-26,31250,31400,30500,30750,56414,-0.016000000000000014
2024-04-29,30700,31550,30700,31400,45580,0.021138211382113914
2024-04-30,31400,31950,31200,31550,65074,0.004777070063694211
2024-05-02,31550,31550,31050,31150,35998,-0.01267828843106178
2024-05-03,31200,31700,31200,31400,53928,0.008025682182985605
2024-05-07,31800,31800,31150,31500,57740,0.0031847133757962887
2024-05-08,31200,31600,31050,31500,47974,0.0
2024-05-09,31500,31550,30950,31050,52208,-0.014285714285714235
2024-05-10,32000,32200,31150,31150,108030,0.0032206119162641045
2024-05-13,31150,31700,30700,30750,55970,-0.012841091492776902
2024-05-14,30600,31300,30550,31000,37804,0.008130081300812941
2024-05-16,31800,31850,30900,31150,50496,0.004838709677419395
2024-05-17,31000,31050,30550,30550,39968,-0.019261637239165297
2024-05-20,30550,34400,30400,31200,1092396,0.02127659574468077
2024-05-21,31200,31400,30800,30950,80982,-0.008012820512820484
2024-05-22,30950,32250,30950,31050,212477,0.003231017770597644
2024-05-23,31200,31300,30600,30750,68816,-0.009661835748792313
2024-05-24,30600,30650,29700,29850,96981,-0.029268292682926855
2024-05-27,29850,30500,29700,30350,54662,0.01675041876046901
2024-05-28,30350,31400,30250,31100,111462,0.02471169686985175
2024-05-29,31000,31000,30300,30300,52220,-0.025723472668810254
2024-05-30,30200,30500,29700,30000,40496,-0.00990099009900991
2024-05-31,30000,30300,29850,30000,31169,0.0
2024-06-03,29850,30350,29850,30000,38126,0.0
2024-06-04,29800,30350,29800,29950,36094,-0.0016666666666667052
2024-06-05,30050,30200,29750,29950,41252,0.0
2024-06-07,29950,30150,29800,29800,48381,-0.005008347245408995
2024-06-10,29750,29900,29450,29500,44429,-0.010067114093959773
2024-06-11,29600,30600,29600,29750,84415,0.008474576271186418
2024-06-12,29950,30550,29900,30000,76733,0.008403361344537785
2024-06-13,30100,30300,29800,29800,47253,-0.00666666666666671
2024-06-14,29750,29750,29200,29200,57631,-0.020134228187919434
2024-06-17,29500,29500,28850,28900,42822,-0.010273972602739767
2024-06-18,29050,29250,28600,28750,39833,-0.00519031141868509
2024-06-19,28500,28750,27950,28050,83029,-0.024347826086956514
2024-06-20,27950,28250,27800,27900,46245,-0.005347593582887722
2024-06-21,27900,28100,27450,27500,54340,-0.014336917562724039
2024-06-24,27500,29300,27400,28000,90708,0.018181818181818077
2024-06-25,27750,28500,27750,28250,43195,0.008928571428571397
2024-06-26,28550,28800,28150,28200,50730,-0.001769911504424737
2024-06-27,28100,31400,28000,28400,1132746,0.007092198581560183
2024-06-28,28600,28950,28250,28300,66430,-0.0035211267605633756
2024-07-01,28250,29200,28200,28200,80809,-0.0035335689045936647
2024-07-02,28250,28400,27550,27800,42032,-0.014184397163120588
2024-07-03,27500,28150,27300,27600,48337,-0.007194244604316502
2024-07-04,27650,28150,27650,27800,29236,0.007246376811594235
2024-07-05,28150,28850,28000,28350,74037,0.019784172661870603
2024-07-08,28200,28800,28200,28600,36960,0.008818342151675429
2024-07-09,28600,28700,28400,28650,24261,0.0017482517482516613
2024-07-10,28650,28800,28200,28700,34630,0.0017452006980802626
2024-07-11,28800,29100,28600,28900,62168,0.006968641114982521
2024-07-12,29300,29550,28550,28600,111855,-0.01038062283737029
2024-07-15,28650,28900,28100,28250,34760,-0.012237762237762184
2024-07-16,28250,28850,28250,28300,35396,0.001769911504424737
2024-07-17,28500,28600,27950,27950,42920,-0.012367491166077715
2024-07-18,27550,27800,27350,27500,36789,-0.01610017889087656
2024-07-19,27550,28000,27550,27850,28132,0.012727272727272698
2024-07-22,27500,27650,26700,26800,57254,-0.037701974865350096
2024-07-23,26800,27200,26200,26250,52076,-0.020522388059701524
2024-07-24,26050,26600,25950,26050,33008,-0.007619047619047636
2024-07-25,25800,26100,25100,25500,47504,-0.021113243761996192
2024-07-26,25250,25900,25250,25350,35348,-0.00588235294117645
2024-07-29,25300,25800,25100,25550,27948,0.007889546351084853
2024-07-30,25350,25550,24850,24950,37864,-0.023483365949119372
2024-07-31,24800,25150,24150,25050,43680,0.004008016032064132
2024-08-01,25100,25700,25000,25700,28323,0.02594810379241519
2024-08-02,25200,25200,24000,24200,52730,-0.05836575875486383
2024-08-05,23700,23700,19800,20200,214139,-0.1652892561983471
2024-08-06,20000,22150,20000,21850,94306,0.08168316831683176
2024-08-07,21550,22700,21450,22500,47837,0.029748283752860427
2024-08-08,22050,22500,21700,21850,23206,-0.028888888888888853
2024-08-09,22550,22800,22250,22350,26210,0.022883295194507935
2024-08-12,22300,23150,22300,23050,32034,0.031319910514541416
2024-08-13,23050,23500,22600,22900,34101,-0.006507592190889366
2024-08-14,23150,23600,23050,23400,27893,0.02183406113537112
2024-08-16,23800,23900,23300,23550,26512,0.0064102564102563875
