Date,Open,High,Low,Close,Volume,Change
2010-02-26,3004,3455,2974,3455,5995899,
2010-03-02,3970,3970,3480,3766,8976872,0.09001447178002886
2010-03-03,3765,3825,3535,3655,2226331,-0.02947424322889003
2010-03-04,3790,4201,3690,4201,3288334,0.14938440492476057
2010-03-05,4576,4827,4426,4827,6215066,0.14901213996667462
2010-03-08,5107,5533,5107,5533,1615333,0.14626061736067952
2010-03-09,6359,6359,6109,6359,364680,0.14928610157238387
2010-03-10,7310,7310,6534,7311,2440354,0.14970907375373477
2010-03-11,7811,8387,7811,8388,1144959,0.14731226918342233
2010-03-12,9238,9639,9063,9639,618171,0.14914163090128763
2010-03-15,11066,11066,11066,11066,107370,0.14804440294636367
2010-03-16,12718,12718,12718,12719,41019,0.14937646846195562
2010-03-17,14596,14596,10816,10816,678609,-0.14961868071389262
2010-03-18,9213,9213,9213,9214,105758,-0.14811390532544377
2010-03-19,7836,10590,7836,8563,12377702,-0.07065335359235947
2010-03-22,8112,9489,7936,8763,6293293,0.02335630036202274
2010-03-23,9163,10065,9063,10065,3518189,0.14857925368024638
2010-03-24,10515,10515,8562,8563,3559463,-0.14923000496770988
2010-03-25,8062,8562,7285,7286,2707856,-0.1491299778115146
2010-03-26,7285,7886,6634,6860,7624255,-0.058468295360966205
2010-03-29,6835,7210,6484,6635,4530608,-0.03279883381924198
2010-03-30,6760,7611,6509,7236,8916350,0.09058025621703081
2010-03-31,7185,7335,6634,6760,3497416,-0.06578220011055835
2010-04-01,6810,7611,6534,7361,6920860,0.08890532544378704
2010-04-02,7360,7761,7185,7186,4999398,-0.023773943757641636
2010-04-05,7160,7661,6910,7661,4593883,0.06610075146117445
2010-04-06,7461,7636,7160,7486,3057437,-0.022842970891528536
2010-04-07,7711,7836,6384,6385,4287790,-0.14707453913972746
2010-04-08,6033,6434,5883,6234,3628363,-0.023649177760375895
2010-04-09,6259,6334,5307,5508,3734504,-0.11645813282001927
2010-04-12,5558,5808,5383,5458,1831946,-0.009077705156136484
2010-04-13,5558,6234,5307,5909,4650151,0.08263100036643456
2010-04-14,5833,6109,5558,5683,1947068,-0.038246742257573185
2010-04-15,5733,5858,5032,5033,2019148,-0.11437620974837237
2010-04-16,4982,5508,4912,5158,3329780,0.024836081859725745
2010-04-19,5107,5808,5057,5208,4118589,0.009693679720822024
2010-04-20,5282,5483,5032,5083,2132525,-0.02400153609831024
2010-04-21,5182,5383,5107,5283,1748796,0.03934684241589603
2010-04-22,5282,5608,5182,5458,2358835,0.033125118303994006
2010-04-23,5583,6259,5533,5759,7722298,0.05514840600952731
2010-04-26,5858,5858,5533,5533,1518743,-0.03924292411877062
2010-04-27,5583,5833,5357,5408,1873843,-0.02259172239291518
2010-04-28,5232,5458,5182,5458,1226821,0.009245562130177465
2010-04-29,5508,5633,5282,5283,992217,-0.032063026749725165
2010-04-30,5357,5433,5157,5208,959580,-0.014196479273140272
2010-05-03,5182,5257,4957,4957,1086001,-0.0481950844854071
2010-05-04,5032,5107,4481,4557,1675026,-0.08069396812588259
2010-05-06,4476,4857,4331,4657,1569721,0.021944261575598034
2010-05-07,4461,4882,4406,4707,1335461,0.010736525660296259
2010-05-10,4782,5132,4772,4832,1602985,0.026556192904185316
2010-05-11,4942,5007,4812,4837,555171,0.0010347682119205004
2010-05-12,4847,5433,4812,5408,3764985,0.11804837709323968
2010-05-13,5433,5658,5282,5458,2018823,0.009245562130177465
2010-05-14,5583,5783,5383,5383,2635067,-0.013741297178453626
2010-05-17,4872,4972,4581,4582,2054488,-0.14880178339216055
2010-05-18,4416,4486,3940,4141,1766170,-0.09624618070711477
2010-05-19,4066,4446,4036,4106,1929792,-0.008452064718666996
2010-05-20,4091,4211,3760,3911,816697,-0.04749147588894298
2010-05-24,3830,4005,3790,3916,370807,0.0012784454103809129
2010-05-25,3880,3910,3405,3530,707384,-0.09856996935648621
2010-05-26,3555,3700,3505,3620,359038,0.025495750708215192
2010-05-27,3600,4101,3555,4051,1173738,0.11906077348066302
2010-05-28,4156,4196,3915,3916,534892,-0.03332510491236729
2010-05-31,3910,4046,3905,4016,327777,0.025536261491317713
2010-06-01,4181,4616,4181,4186,4675442,0.04233067729083673
2010-06-03,4246,4431,4221,4281,888182,0.02269469660774015
2010-06-04,4306,4922,4286,4922,3636237,0.14973137117495905
2010-06-07,5232,5658,5132,5658,4416099,0.14953271028037385
2010-06-08,6109,6259,5683,5934,8955751,0.04878048780487809
2010-06-09,6084,6209,5508,6084,7021672,0.025278058645096024
2010-06-10,6059,6985,5808,6985,6969869,0.14809335963182124
2010-06-11,7260,7586,5958,6034,14131398,-0.1361488904795991
2010-06-14,5858,6459,5783,6159,8299349,0.02071594298972479
2010-06-15,6259,7010,6084,6359,9609917,0.03247280402662778
2010-06-16,6309,6860,6059,6209,6028682,-0.02358861456203809
2010-06-17,6359,6584,5683,5784,5381847,-0.06844902560798838
2010-06-18,5908,6509,5708,6184,6493193,0.06915629322268324
2010-06-21,6309,7060,6259,7035,8022111,0.13761319534282013
2010-06-22,6910,6985,6409,6660,5011346,-0.05330490405117272
2010-06-23,6760,7010,6509,7010,6160122,0.052552552552552534
2010-06-24,6885,7335,6509,6510,6346178,-0.07132667617689015
2010-06-25,6409,6634,6109,6309,3275529,-0.030875576036866414
2010-06-28,6459,6509,6134,6359,2190816,0.00792518624187677
2010-06-29,6459,6835,6284,6284,6146638,-0.011794307281019045
2010-06-30,6134,6234,5933,6184,2220648,-0.015913430935709738
2010-07-01,6209,6509,6134,6385,2583234,0.032503234152652105
2010-07-02,6409,6534,5433,5433,5317416,-0.14909945184025064
2010-07-05,5583,5608,5002,5108,3576672,-0.05981962083563408
2010-07-06,5157,5282,4997,5133,2357649,0.0048942834768990195
2010-07-07,5182,5232,5002,5108,1615269,-0.004870446132865802
2010-07-08,5207,5282,4676,4717,2923712,-0.07654659357870008
2010-07-09,4762,4792,4556,4717,2094570,0.0
2010-07-12,4802,5082,4717,4917,2738425,0.042399830400678296
2010-07-13,4987,5207,4842,4852,1969564,-0.01321944274964404
2010-07-14,4932,5057,4782,4807,1043123,-0.009274525968672731
2010-07-15,4872,4872,4712,4732,694599,-0.015602246723528168
2010-07-16,4732,4767,4546,4557,899491,-0.03698224852071008
2010-07-19,4526,4651,4436,4557,414026,0.0
2010-07-20,4626,5232,4586,5233,3442368,0.1483432082510423
2010-07-21,5483,5808,5182,5383,5620633,0.02866424613032681
2010-07-22,5383,5508,5082,5133,2352403,-0.04644250417982543
2010-07-23,5207,5332,4576,4632,3183568,-0.09760374050262999
2010-07-26,4606,4917,4606,4707,1307734,0.016191709844559643
2010-07-27,4732,4827,4666,4707,522191,0.0
2010-07-28,4722,5408,4712,5408,3477180,0.148927129806671
2010-07-29,5282,5633,5002,5133,4598485,-0.05085059171597628
2010-07-30,5182,5858,5082,5633,6230237,0.09740892265731538
2010-08-02,5783,6184,5683,5984,5289078,0.062311379371560394
2010-08-03,6084,6159,5583,5759,2586472,-0.03760026737967914
2010-08-04,5733,5858,5357,5483,2060475,-0.047924986976905726
2010-08-05,5558,5883,5533,5558,2894714,0.013678643078606667
2010-08-06,5608,5708,5207,5333,1631773,-0.04048218783735158
2010-08-09,5332,6059,5282,5959,4491930,0.11738233639602469
2010-08-10,5933,5958,5633,5809,1927615,-0.025172008726296324
2010-08-11,5883,6109,5207,5208,4465393,-0.10346014804613535
2010-08-12,5132,5408,4957,5083,2114051,-0.02400153609831024
2010-08-13,5207,5357,5107,5258,1121103,0.03442848711390911
2010-08-16,5207,5232,5032,5133,943274,-0.023773297831875206
2010-08-17,5182,5483,5157,5258,1896833,0.0243522306643289
2010-08-18,5332,5433,5082,5108,1296625,-0.028527957398250314
2010-08-19,5182,5533,5132,5233,2456358,0.024471417384494876
2010-08-20,5182,5282,5082,5233,843845,0.0
2010-08-23,5307,5357,5082,5108,778284,-0.023886871775272267
2010-08-24,5032,5257,4837,4967,2208883,-0.02760375880971022
2010-08-25,4972,5182,4972,4977,881544,0.0020132876988121495
2010-08-26,5032,5107,4787,4787,653433,-0.03817560779586093
2010-08-27,4787,4952,4787,4857,445421,0.014622937121370416
2010-08-30,4937,5232,4937,5033,1385706,0.03623635989293805
2010-08-31,4947,4997,4907,4957,392606,-0.01510033777071329
2010-09-01,4972,5107,4947,5002,524186,0.009078071414161837
2010-09-02,5057,5182,5007,5007,572272,0.0009996001599359428
2010-09-03,5107,5107,4957,4982,437940,-0.00499300978629913
2010-09-06,5057,5257,4997,5183,1166980,0.0403452428743476
2010-09-07,5332,5357,5107,5133,885123,-0.009646922631680543
2010-09-08,5107,5483,5057,5208,2432975,0.014611338398597296
2010-09-09,5257,5408,5207,5333,946755,0.02400153609831035
2010-09-10,5357,5433,5157,5283,883611,-0.009375585974123357
2010-09-13,5282,5408,5182,5183,594085,-0.018928639030853733
2010-09-14,5207,5257,4947,4957,889031,-0.04360409029519585
2010-09-15,5007,5057,4937,4942,442350,-0.0030260238047206123
2010-09-16,4942,4992,4867,4872,459680,-0.014164305949008527
2010-09-17,4877,5082,4872,5033,700437,0.03304597701149414
2010-09-20,5057,5082,4947,4947,349770,-0.01708722431949139
2010-09-24,4997,5007,4892,4947,231662,0.0
2010-09-27,4967,5007,4882,4882,371376,-0.01313927632908829
2010-09-28,4922,5182,4867,5007,1177990,0.02560426054895526
2010-09-29,5057,5182,4977,4997,631847,-0.0019972039145196296
2010-09-30,5032,5132,4977,4977,384578,-0.0040024014408645
2010-10-01,4987,5282,4987,5208,1503214,0.04641350210970474
2010-10-04,5182,5332,5107,5183,1028858,-0.00480030721966207
2010-10-05,5282,5858,5282,5558,6829387,0.07235191973760369
2010-10-06,5558,5633,5408,5458,1797575,-0.017992083483267307
2010-10-07,5558,5933,5257,5258,4505965,-0.03664345914254308
2010-10-08,5332,5483,4982,5058,1768403,-0.03803727653100042
2010-10-11,5132,5182,5007,5083,823409,0.004942665085013731
2010-10-12,5107,5157,4982,5007,477923,-0.014951800118040537
2010-10-13,5057,5107,4992,5002,531313,-0.0009986019572598703
2010-10-14,5057,5057,4917,4927,879150,-0.014994002399040363
2010-10-15,4967,5207,4962,5158,1192404,0.04688451390298365
2010-10-18,5207,5357,5157,5258,906763,0.019387359441644048
2010-10-19,5307,5357,5032,5033,588402,-0.042791936097375416
2010-10-20,5032,5257,4997,5258,569380,0.04470494734750652
2010-10-21,5332,5658,5232,5483,2658512,0.042791936097375416
2010-10-22,5508,5658,5433,5608,1338450,0.022797738464344297
2010-10-25,5533,5683,5383,5508,959592,-0.01783166904422251
2010-10-26,5483,5708,5458,5508,1029775,0.0
2010-10-27,5583,5633,5332,5408,691470,-0.01815541031227308
2010-10-28,5408,5683,5357,5683,1046079,0.05085059171597628
2010-10-29,5758,5783,5533,5633,1186198,-0.008798169980643977
2010-11-01,5708,5808,5207,5208,2398798,-0.07544825137582101
2010-11-02,5257,5282,5057,5208,731712,0.0
2010-11-03,5282,5307,5182,5183,604751,-0.00480030721966207
2010-11-04,5182,5533,5182,5283,1767774,0.019293845263361087
2010-11-05,5383,5383,5157,5208,569045,-0.014196479273140272
2010-11-08,5257,5257,5132,5158,498352,-0.00960061443932414
2010-11-09,5132,5207,5082,5108,428700,-0.009693679720822024
2010-11-10,5057,5232,5032,5133,658248,0.0048942834768990195
2010-11-11,5107,5107,4616,4632,2295472,-0.09760374050262999
2010-11-12,4656,4707,4061,4256,1513405,-0.08117443868739205
2010-11-15,4181,4191,4071,4126,405617,-0.03054511278195493
2010-11-16,4131,4191,4031,4031,337311,-0.023024721279689797
2010-11-17,3905,4091,3860,4016,378415,-0.0037211610022327424
2010-11-18,4051,4226,4036,4181,424864,0.041085657370517836
2010-11-19,4196,4276,4131,4131,282241,-0.01195886151638359
2010-11-22,4141,4271,4136,4191,250590,0.014524328249818419
2010-11-23,4201,4266,4111,4116,300180,-0.017895490336435227
2010-11-24,3755,3980,3630,3956,474350,-0.0388726919339164
2010-11-25,3960,4036,3955,3956,222448,0.0
2010-11-26,3930,3970,3505,3680,503712,-0.06976744186046513
2010-11-29,3720,3740,3595,3610,207754,-0.01902173913043481
2010-11-30,3565,3780,3565,3706,315196,0.02659279778393353
2010-12-01,3710,4186,3710,4031,952694,0.08769562871019976
2010-12-02,4106,4136,3915,3951,265480,-0.019846192011907737
2010-12-03,4005,4071,3930,3971,187007,0.0050620096178182195
2010-12-06,3995,4010,3880,3906,173295,-0.016368672878368185
2010-12-07,3860,4081,3860,3971,173817,0.016641065028161872
2010-12-08,4081,4171,3930,3931,411973,-0.010073029463611216
2010-12-09,3965,4026,3880,3896,184780,-0.00890358687356907
2010-12-10,3915,3940,3860,3886,122160,-0.002566735112936369
2010-12-13,3850,4071,3850,4026,221338,0.03602676273803396
2010-12-14,4051,4051,3945,3946,163688,-0.019870839542970642
2010-12-15,4005,4015,3925,3956,145515,0.0025342118601114905
2010-12-16,3995,4015,3905,3906,177449,-0.012639029322548012
2010-12-17,3945,4111,3910,4006,762021,0.0256016385048643
2010-12-20,4056,4531,4031,4397,3547891,0.09760359460808776
2010-12-21,4456,4702,4316,4627,2260854,0.052308392085512745
2010-12-22,4536,4631,4426,4572,656945,-0.011886751674951346
2010-12-23,4511,4571,4336,4336,830345,-0.05161854768153984
2010-12-24,4356,4361,4096,4096,690216,-0.05535055350553508
2010-12-27,4091,4181,4041,4041,402276,-0.013427734375
2010-12-28,4041,4126,3775,3831,683412,-0.05196733481811433
2010-12-29,3840,4341,3840,4096,1123012,0.06917253980683902
2010-12-30,4126,4186,4005,4061,409705,-0.008544921875
2011-01-03,4086,4236,4086,4181,370962,0.029549372075843294
2011-01-04,4106,4191,4056,4181,590622,0.0
2011-01-05,4221,4361,4181,4181,643717,0.0
2011-01-06,4226,4246,4056,4091,597149,-0.021525950729490595
2011-01-07,4101,4156,4081,4131,222120,0.009777560498655635
2011-01-10,4111,4141,4036,4051,313093,-0.019365770999757892
2011-01-11,4061,4071,3930,4016,311519,-0.008639842014317445
2011-01-12,4056,4081,3990,4031,262023,0.0037350597609562275
2011-01-13,4046,4151,3910,3971,364847,-0.014884644008930747
2011-01-14,3990,3995,3910,3956,216131,-0.0037773860488542477
2011-01-17,4056,4121,3965,3976,320500,0.005055611729019249
2011-01-18,3975,4026,3845,3866,276040,-0.027665995975855173
2011-01-19,3875,3905,3805,3886,244445,0.005173305742369294
2011-01-20,3905,3930,3855,3861,83064,-0.006433350488934675
2011-01-21,3815,3880,3700,3711,319106,-0.038850038850038904
2011-01-24,3710,3730,3640,3680,187284,-0.008353543519267093
2011-01-25,3680,3720,3600,3610,173884,-0.01902173913043481
2011-01-26,3620,3795,3585,3691,268603,0.022437673130193847
2011-01-27,3705,3765,3655,3660,178422,-0.008398807911135231
2011-01-28,3695,3695,3630,3645,113531,-0.004098360655737654
2011-01-31,3620,3620,3515,3525,236162,-0.03292181069958844
2011-02-01,3505,3615,3505,3535,128812,0.0028368794326241176
2011-02-07,3555,3605,3510,3510,143266,-0.007072135785007094
2011-02-08,3530,3610,3530,3570,166539,0.017094017094017033
2011-02-09,3620,3750,3620,3675,454218,0.02941176470588225
2011-02-10,3695,3695,3520,3565,168365,-0.029931972789115635
2011-02-11,3510,3555,3299,3360,328540,-0.057503506311360475
2011-02-14,3309,3314,3074,3140,566371,-0.06547619047619047
2011-02-15,3139,3229,3104,3175,179217,0.011146496815286566
2011-02-16,3174,3219,3104,3150,129533,-0.007874015748031482
2011-02-17,3089,3194,3064,3065,211307,-0.026984126984127
2011-02-18,3029,3129,3029,3095,145818,0.00978792822185981
2011-02-21,3084,3159,3084,3160,80336,0.02100161550888524
2011-02-22,3159,3159,3054,3080,122907,-0.025316455696202556
2011-02-23,3099,3099,2959,2989,201417,-0.02954545454545454
2011-02-24,2964,2999,2854,2854,171548,-0.045165607226497206
2011-02-25,2864,2919,2834,2889,100955,0.01226348983882275
2011-02-28,2889,2929,2749,2749,140259,-0.04845967462789891
2011-03-02,2684,2689,2603,2604,268178,-0.05274645325572935
2011-03-03,2568,2678,2568,2629,138621,0.00960061443932414
2011-03-04,2633,3019,2623,2954,632991,0.12362114872575125
2011-03-07,2939,2984,2829,2929,232703,-0.008463100880162444
2011-03-08,3004,3014,2909,2934,174300,0.0017070672584500457
2011-03-09,2939,2954,2844,2884,180055,-0.017041581458759336
2011-03-10,2929,2929,2789,2804,98675,-0.0277392510402219
2011-03-11,2754,2844,2719,2784,90201,-0.007132667617689048
2011-03-14,2729,2779,2568,2569,231704,-0.07722701149425293
2011-03-15,2533,2653,2258,2439,281338,-0.050603347606072435
2011-03-16,2478,2563,2428,2469,140520,0.012300123001230068
2011-03-17,2358,2503,2353,2389,173150,-0.032401782098015364
2011-03-18,2413,2478,2413,2446,136518,0.023859355378819558
2011-03-21,2453,2638,2453,2574,217202,0.05233033524121011
2011-03-22,2633,2724,2598,2629,256943,0.02136752136752129
2011-03-23,2618,2678,2583,2679,117866,0.01901863826550021
2011-03-24,2658,2774,2638,2699,124520,0.0074654721911160404
2011-03-25,2719,2719,2643,2654,100111,-0.016672841793256787
2011-03-28,2623,2668,2471,2499,217174,-0.05840241145440839
2011-03-29,2498,2608,2498,2579,219828,0.03201280512204874
2011-03-30,2583,2668,2563,2584,214933,0.0019387359441644936
2011-03-31,2578,2804,2578,2804,312214,0.08513931888544901
2011-04-01,2764,2839,2719,2814,284893,0.003566333808844524
2011-04-04,2859,2904,2734,2739,206007,-0.026652452025586304
2011-04-05,2754,2879,2754,2879,241386,0.05111354508944865
2011-04-06,3054,3309,2979,3310,1013182,0.14970475859673504
2011-04-07,3655,3700,3229,3305,3593994,-0.0015105740181269312
2011-04-08,3319,3470,3239,3440,1855774,0.0408472012102874
2011-04-11,3475,3610,3264,3265,1193992,-0.05087209302325579
2011-04-12,3344,3344,3074,3080,652548,-0.05666156202143946
2011-04-13,3114,3194,2994,3060,551617,-0.00649350649350644
2011-04-14,3074,3254,3019,3255,838660,0.06372549019607843
2011-04-15,3279,3365,3189,3285,728379,0.009216589861751112
2011-04-18,3329,3405,3154,3155,479123,-0.0395738203957382
2011-04-19,3104,3179,3049,3155,292709,0.0
2011-04-20,3194,3314,3144,3305,757076,0.047543581616481756
2011-04-21,3329,3380,3229,3230,364610,-0.0226928895612708
2011-04-22,3234,3279,3054,3120,492647,-0.034055727554179516
2011-04-25,3134,3219,3114,3165,464155,0.014423076923076872
2011-04-26,3179,3204,2814,2924,656436,-0.07614533965244863
2011-04-27,2904,2944,2638,2674,601520,-0.085499316005472
2011-04-28,2673,2759,2653,2654,276485,-0.007479431563201189
2011-04-29,2653,2694,2503,2579,273831,-0.028259231348907288
2011-05-02,2603,2678,2558,2654,141712,0.02908103916246607
2011-05-03,2628,2663,2588,2609,115368,-0.016955538809344417
2011-05-04,2608,2633,2573,2599,142018,-0.003832886163280924
2011-05-06,2598,2613,2568,2569,103186,-0.011542901115813797
2011-05-09,2578,2593,2518,2559,153459,-0.003892565200467102
2011-05-11,2553,2583,2513,2559,119118,0.0
2011-05-12,2493,2694,2493,2554,278071,-0.0019538882375927935
2011-05-13,2558,2603,2518,2529,114120,-0.009788566953797928
2011-05-16,2523,2573,2503,2529,93293,0.0
2011-05-17,2503,2558,2481,2499,90665,-0.011862396204033177
2011-05-18,2503,2523,2416,2419,123360,-0.03201280512204885
2011-05-19,2421,2463,2388,2389,130521,-0.012401818933443609
2011-05-20,2361,2403,2308,2369,87711,-0.008371703641691042
2011-05-23,2323,2383,2318,2318,58387,-0.021528070915998287
2011-05-24,2268,2318,2253,2253,116412,-0.028041415012942217
2011-05-25,2235,2293,2170,2171,127032,-0.03639591655570351
2011-05-26,2203,2235,2163,2171,138336,0.0
2011-05-27,2175,2496,2175,2313,843966,0.06540764624596962
2011-05-30,2345,2345,2235,2236,171183,-0.03329009943795935
2011-05-31,2213,2288,2213,2248,159412,0.005366726296958779
2011-06-01,2253,2518,2253,2359,500962,0.04937722419928825
2011-06-02,2268,2393,2268,2384,121471,0.010597710894446832
2011-06-03,2388,2478,2318,2318,134997,-0.027684563758389236
2011-06-07,2290,2313,2203,2228,107188,-0.03882657463330452
2011-06-08,2268,2288,2163,2163,130060,-0.029174147217235213
2011-06-09,2163,2230,2163,2203,96378,0.018492834026814675
2011-06-10,2243,2423,2198,2293,400614,0.04085338175215614
2011-06-13,2298,2333,2258,2291,116352,-0.0008722197993894509
2011-06-14,2288,2393,2288,2346,183672,0.02400698384984712
2011-06-15,2373,2396,2305,2313,125277,-0.014066496163682829
2011-06-16,2278,2303,2198,2223,108424,-0.03891050583657585
2011-06-17,2213,2245,2103,2121,121271,-0.045883940620782715
2011-06-20,2120,2158,2018,2018,181715,-0.04856199905704861
2011-06-21,2050,2073,2020,2026,46493,0.003964321110009994
2011-06-22,2038,2128,2033,2081,108276,0.027147087857847918
2011-06-23,2103,2125,2085,2096,100081,0.007208073041806928
2011-06-24,2113,2173,2090,2166,127807,0.033396946564885566
2011-06-27,2120,2348,2120,2231,661487,0.03000923361034169
2011-06-28,2240,2308,2165,2166,216611,-0.029134917077543676
2011-06-29,2195,2238,2165,2166,103817,0.0
2011-06-30,2170,2213,2128,2213,200383,0.021698984302862323
2011-07-01,2218,2248,2198,2208,160167,-0.00225937641211027
2011-07-04,2238,2328,2238,2268,201136,0.02717391304347827
2011-07-05,2278,2356,2260,2308,228175,0.01763668430335108
2011-07-06,2318,2363,2288,2313,158350,0.002166377816291254
2011-07-07,2313,2351,2263,2266,114014,-0.02031993082576744
2011-07-08,2313,2313,2218,2221,136582,-0.019858781994704366
2011-07-11,2223,2293,2185,2243,163346,0.009905447996398031
2011-07-12,2228,2553,2208,2411,1578410,0.07489968791796708
2011-07-13,2478,2583,2411,2504,550892,0.03857320613853177
2011-07-14,2483,2498,2363,2374,325021,-0.05191693290734822
2011-07-15,2398,2486,2386,2471,335264,0.040859309182813774
2011-07-18,2523,2709,2523,2664,787423,0.07810602994738969
2011-07-19,2643,2699,2563,2589,255461,-0.028153153153153143
2011-07-20,2623,2653,2553,2629,240178,0.015449980687524123
2011-07-21,2598,2934,2593,2639,1021364,0.0038037276530999975
2011-07-22,2663,2874,2663,2859,1120721,0.08336491095111787
2011-07-25,2859,2874,2704,2779,563956,-0.027981811822315517
2011-07-26,2794,3134,2779,2904,1828331,0.04498020870816832
2011-07-27,2954,3074,2864,2879,865340,-0.008608815426997207
2011-07-28,2854,2854,2704,2734,572362,-0.050364709968739096
2011-07-29,2729,2779,2583,2614,387150,-0.043891733723482096
2011-08-01,2663,2804,2663,2719,544264,0.04016832440703899
2011-08-02,2678,2769,2593,2629,238183,-0.03310040456050023
2011-08-03,2578,2578,2466,2494,236142,-0.05135032331685052
2011-08-04,2528,2573,2383,2406,160690,-0.035284683239775516
2011-08-05,2128,2313,2128,2168,254280,-0.09891936824605152
2011-08-08,2083,2143,1845,1873,459067,-0.13607011070110697
2011-08-09,1705,1742,1592,1657,472261,-0.11532301121195943
2011-08-10,1782,1802,1710,1743,368975,0.05190102595051305
2011-08-11,1602,1815,1602,1775,285424,0.018359150889271314
2011-08-12,1832,1897,1805,1805,358928,0.016901408450704203
2011-08-16,1907,2043,1887,1970,392632,0.09141274238227148
2011-08-17,1942,2070,1942,2058,146064,0.044670050761421276
2011-08-18,2050,2143,2002,2088,170677,0.014577259475218707
2011-08-19,1987,1992,1865,1865,276334,-0.10680076628352486
2011-08-22,1810,1927,1790,1898,158354,0.017694369973190405
2011-08-23,1917,1945,1807,1905,100863,0.0036880927291886856
2011-08-24,1945,1947,1842,1918,109331,0.006824146981627255
2011-08-25,1942,1950,1865,1865,88785,-0.027632950990615246
2011-08-26,1852,1862,1810,1818,97381,-0.025201072386058954
2011-08-29,1852,1907,1837,1878,90088,0.03300330033003296
2011-08-30,1877,1932,1877,1905,116155,0.01437699680511173
2011-08-31,1905,1977,1905,1948,147628,0.02257217847769022
2011-09-01,1952,2033,1932,1953,166072,0.002566735112936369
2011-09-02,1945,1995,1917,1980,61698,0.01382488479262678
2011-09-05,1952,1952,1877,1878,72590,-0.051515151515151514
2011-09-06,1805,1887,1737,1743,171770,-0.0718849840255591
2011-09-07,1767,1817,1767,1813,54804,0.04016064257028118
2011-09-08,1817,1842,1792,1820,59453,0.0038610038610038533
2011-09-09,1897,1897,1795,1820,68438,0.0
2011-09-14,1822,1847,1812,1828,117924,0.00439560439560438
2011-09-15,1857,1917,1827,1868,105618,0.02188183807439814
2011-09-16,1890,1955,1880,1953,240347,0.0455032119914347
2011-09-19,2118,2245,1925,1925,1638658,-0.014336917562724039
2011-09-20,1925,1942,1852,1873,215820,-0.027012987012987044
2011-09-21,1887,1967,1867,1963,250474,0.048051254671649835
2011-09-22,1907,1947,1852,1853,165739,-0.0560366785532348
2011-09-23,1777,1825,1634,1652,240539,-0.10847274689692388
2011-09-26,1662,1697,1404,1417,391821,-0.14225181598062953
2011-09-27,1452,1522,1452,1492,131829,0.052928722653493354
2011-09-28,1504,1562,1487,1500,136109,0.00536193029490617
2011-09-29,1474,1547,1452,1545,107579,0.030000000000000027
2011-09-30,1547,1574,1522,1545,84849,0.0
2011-10-04,1427,1452,1339,1427,151017,-0.07637540453074432
2011-10-05,1427,1452,1319,1334,217817,-0.06517168885774349
2011-10-06,1362,1467,1362,1397,136011,0.04722638680659674
2011-10-07,1422,1484,1422,1467,153123,0.0501073729420185
2011-10-10,1467,1587,1467,1537,146326,0.04771642808452614
2011-10-11,1572,1597,1532,1537,130282,0.0
2011-10-12,1524,1579,1524,1557,113437,0.013012361743656387
2011-10-13,1617,1790,1602,1790,492245,0.14964675658317272
2011-10-14,1890,2023,1830,1878,1158918,0.049162011173184306
2011-10-17,1917,1927,1847,1903,533086,0.013312034078807322
2011-10-18,1832,1882,1822,1870,222584,-0.017341040462427793
2011-10-19,1877,1997,1867,1998,359416,0.06844919786096249
2011-10-20,2175,2295,1777,1813,1884709,-0.09259259259259256
2011-10-21,1867,1885,1812,1838,167664,0.013789299503585317
2011-10-24,1877,1920,1837,1848,296080,0.005440696409140466
2011-10-25,1875,1892,1782,1788,175961,-0.03246753246753242
2011-10-26,1777,1837,1742,1820,117660,0.017897091722595126
2011-10-27,1877,1965,1857,1903,251844,0.045604395604395664
2011-10-28,1947,1950,1887,1923,205777,0.010509721492380386
2011-10-31,1947,1962,1882,1883,71214,-0.020800832033281313
2011-11-01,1805,1902,1805,1870,67174,-0.006903876792352603
2011-11-02,1782,1852,1777,1808,147176,-0.03315508021390379
2011-11-03,1827,1832,1657,1657,186849,-0.08351769911504425
2011-11-04,1707,1817,1702,1778,129285,0.07302353651176818
2011-11-07,1787,1852,1770,1770,101592,-0.004499437570303688
2011-11-08,1780,1820,1740,1740,86651,-0.016949152542372836
2011-11-09,1792,1865,1762,1800,135240,0.034482758620689724
2011-11-10,1690,1745,1667,1705,136011,-0.05277777777777781
2011-11-11,1720,1757,1712,1743,80971,0.02228739002932545
2011-11-14,1840,1840,1785,1815,107472,0.04130808950086062
2011-11-15,1787,1802,1762,1773,77728,-0.023140495867768562
2011-11-16,1800,1812,1692,1723,110214,-0.028200789622109368
2011-11-17,1747,1785,1680,1773,122277,0.02901915264074284
2011-11-18,1727,1747,1677,1725,66055,-0.027072758037225086
2011-11-21,1727,1767,1690,1768,180848,0.02492753623188415
2011-11-22,1827,2030,1767,2031,1340220,0.1487556561085972
2011-11-23,2058,2210,2030,2131,2930352,0.04923682914820282
2011-11-24,2125,2403,2125,2286,2735619,0.07273580478648523
2011-11-25,2358,2496,1947,2026,4002646,-0.11373578302712162
2011-11-28,2073,2328,2065,2328,2040946,0.14906219151036515
2011-11-29,2493,2628,2388,2509,3825976,0.07774914089347074
2011-11-30,2483,2739,2458,2684,2932565,0.06974890394579503
2011-12-01,2704,2764,2528,2584,1788381,-0.037257824143069995
2011-12-02,2608,2734,2503,2554,1545915,-0.011609907120743057
2011-12-05,2563,2603,2421,2539,1239230,-0.005873140172278801
2011-12-06,2548,2558,2383,2384,713779,-0.061047656557699836
2011-12-07,2413,2538,2320,2421,1102269,0.015520134228187876
2011-12-08,2441,2623,2418,2574,1329386,0.06319702602230493
2011-12-09,2548,2598,2348,2349,950515,-0.0874125874125874
2011-12-12,2403,2428,2313,2379,501108,0.012771392081736943
2011-12-13,2383,2411,2228,2268,516815,-0.046658259773013855
2011-12-14,2295,2333,2130,2131,608388,-0.060405643738977055
2011-12-15,2093,2150,1982,1983,393481,-0.06945096198967626
2011-12-16,2020,2093,1960,2088,375210,0.05295007564296528
2011-12-19,2088,2088,1775,1858,517627,-0.11015325670498088
2011-12-20,1862,2083,1852,2058,565953,0.10764262648008605
2011-12-21,2093,2123,1987,1998,471386,-0.029154518950437303
2011-12-22,2023,2153,1965,2063,516755,0.03253253253253252
2011-12-23,2088,2210,2078,2078,506873,0.007270964614638942
2011-12-26,2133,2180,2080,2123,315369,0.021655437921078047
2011-12-27,2110,2148,1987,2026,267984,-0.045690061234102686
2011-12-28,2002,2063,1997,2048,187730,0.010858835143139123
2011-12-29,2028,2148,2007,2096,203045,0.0234375
2012-01-02,2143,2178,2115,2151,179808,0.026240458015267087
2012-01-03,2158,2198,2095,2178,212976,0.012552301255230214
2012-01-04,2198,2240,2155,2183,356148,0.0022956841138659367
2012-01-05,2185,2285,2163,2201,406379,0.008245533669262395
2012-01-06,2200,2258,2123,2178,289871,-0.01044979554747838
2012-01-09,2133,2328,2133,2288,471984,0.05050505050505061
2012-01-10,2258,2328,2235,2263,298015,-0.010926573426573438
2012-01-11,2283,2303,2160,2161,285839,-0.0450729120636324
2012-01-12,2168,2446,2165,2308,1262162,0.0680240629338269
2012-01-13,2315,2423,2253,2266,380933,-0.01819757365684571
2012-01-16,2228,2260,2178,2178,226085,-0.03883495145631066
2012-01-17,2185,2250,2163,2163,176654,-0.00688705234159781
2012-01-18,2178,2253,2178,2203,155532,0.018492834026814675
2012-01-19,2255,2255,2165,2173,252631,-0.013617793917385379
2012-01-20,2178,2193,2068,2081,278908,-0.04233778186838477
2012-01-25,2080,2138,2038,2058,95603,-0.011052378664103801
2012-01-26,2055,2120,2055,2091,117153,0.016034985422740622
2012-01-27,2098,2123,2078,2078,100242,-0.006217120994739367
2012-01-30,2058,2093,2043,2051,148624,-0.012993262752646784
2012-01-31,2050,2120,2050,2108,131931,0.027791321306679606
2012-02-01,2123,2123,2083,2106,137075,-0.000948766603415585
2012-02-02,2125,2138,2053,2086,178170,-0.009496676163342821
2012-02-03,2070,2128,2070,2118,136702,0.015340364333652934
2012-02-06,2128,2295,2120,2201,577824,0.03918791312559011
2012-02-07,2233,2235,2170,2198,222528,-0.0013630168105406293
2012-02-08,2228,2288,2183,2283,358038,0.03867151956323922
2012-02-09,2308,2403,2218,2223,592286,-0.026281208935611033
2012-02-10,2243,2278,2190,2243,261649,0.008996851102114345
2012-02-13,2280,2398,2248,2306,582521,0.02808738296923763
2012-02-14,2338,2471,2293,2439,579429,0.05767562879444932
2012-02-15,2436,2436,2353,2356,363643,-0.03403034030340302
2012-02-16,2343,2396,2260,2276,275705,-0.03395585738539897
2012-02-17,2283,2333,2268,2296,154052,0.008787346221441172
2012-02-20,2328,2356,2288,2306,199299,0.00435540069686402
2012-02-21,2288,2320,2258,2268,130274,-0.01647875108412833
2012-02-22,2270,2328,2243,2328,216087,0.02645502645502651
2012-02-23,2345,2451,2318,2401,561470,0.03135738831615131
2012-02-24,2401,2453,2328,2333,311305,-0.028321532694710494
2012-02-27,2383,2388,2148,2161,504815,-0.07372481783111873
2012-02-28,2163,2213,2123,2141,247061,-0.00925497454881996
2012-02-29,2140,2165,2098,2126,191748,-0.007006071929005153
2012-03-02,2113,2148,2100,2116,178945,-0.00470366886171214
2012-03-05,2150,2213,2120,2201,233645,0.04017013232514177
2012-03-06,2185,2218,2118,2156,161221,-0.020445252158109994
2012-03-07,2105,2170,2063,2163,182026,0.0032467532467532756
2012-03-08,2173,2315,2173,2288,950118,0.057790106333795555
2012-03-09,2333,2345,2253,2291,612893,0.001311188811188746
2012-03-12,2308,2328,2230,2243,335743,-0.020951549541684877
2012-03-13,2413,2498,2288,2328,1724033,0.03789567543468575
2012-03-14,2351,2673,2300,2674,2793632,0.14862542955326452
2012-03-15,2804,2999,2689,2849,9679868,0.0654450261780104
2012-03-16,2849,2954,2724,2954,5605482,0.03685503685503688
2012-03-19,2954,3054,2889,2974,4303413,0.00677048070413
2012-03-20,2934,2974,2794,2839,2823853,-0.04539340954942839
2012-03-21,2809,2944,2754,2874,2376417,0.012328284607256101
2012-03-22,2869,2899,2714,2759,1889055,-0.04001391788448161
2012-03-23,2774,2899,2613,2679,2776334,-0.02899601304820587
2012-03-26,2668,2774,2633,2739,1099477,0.022396416573348343
2012-03-27,2789,2904,2628,2629,2645619,-0.04016064257028118
2012-03-28,2633,2684,2563,2624,858720,-0.0019018638265499987
2012-03-29,2613,2678,2436,2479,941988,-0.05525914634146345
2012-03-30,2501,2501,2436,2456,483071,-0.009277934651068964
2012-04-02,2468,2558,2458,2554,604248,0.039902280130293066
2012-04-03,2548,2603,2448,2459,663218,-0.03719655442443226
2012-04-04,2458,2508,2368,2404,405345,-0.022366815778771865
2012-04-05,2363,2423,2325,2399,383038,-0.002079866888519133
2012-04-06,2376,2488,2376,2461,417431,0.025844101709045386
2012-04-09,2458,2583,2203,2203,774923,-0.10483543275091423
2012-04-10,2155,2318,2155,2191,345097,-0.005447117566954152
2012-04-12,2153,2218,2113,2163,295579,-0.012779552715655007
2012-04-13,2205,2328,2188,2276,229200,0.052242256125751174
2012-04-16,2275,2330,2253,2293,178677,0.00746924428822493
2012-04-17,2338,2513,2283,2354,824238,0.026602703881378087
2012-04-18,2393,2433,2353,2379,243401,0.010620220900594779
2012-04-19,2378,2403,2290,2303,218114,-0.031946195880622086
2012-04-20,2288,2358,2213,2251,119643,-0.02257924446374293
2012-04-23,2250,2318,2250,2256,194582,0.002221235006663713
2012-04-24,2213,2283,2193,2218,184487,-0.016843971631205656
2012-04-25,2238,2298,2205,2206,241484,-0.0054102795311090635
2012-04-26,2233,2258,2088,2106,245999,-0.045330915684496875
2012-04-27,2103,2143,1985,1985,278153,-0.05745489078822408
2012-04-30,1977,2058,1977,2000,205651,0.007556675062972307
2012-05-02,2010,2083,2010,2051,183298,0.025500000000000078
2012-05-03,2050,2098,2040,2076,107801,0.012189176011701663
2012-05-04,2075,2098,2028,2053,164722,-0.011078998073217772
2012-05-07,2007,2090,1995,2073,118347,0.009741841207988378
2012-05-08,2080,2193,2080,2131,266149,0.02797877472262411
2012-05-09,2153,2153,2080,2116,109439,-0.007038948850304982
2012-05-10,2073,2138,2073,2121,74860,0.0023629489603025355
2012-05-11,2120,2203,2095,2138,179075,0.008015087223008033
2012-05-14,2150,2168,1992,2013,210192,-0.058465855940130984
2012-05-15,1940,2007,1877,1928,163085,-0.042225534028812683
2012-05-16,1927,2000,1752,1753,280050,-0.0907676348547718
2012-05-17,1755,1820,1752,1783,128870,0.01711351968054764
2012-05-18,1720,1740,1562,1577,333820,-0.1155356141334829
2012-05-21,1577,1627,1552,1585,171969,0.005072923272035457
2012-05-22,1609,1702,1609,1703,163542,0.07444794952681377
2012-05-23,1722,1722,1622,1637,136045,-0.03875513799177921
2012-05-24,1652,1682,1602,1645,77017,0.004886988393402625
2012-05-25,1652,1692,1649,1667,82828,0.013373860182370745
2012-05-29,1667,1777,1662,1740,153617,0.04379124175164972
2012-05-30,1762,1772,1690,1690,97447,-0.028735632183908066
2012-05-31,1669,1717,1637,1683,103793,-0.004142011834319503
2012-06-01,1672,1702,1649,1693,106257,0.005941770647653
2012-06-04,1604,1632,1552,1570,211349,-0.0726520968694625
2012-06-05,1567,1617,1559,1570,126913,0.0
2012-06-07,1599,1707,1599,1652,95653,0.05222929936305731
2012-06-08,1687,1687,1619,1652,70738,0.0
2012-06-11,1672,1697,1634,1675,170809,0.013922518159806385
2012-06-12,1652,1674,1622,1652,80708,-0.013731343283582054
2012-06-13,1672,1750,1642,1738,235419,0.05205811138014527
2012-06-14,1770,1770,1690,1698,192217,-0.023014959723820505
2012-06-15,1707,1740,1674,1695,125511,-0.0017667844522968323
2012-06-18,1727,1820,1722,1738,315727,0.025368731563421898
2012-06-19,1712,1845,1712,1818,235235,0.04602991944764101
2012-06-20,1822,1845,1785,1790,148073,-0.015401540154015403
2012-06-21,1785,1812,1767,1798,77720,0.004469273743016755
2012-06-22,1742,1800,1740,1800,67064,0.0011123470522802492
2012-06-25,1800,1812,1737,1738,127751,-0.0344444444444445
2012-06-26,1737,1800,1720,1775,130587,0.02128883774453394
2012-06-27,1777,1807,1755,1783,77502,0.004507042253521165
2012-06-28,1787,1810,1750,1763,96039,-0.011217049915872135
2012-06-29,1750,1837,1737,1838,235239,0.04254112308564939
2012-07-02,2053,2113,2053,2113,1595219,0.14961915125136027
2012-07-03,2183,2200,2080,2138,1861466,0.011831519167061044
2012-07-04,2128,2140,2013,2013,812619,-0.058465855940130984
2012-07-05,2002,2065,2000,2000,557454,-0.006458022851465461
2012-07-06,2010,2073,2010,2028,309770,0.014000000000000012
2012-07-09,2028,2330,1997,2331,1352264,0.14940828402366857
2012-07-10,2678,2678,2678,2679,143859,0.1492921492921493
2012-07-11,3079,3079,2819,3080,11544396,0.14968271743187755
2012-07-12,3054,3224,2964,3210,8998863,0.04220779220779214
2012-07-13,3024,3194,2834,3045,5142788,-0.051401869158878455
2012-07-16,2944,3184,2729,2779,8222689,-0.08735632183908049
2012-07-17,2784,2849,2694,2819,3923222,0.014393666786613801
2012-07-18,2789,2924,2588,2624,4633059,-0.06917346576800287
2012-07-19,2658,2739,2568,2689,2072491,0.02477134146341453
2012-07-20,2749,2749,2533,2564,2109018,-0.04648568240981776
2012-07-23,2528,2684,2466,2589,2901621,0.00975039001560063
2012-07-24,2513,2668,2498,2669,1929440,0.030899961375048246
2012-07-25,2643,2678,2388,2389,1540527,-0.10490820532034473
2012-07-26,2388,2428,2255,2379,1162427,-0.004185851820845521
2012-07-27,2403,2468,2378,2424,678136,0.018915510718789497
2012-07-30,2448,2471,2283,2291,499786,-0.05486798679867988
2012-07-31,2305,2633,2298,2634,2675107,0.14971628109995638
2012-08-01,2633,2714,2518,2564,3339901,-0.026575550493545985
2012-08-02,2598,2764,2573,2629,3341431,0.025351014040561726
2012-08-03,2704,2739,2473,2474,1692546,-0.05895777862305063
2012-08-06,2478,2563,2478,2504,566922,0.01212611156022625
2012-08-07,2518,2543,2376,2399,1103227,-0.04193290734824284
2012-08-08,2398,2451,2386,2401,516908,0.0008336807002917723
2012-08-09,2413,2759,2406,2759,6210409,0.14910453977509364
2012-08-10,2829,2829,2704,2754,2711531,-0.0018122508155128392
2012-08-13,2789,3089,2754,2879,5945245,0.045388525780682754
2012-08-14,2949,2979,2764,2789,2119361,-0.03126085446335536
2012-08-16,2819,2839,2739,2744,1019079,-0.01613481534600214
2012-08-17,2704,2969,2704,2744,2770974,0.0
2012-08-20,2799,2889,2689,2804,1412733,0.02186588921282806
2012-08-21,2854,3224,2839,3225,10123119,0.15014265335235377
2012-08-22,3189,3239,3044,3050,5020227,-0.054263565891472854
2012-08-23,3109,3284,2874,2934,6031634,-0.03803278688524592
2012-08-24,2959,3029,2799,2874,1306586,-0.020449897750511203
2012-08-27,2829,2894,2739,2809,1196312,-0.02261656228253306
2012-08-28,2844,3069,2839,2919,3407640,0.03915984336062661
2012-08-29,2954,3049,2829,2904,1747855,-0.005138746145940343
2012-08-30,2964,3064,2834,2834,2121032,-0.024104683195592336
2012-08-31,2829,2914,2809,2879,789833,0.015878616796048073
2012-09-03,2919,2934,2799,2804,772120,-0.026050712052796077
2012-09-04,2819,2824,2613,2614,995247,-0.06776034236804562
2012-09-05,2613,2683,2563,2584,489224,-0.011476664116296886
2012-09-06,2618,2633,2543,2544,356500,-0.015479876160990669
2012-09-07,2583,2678,2528,2664,441817,0.04716981132075482
2012-09-10,2663,2668,2588,2624,347921,-0.01501501501501501
2012-09-11,2663,2789,2638,2684,1157371,0.02286585365853666
2012-09-12,2714,2744,2503,2599,599547,-0.03166915052160957
2012-09-13,2598,2719,2598,2639,385135,0.015390534821084989
2012-09-14,2673,2694,2603,2614,432407,-0.009473285335354298
2012-09-17,2618,2638,2503,2549,457048,-0.024866105585309883
2012-09-18,2543,2573,2508,2539,394050,-0.003923107100823886
2012-09-19,2553,2563,2453,2459,477461,-0.03150846790074835
2012-09-20,2483,2543,2453,2466,330944,0.002846685644571023
2012-09-21,2483,2483,2325,2379,439384,-0.035279805352798066
2012-09-24,2383,2398,2298,2318,307515,-0.02564102564102566
2012-09-25,2268,2298,2178,2178,535251,-0.060396893874029356
2012-09-26,2170,2436,2170,2288,746574,0.05050505050505061
2012-09-27,2253,2340,2188,2313,272354,0.010926573426573327
2012-09-28,2345,2378,2290,2308,261997,-0.002161694768698652
2012-10-02,2303,2468,2303,2401,411072,0.04029462738301559
2012-10-04,2398,2528,2398,2491,652586,0.037484381507705056
2012-10-05,2486,2533,2461,2476,233444,-0.006021678040947442
2012-10-08,2513,2513,2453,2454,192119,-0.008885298869143798
2012-10-09,2503,2759,2488,2599,1648939,0.0590872045639772
2012-10-10,2558,2658,2538,2554,425119,-0.01731435167372064
2012-10-11,2528,2618,2433,2454,384740,-0.03915426781519182
2012-10-12,2473,2498,2378,2391,232749,-0.025672371638141844
2012-10-15,2383,2411,2195,2213,370325,-0.0744458385612714
2012-10-16,2203,2320,2203,2283,219357,0.03163126976954356
2012-10-17,2285,2376,2285,2291,152085,0.003504161191414834
2012-10-18,2275,2335,2208,2211,223223,-0.034919249236141425
2012-10-19,2183,2253,2178,2211,115152,0.0
2012-10-22,2123,2228,2113,2183,119358,-0.012663952962460479
2012-10-23,2183,2328,2183,2276,314946,0.042601923957856114
2012-10-24,2275,2275,2208,2268,75535,-0.0035149384885764245
2012-10-25,2263,2333,2238,2238,146328,-0.013227513227513255
2012-10-26,2243,2313,2193,2193,105604,-0.020107238605898137
2012-10-29,2188,2233,2090,2101,105932,-0.04195166438668496
2012-10-30,2063,2128,2025,2026,212505,-0.03569728700618757
2012-10-31,2025,2110,2025,2043,118455,0.008390918065152908
2012-11-01,2043,2083,1987,2033,187862,-0.004894762604013669
2012-11-02,2068,2093,2025,2033,129696,0.0
2012-11-05,2043,2088,1995,2005,113576,-0.0137727496310871
2012-11-06,2015,2053,2007,2043,97720,0.01895261845386531
2012-11-07,2065,2138,2053,2088,210648,0.022026431718061623
2012-11-08,2033,2153,2025,2096,146767,0.003831417624521105
2012-11-09,2095,2138,2053,2103,100222,0.0033396946564885344
2012-11-12,2108,2263,2090,2198,390962,0.04517356157869701
2012-11-13,2260,2353,2210,2238,608266,0.018198362147406666
2012-11-14,2250,2265,2153,2246,234698,0.003574620196604039
2012-11-15,2233,2233,2058,2058,173705,-0.08370436331255571
2012-11-16,1977,2048,1847,1853,466636,-0.09961127308066087
2012-11-19,1855,1942,1852,1903,133934,0.02698327037236914
2012-11-20,1930,1972,1902,1923,85846,0.010509721492380386
2012-11-21,1907,1967,1907,1930,126687,0.003640145605824152
2012-11-22,1975,2002,1932,1953,125868,0.011917098445595853
2012-11-23,1942,1997,1935,1958,69674,0.0025601638504864077
2012-11-26,1962,1997,1957,1968,115749,0.005107252298263587
2012-11-27,1960,1982,1910,1940,119098,-0.014227642276422814
2012-11-28,1952,1952,1897,1898,78315,-0.02164948453608251
2012-11-29,1905,1955,1905,1923,90597,0.013171759747102163
2012-11-30,1925,1962,1912,1925,161044,0.0010400416016640435
2012-12-03,1940,2002,1937,1948,118531,0.01194805194805193
2012-12-04,1955,1982,1910,1978,130887,0.015400410677617993
2012-12-05,1977,1995,1915,1973,164035,-0.0025278058645096246
2012-12-06,1972,2018,1952,1960,179143,-0.006588950836289964
2012-12-07,1982,2005,1950,1963,131596,0.001530612244897922
2012-12-10,1967,1992,1927,1930,71681,-0.016811003565970428
2012-12-11,1907,1952,1857,1868,123829,-0.032124352331606265
2012-12-12,1872,1917,1862,1868,90998,0.0
2012-12-13,1870,1897,1867,1883,73702,0.008029978586723718
2012-12-14,1902,1992,1882,1933,153567,0.026553372278279364
2012-12-17,1977,1977,1905,1915,102723,-0.009311950336264863
2012-12-18,1917,1952,1917,1923,76670,0.004177545691905982
2012-12-20,1922,1985,1922,1940,122391,0.008840353614144592
2012-12-21,1932,1957,1892,1928,172181,-0.006185567010309256
2012-12-24,2103,2215,1997,2013,2459469,0.044087136929460646
2012-12-26,2043,2105,1997,2003,429211,-0.004967709885742688
2012-12-27,2028,2030,1977,2003,177990,0.0
2012-12-28,2023,2303,2018,2228,2527865,0.1123315027458811
2013-01-02,2228,2268,2183,2228,512960,0.0
2013-01-03,2265,2328,2208,2288,610705,0.026929982046678624
2013-01-04,2265,2325,2223,2301,377479,0.005681818181818121
2013-01-07,2328,2330,2250,2286,265140,-0.006518904823989535
2013-01-08,2298,2413,2280,2281,597338,-0.0021872265966753623
2013-01-09,2253,2320,2248,2273,369634,-0.003507233669443277
2013-01-10,2333,2333,2253,2271,163354,-0.0008798944126704455
2013-01-11,2293,2315,2250,2268,201032,-0.0013210039630119352
2013-01-14,2268,2300,2268,2278,158338,0.0044091710758378255
2013-01-15,2310,2473,2215,2216,1209269,-0.027216856892010588
2013-01-16,2220,2283,2143,2143,363605,-0.03294223826714804
2013-01-17,2155,2215,2080,2101,311092,-0.01959869342043863
2013-01-18,2123,2143,2063,2126,210096,0.011899095668729265
2013-01-21,2125,2160,2108,2128,128764,0.0009407337723423836
2013-01-22,2173,2280,2153,2223,351855,0.044642857142857206
2013-01-23,2243,2243,2193,2218,113864,-0.0022492127755285862
2013-01-24,2203,2245,2175,2198,124087,-0.00901713255184855
2013-01-25,2203,2230,2088,2116,240465,-0.03730664240218384
2013-01-28,2145,2210,2098,2178,175822,0.02930056710775042
2013-01-29,2173,2208,2110,2123,142421,-0.025252525252525304
2013-01-30,2153,2165,2113,2116,126010,-0.0032972209138012465
2013-01-31,2128,2135,2063,2116,157020,0.0
2013-02-01,2128,2153,2098,2153,120502,0.017485822306238186
2013-02-04,2183,2190,2083,2111,146817,-0.019507663725034874
2013-02-05,2063,2098,2053,2068,115921,-0.020369493131217387
2013-02-06,2083,2140,2073,2133,92696,0.03143133462282388
2013-02-07,2153,2183,2133,2133,117898,0.0
2013-02-08,2153,2248,2133,2236,222110,0.048288795124238115
2013-02-12,2193,2230,2153,2221,216367,-0.0067084078711985295
2013-02-13,2203,2248,2178,2233,154903,0.005402971634398845
2013-02-14,2253,2298,2195,2208,241408,-0.011195700850873291
2013-02-15,2240,2240,2180,2238,154649,0.013586956521739024
2013-02-18,2220,2275,2203,2263,286055,0.011170688114387817
2013-02-19,2253,2285,2243,2281,163460,0.00795404330534688
2013-02-20,2303,2401,2283,2371,589047,0.03945637878123631
2013-02-21,2421,2724,2393,2644,10861639,0.11514129059468581
2013-02-22,2583,2678,2528,2664,2462788,0.0075642965204236745
2013-02-25,2653,2699,2593,2659,1186082,-0.0018768768768768762
2013-02-26,2638,2824,2623,2664,2390155,0.0018804061677322181
2013-02-27,2678,2804,2668,2669,1838758,0.0018768768768768762
2013-02-28,2668,2689,2558,2604,837798,-0.02435369052079428
2013-03-04,2653,2673,2558,2559,625764,-0.017281105990783363
2013-03-05,2593,2658,2558,2634,479047,0.029308323563892236
2013-03-06,2623,2673,2523,2529,600534,-0.03986332574031892
2013-03-07,2553,2573,2513,2534,238196,0.0019770660340054924
2013-03-08,2543,2628,2498,2564,398435,0.011838989739542116
2013-03-11,2573,2939,2573,2814,4036935,0.0975039001560063
2013-03-12,2829,2979,2724,2739,1813026,-0.026652452025586304
2013-03-13,2764,2869,2714,2754,843575,0.005476451259583737
2013-03-14,2809,2909,2769,2864,958551,0.03994190268700071
2013-03-15,2859,2904,2684,2724,918783,-0.0488826815642458
2013-03-18,2724,2739,2493,2494,564094,-0.08443465491923641
2013-03-19,2553,2603,2503,2594,321981,0.04009623095429027
2013-03-20,2593,2643,2491,2491,347344,-0.03970701619121053
2013-03-21,2513,2568,2456,2479,253562,-0.004817342432757887
2013-03-22,2458,2558,2458,2529,138913,0.020169423154497768
2013-03-25,2578,2583,2523,2539,213338,0.003954132068010985
2013-03-26,2508,2678,2508,2609,373107,0.027569909413154736
2013-03-27,2633,2658,2553,2624,279852,0.005749329244921331
2013-03-28,2643,2658,2508,2579,206066,-0.017149390243902385
2013-03-29,2578,2829,2558,2714,1106592,0.052345870492438884
2013-04-01,2774,2864,2694,2794,599837,0.029476787030213725
2013-04-02,2799,2929,2744,2819,613345,0.008947745168217613
2013-04-03,2804,3044,2799,2919,940356,0.03547357218871938
2013-04-04,2919,3024,2764,2999,710322,0.027406646111681976
2013-04-05,3079,3144,2904,2929,1061370,-0.02334111370456815
2013-04-08,2929,2949,2779,2824,390238,-0.03584841242744963
2013-04-09,2834,2904,2749,2844,384544,0.007082152974504208
2013-04-10,2804,2884,2774,2789,205593,-0.01933895921237694
2013-04-11,2834,2969,2819,2949,444459,0.05736823234134092
2013-04-12,2999,3074,2954,3004,536230,0.0186503899626993
2013-04-15,3009,3124,2964,3105,450326,0.03362183754993353
2013-04-16,3069,3094,2979,3035,372406,-0.02254428341384862
2013-04-17,3134,3485,3134,3485,2703070,0.1482701812191103
2013-04-18,3690,3925,3565,3575,5175493,0.02582496413199431
2013-04-19,3585,3745,3515,3580,1742441,0.0013986013986013734
2013-04-22,3645,3805,3580,3660,1548419,0.022346368715083775
2013-04-23,3730,3885,3655,3706,1272385,0.012568306010928953
2013-04-24,3755,3820,3615,3766,676962,0.016189962223421395
2013-04-25,3800,4326,3715,4326,3255641,0.14869888475836435
2013-04-26,4371,4596,4271,4392,3924978,0.015256588072122046
2013-04-29,4371,4461,4301,4402,1096543,0.0022768670309654127
2013-04-30,4481,4641,4281,4397,1328028,-0.0011358473421172466
2013-05-02,4336,4571,4336,4452,772904,0.012508528542187758
2013-05-03,4466,4551,4196,4221,837943,-0.05188679245283023
2013-05-06,4216,4306,4015,4086,926377,-0.031982942430703654
2013-05-07,4116,4176,4041,4116,587449,0.007342143906020615
2013-05-08,4186,4521,4136,4372,2027895,0.06219630709426638
2013-05-09,4371,4406,4166,4256,645019,-0.02653247941445558
2013-05-10,4266,4276,4056,4131,379456,-0.02937030075187974
2013-05-13,4156,4381,4041,4061,912766,-0.016945049624788155
2013-05-14,4141,4151,3755,3836,637986,-0.0554050726422064
2013-05-15,3860,3960,3755,3881,420472,0.011730969760166854
2013-05-16,3895,4111,3855,4066,476483,0.047668126771450714
2013-05-20,4121,4131,4020,4026,299289,-0.009837678307919373
2013-05-21,4005,4131,3915,4056,299840,0.007451564828613977
2013-05-22,4061,4311,4056,4241,524964,0.04561143984220917
2013-05-23,4226,4261,4031,4056,325942,-0.043621787314312654
2013-05-24,4056,4126,3885,4026,342477,-0.007396449704141994
2013-05-27,4031,4031,3925,3931,229687,-0.02359662195727774
2013-05-28,3970,4516,3960,4517,2178375,0.14907148308318496
2013-05-29,4546,4646,4451,4532,1499354,0.0033207881337171674
2013-05-30,4506,4556,4361,4457,1022348,-0.01654898499558699
2013-05-31,4506,4521,4191,4236,712493,-0.049584922593672864
2013-06-03,4196,4216,4066,4106,302261,-0.030689329556185085
2013-06-04,4246,4281,4076,4091,467460,-0.003653190452995614
2013-06-05,4091,4136,3905,3906,301406,-0.045221217306282036
2013-06-07,3835,3950,3630,3660,336470,-0.06298003072196623
2013-06-10,3605,3930,3605,3891,293055,0.06311475409836076
2013-06-11,3890,3995,3745,3986,125061,0.02441531739912617
2013-06-12,3910,4015,3755,3756,168031,-0.05770195684897139
2013-06-13,3755,3815,3580,3665,171119,-0.02422790202342917
2013-06-14,3710,3835,3645,3655,104714,-0.0027285129604365244
2013-06-17,3655,3705,3294,3395,251153,-0.07113543091655272
2013-06-18,3339,3440,3339,3405,334742,0.002945508100147265
2013-06-19,3410,3450,3299,3365,244779,-0.011747430249632873
2013-06-20,3344,3415,3254,3350,167712,-0.004457652303120341
2013-06-21,3189,3279,3139,3275,183542,-0.02238805970149249
2013-06-24,3274,3334,3139,3140,138455,-0.04122137404580151
2013-06-25,3014,3099,2714,2789,441014,-0.11178343949044589
2013-06-26,2864,3069,2864,2979,264248,0.0681247759053425
2013-06-27,3029,3360,3029,3305,305159,0.10943269553541457
2013-06-28,3405,3405,3229,3360,171408,0.016641452344931862
2013-07-01,3319,3390,3309,3360,71997,0.0
2013-07-02,3360,3405,3214,3295,137910,-0.019345238095238138
2013-07-03,3289,3360,3219,3265,152946,-0.009104704097116834
2013-07-04,3244,3309,3114,3265,142174,0.0
2013-07-05,3249,3334,3114,3195,185365,-0.02143950995405819
2013-07-08,3194,3349,3054,3280,146823,0.026604068857589924
2013-07-09,3279,3565,3259,3490,285664,0.06402439024390238
2013-07-10,3480,3490,3410,3435,158597,-0.015759312320916874
2013-07-11,3435,3620,3435,3570,136656,0.0393013100436681
2013-07-12,3535,3640,3535,3640,134006,0.019607843137254832
2013-07-15,3660,3750,3600,3655,117527,0.004120879120879106
2013-07-16,3680,3740,3645,3670,109980,0.004103967168262557
2013-07-17,4005,4141,3830,3936,820310,0.07247956403269762
2013-07-18,4041,4056,3880,3961,271772,0.006351626016260159
2013-07-19,3965,4101,3950,3981,111865,0.005049229992426074
2013-07-22,3955,4036,3955,4031,131709,0.012559658377292227
2013-07-23,4056,4131,4036,4041,167414,0.002480774001488495
2013-07-24,4061,4101,3890,3961,206180,-0.019797079930710226
2013-07-25,3960,4000,3900,3941,120608,-0.005049229992426185
2013-07-26,3920,4046,3920,3941,78567,0.0
2013-07-29,3995,3995,3865,3911,52062,-0.007612281146917033
2013-07-30,3910,4206,3910,4206,197170,0.07542827921247763
2013-07-31,4156,4201,4071,4076,95579,-0.030908226343319023
2013-08-01,4076,4136,4010,4011,115595,-0.01594700686947992
2013-08-02,4056,4066,3975,4006,109986,-0.0012465719272002351
2013-08-05,3980,4010,3905,3916,129838,-0.0224663005491762
2013-08-06,3915,3965,3850,3961,82173,0.011491317671092904
2013-08-07,3990,4071,3915,3961,99144,0.0
2013-08-08,4026,4121,4000,4001,127853,0.01009845998485237
2013-08-09,4000,4056,3955,4056,85233,0.013746563359160247
2013-08-12,4056,4121,3980,3981,76272,-0.01849112426035504
2013-08-13,3980,4101,3955,4011,123921,0.007535795026375247
2013-08-14,4086,4086,3980,4026,116458,0.0037397157816005944
2013-08-16,3920,4076,3920,3976,63951,-0.012419274714356665
2013-08-19,3975,4020,3920,4021,79048,0.011317907444668096
2013-08-20,4020,4020,3885,3906,130725,-0.028599850783387226
2013-08-21,3910,4051,3905,3976,257252,0.017921146953405076
2013-08-22,3915,3975,3845,3856,163282,-0.030181086519114664
2013-08-23,3975,3975,3910,3971,55455,0.02982365145228205
2013-08-26,4031,4356,4031,4286,601384,0.07932510702593798
2013-08-27,4311,4326,4216,4246,229487,-0.009332711152589823
2013-08-28,4181,4346,4131,4271,340044,0.005887894488930678
2013-08-29,4361,4481,3945,3986,915300,-0.0667291032545071
2013-08-30,3985,3985,3600,3751,763606,-0.058956347215253335
2013-09-02,3770,3830,3735,3736,205226,-0.003998933617701983
2013-09-03,3735,3800,3715,3741,129473,0.001338329764454027
2013-09-04,3695,3895,3695,3896,231938,0.04143277198610007
2013-09-05,3930,3940,3855,3856,75939,-0.010266940451745366
2013-09-06,3875,3900,3795,3856,62513,0.0
2013-09-09,3890,3890,3705,3856,97520,0.0
2013-09-10,3810,3975,3810,3881,138250,0.006483402489626533
2013-09-11,3960,4141,3895,4106,360931,0.05797474877608866
2013-09-12,4101,4306,4031,4191,278141,0.020701412566975108
2013-09-13,4071,4241,4071,4181,104422,-0.0023860653781914154
2013-09-16,4226,4226,4015,4096,73183,-0.020330064577852136
2013-09-17,4201,4201,4081,4126,91212,0.00732421875
2013-09-23,4121,4171,4061,4126,136882,0.0
2013-09-24,4066,4181,4061,4181,132734,0.013330101793504578
2013-09-25,4181,4201,4051,4126,111581,-0.013154747668022049
2013-09-26,4146,4356,4126,4266,498768,0.0339311682016481
2013-09-27,4301,4481,4301,4482,520829,0.05063291139240511
2013-09-30,4566,4581,4346,4372,287355,-0.024542614904060733
2013-10-01,4286,4481,4286,4296,230117,-0.017383348581884728
2013-10-02,4336,4867,4336,4782,1155082,0.11312849162011163
2013-10-04,4732,4957,4727,4787,828459,0.0010455876202426495
2013-10-07,4782,4837,4651,4747,261040,-0.00835596406935446
2013-10-08,4762,5032,4712,4932,985124,0.03897198230461352
2013-10-10,4872,4942,4717,4802,419106,-0.026358475263584702
2013-10-11,4837,4952,4691,4707,318159,-0.01978342357351104
2013-10-14,4757,4762,4536,4572,414907,-0.028680688336520044
2013-10-15,4656,4686,4526,4547,314081,-0.005468066491688517
2013-10-16,4546,4571,4386,4387,277058,-0.035188036067737016
2013-10-17,4456,4471,4191,4256,313406,-0.029860952815135677
2013-10-18,4261,4446,4211,4392,262017,0.03195488721804507
2013-10-21,4531,4857,4521,4557,1150874,0.037568306010928865
2013-10-22,4626,4722,4601,4657,293005,0.021944261575598034
2013-10-23,4707,4727,4536,4567,223035,-0.019325746188533444
2013-10-24,4631,4712,4396,4702,251676,0.029559886139697733
2013-10-25,4752,4752,4601,4647,156287,-0.011697150148872848
2013-10-28,4631,4882,4531,4827,342876,0.03873466752743715
2013-10-29,4882,4982,4772,4812,306580,-0.003107520198881275
2013-10-30,4812,4947,4712,4942,259203,0.027015793848711445
2013-10-31,4877,4942,4697,4792,209997,-0.030352084176446747
2013-11-01,4792,4837,4686,4687,136013,-0.02191151919866441
2013-11-04,4686,4732,4581,4607,168331,-0.01706848730531252
2013-11-05,4616,4656,4491,4492,244922,-0.024962014326025628
2013-11-06,4461,4516,4336,4392,237488,-0.022261798753339224
2013-11-07,4406,4546,4306,4477,421782,0.019353369763205786
2013-11-08,4451,4526,4361,4372,148614,-0.023453205271387056
2013-11-11,4431,4456,4141,4181,153289,-0.04368709972552609
2013-11-12,4181,4256,4181,4231,89329,0.011958861516383701
2013-11-13,4326,4326,3930,3986,327002,-0.05790593240368702
2013-11-14,4005,4036,3875,3876,187520,-0.027596588058203753
2013-11-15,3875,4005,3875,3976,113333,0.02579979360165119
2013-11-18,3965,4046,3895,3921,60354,-0.013832997987927587
2013-11-19,3885,3970,3725,3886,160409,-0.008926294312675331
2013-11-20,3865,3970,3855,3926,73756,0.01029336078229548
2013-11-21,3925,3970,3765,3771,72544,-0.03948038716250635
2013-11-22,3785,3855,3720,3816,91060,0.01193317422434359
2013-11-25,3900,3900,3755,3796,111567,-0.00524109014675056
2013-11-26,3855,3855,3715,3806,54830,0.0026343519494205214
2013-11-27,3855,3855,3740,3791,98449,-0.003941145559642645
2013-11-28,3845,3955,3795,3916,164047,0.032972830387760554
2013-11-29,3915,4036,3915,4006,219155,0.02298263534218581
2013-12-02,4106,4106,3790,3796,215261,-0.052421367948077835
2013-12-03,3755,3795,3555,3595,231031,-0.05295047418335086
2013-12-04,3550,3650,3480,3480,129706,-0.03198887343532686
2013-12-05,3455,3525,3299,3335,190020,-0.04166666666666663
2013-12-06,3390,3390,3254,3270,199117,-0.019490254872563728
2013-12-09,3455,3455,3019,3055,652941,-0.06574923547400613
2013-12-10,3099,3119,2919,3070,282848,0.004909983633387904
2013-12-11,3069,3129,3004,3070,117856,0.0
2013-12-12,2954,3064,2934,3035,164217,-0.01140065146579805
2013-12-13,3074,3074,2914,2979,131472,-0.01845140032948933
2013-12-16,2944,3019,2869,2919,172287,-0.020140986908358527
2013-12-17,2924,2944,2839,2844,124346,-0.025693730729701936
2013-12-18,2814,2894,2754,2809,170036,-0.012306610407876284
2013-12-19,2869,2944,2784,2864,201513,0.019579921680313195
2013-12-20,2854,2954,2854,2939,97387,0.026187150837988726
2013-12-23,2974,3074,2904,3055,180023,0.0394692072133378
2013-12-24,3054,3074,2949,3025,141008,-0.009819967266775809
2013-12-26,3029,3059,2899,2909,117317,-0.0383471074380165
2013-12-27,2909,3069,2869,3055,145006,0.05018906840838766
2013-12-30,3014,3059,2974,3004,141441,-0.016693944353518786
2014-01-02,3004,3099,2944,2944,191356,-0.01997336884154466
2014-01-03,2914,3014,2914,2979,78705,0.01188858695652173
2014-01-06,2984,3174,2984,3120,314259,0.04733131923464251
2014-01-07,3119,3144,3069,3120,107565,0.0
2014-01-08,3124,3169,3074,3090,167286,-0.009615384615384581
2014-01-09,3089,3119,3039,3070,101055,-0.006472491909385147
2014-01-10,3059,3114,3014,3080,105305,0.0032573289902280145
2014-01-13,3079,3094,3049,3050,102611,-0.009740259740259716
2014-01-14,3049,3109,2964,3060,180864,0.003278688524590123
2014-01-15,3124,3124,3024,3030,112674,-0.009803921568627416
2014-01-16,3034,3169,3009,3170,190671,0.0462046204620461
2014-01-17,3164,3204,3109,3130,119861,-0.012618296529968487
2014-01-20,3129,3164,3094,3115,105590,-0.004792332268370614
2014-01-21,3099,3244,3089,3185,221667,0.022471910112359605
2014-01-22,3189,3229,3159,3205,105852,0.006279434850863463
2014-01-23,3204,3249,3139,3165,123881,-0.012480499219968744
2014-01-24,3164,3189,3104,3155,104832,-0.003159557661927326
2014-01-27,3079,3109,2934,2994,167117,-0.05103011093502374
2014-01-28,2949,3044,2884,2939,168614,-0.018370073480293958
2014-01-29,2939,3059,2939,3045,104196,0.03606668935011914
2014-02-03,3059,3074,2904,3004,108536,-0.013464696223316919
2014-02-04,2924,2994,2884,2889,179995,-0.03828229027962715
2014-02-05,2939,2939,2804,2804,117265,-0.029421945309795805
2014-02-06,2869,2869,2744,2809,162000,0.001783166904422151
2014-02-07,2854,2939,2799,2939,123212,0.0462798148807404
2014-02-10,2904,2939,2879,2939,119334,0.0
2014-02-11,2979,3014,2934,2994,162715,0.01871384824770339
2014-02-12,2999,3074,2984,3055,147871,0.020374081496326024
2014-02-13,3064,3079,2949,2999,219245,-0.01833060556464816
2014-02-14,2984,3024,2954,3014,94018,0.00500166722240758
2014-02-17,3014,3039,2884,2949,132173,-0.0215660252156602
2014-02-18,2949,2974,2884,2934,56158,-0.0050864699898270915
2014-02-19,2909,2944,2899,2934,83122,0.0
2014-02-20,2904,2944,2854,2904,85498,-0.010224948875255602
2014-02-21,2894,2949,2874,2949,82099,0.015495867768595017
2014-02-24,2949,2969,2889,2919,108580,-0.010172939979654072
2014-02-25,2924,2949,2844,2869,100764,-0.01712915381980129
2014-02-26,2869,2894,2759,2789,152159,-0.02788428023701639
2014-02-27,2789,2819,2633,2694,338704,-0.03406238795267125
2014-02-28,2699,2719,2658,2689,135947,-0.0018559762435040872
2014-03-03,2689,2689,2593,2654,93494,-0.013015991074748934
2014-03-04,2618,2689,2593,2639,87629,-0.005651846269781435
2014-03-05,2658,2754,2658,2724,102002,0.032209170140204524
2014-03-06,2729,2829,2709,2804,130046,0.029368575624082238
2014-03-07,2809,2839,2769,2789,93095,-0.005349500713266786
2014-03-10,2789,2809,2724,2744,80843,-0.01613481534600214
2014-03-11,2789,3049,2734,3050,492577,0.11151603498542273
2014-03-12,3104,3480,2994,3300,2761221,0.08196721311475419
2014-03-13,3324,3430,3234,3255,1114061,-0.013636363636363669
2014-03-14,3254,3284,3154,3285,495101,0.009216589861751112
2014-03-17,3234,3360,3184,3260,549166,-0.007610350076103556
2014-03-18,3274,3395,3244,3330,368340,0.021472392638036908
2014-03-19,3370,3380,3204,3265,327319,-0.019519519519519468
2014-03-20,3279,3605,3279,3420,1342814,0.04747320061255733
2014-03-21,3405,3485,3385,3420,329504,0.0
2014-03-24,3525,3630,3470,3530,873806,0.032163742690058506
2014-03-25,3530,3555,3460,3465,376572,-0.018413597733711096
2014-03-26,3490,3545,3445,3460,167360,-0.0014430014430014682
2014-03-27,3460,3460,3289,3310,377413,-0.043352601156069315
2014-03-28,3309,3355,3284,3320,150425,0.0030211480362538623
2014-03-31,3334,3380,3294,3330,151991,0.003012048192771122
2014-04-01,3329,3390,3279,3390,133067,0.018018018018018056
2014-04-02,3395,3550,3395,3460,318734,0.020648967551622377
2014-04-03,3470,3520,3390,3475,320052,0.004335260115607031
2014-04-04,3555,3785,3540,3600,1093859,0.03597122302158273
2014-04-07,3630,3655,3570,3605,368608,0.001388888888888884
2014-04-08,3610,3630,3520,3550,173583,-0.015256588072122046
2014-04-09,3555,3650,3520,3520,153445,-0.008450704225352101
2014-04-10,3575,3575,3485,3525,122954,0.0014204545454545858
2014-04-11,3475,3505,3400,3425,187572,-0.028368794326241176
2014-04-14,3425,3565,3425,3555,186358,0.03795620437956204
2014-04-15,3560,3565,3460,3475,170885,-0.02250351617440227
2014-04-16,3475,3510,3425,3460,162527,-0.004316546762589968
2014-04-17,3445,3500,3390,3390,193383,-0.020231213872832332
2014-04-18,3380,3470,3289,3455,139729,0.019174041297935096
2014-04-21,3455,3475,3420,3435,74159,-0.005788712011577379
2014-04-22,3435,3445,3380,3390,89838,-0.013100436681222738
2014-04-23,3405,3420,3294,3295,157868,-0.028023598820059004
2014-04-24,3294,3354,3174,3255,72843,-0.012139605462822445
2014-04-25,3294,3299,3229,3230,50956,-0.007680491551459334
2014-04-28,3229,3279,3204,3225,46646,-0.001547987616099089
2014-04-29,3269,3274,3199,3205,44771,-0.006201550387596955
2014-04-30,3224,3244,3194,3240,64112,0.010920436817472678
2014-05-02,3254,3405,3249,3320,131350,0.024691358024691468
2014-05-07,3319,3390,3319,3345,106777,0.0075301204819278045
2014-05-08,3344,3405,3274,3290,95208,-0.01644245142002987
2014-05-09,3314,3400,3254,3360,84440,0.02127659574468077
2014-05-12,3400,3400,3229,3230,102509,-0.038690476190476164
2014-05-13,3254,3385,3234,3375,145063,0.04489164086687314
2014-05-14,3400,3410,3319,3330,93283,-0.013333333333333308
2014-05-15,3329,3405,3309,3405,123136,0.022522522522522515
2014-05-16,3410,3415,3259,3305,202486,-0.029368575624082238
2014-05-19,3304,3365,3164,3220,188427,-0.02571860816944027
2014-05-20,3254,3254,3034,3155,278528,-0.02018633540372672
2014-05-21,3114,3400,3114,3180,592434,0.007923930269413626
2014-05-22,3184,3229,3154,3160,155206,-0.0062893081761006275
2014-05-23,3159,3179,3054,3070,149896,-0.02848101265822789
2014-05-26,3074,3104,2954,2979,170803,-0.029641693811074954
2014-05-27,2979,3024,2894,2939,91675,-0.013427324605572388
2014-05-28,2939,3069,2894,3070,92404,0.04457298400816612
2014-05-29,3049,3099,3034,3075,60713,0.0016286644951140072
2014-05-30,3074,3114,3024,3115,60600,0.01300813008130075
2014-06-02,3114,3229,3094,3135,161998,0.006420545746388395
2014-06-03,3134,3169,3029,3045,133884,-0.028708133971291905
2014-06-05,3049,3094,2954,2989,55972,-0.01839080459770115
2014-06-09,2994,3029,2924,2924,75843,-0.02174640347942458
2014-06-10,2914,2974,2894,2924,86850,0.0
2014-06-11,2949,3099,2939,3004,153309,0.02735978112175097
2014-06-12,3004,3034,2934,2954,93013,-0.01664447403462055
2014-06-13,2954,2954,2879,2914,107945,-0.01354096140826
2014-06-16,2914,2934,2744,2804,263251,-0.03774879890185312
2014-06-17,2804,2849,2799,2814,94275,0.003566333808844524
2014-06-18,2814,2909,2814,2864,65956,0.01776830135039087
2014-06-19,2879,3249,2879,3165,1005899,0.10509776536312843
2014-06-20,3164,3164,3059,3150,265296,-0.004739336492891044
2014-06-23,3149,3199,3034,3105,290297,-0.014285714285714235
2014-06-24,3094,3119,2914,3004,158442,-0.0325281803542673
2014-06-25,2984,3044,2919,2919,119102,-0.028295605858854822
2014-06-26,2949,2994,2879,2904,58786,-0.005138746145940343
2014-06-27,2904,2974,2854,2964,46672,0.02066115702479343
2014-06-30,2984,3079,2964,2984,85359,0.006747638326585648
2014-07-01,3019,3024,2939,2994,62349,0.0033512064343164116
2014-07-02,3029,3029,2954,2964,81790,-0.01002004008016033
2014-07-03,2999,3039,2954,2954,58503,-0.003373819163292824
2014-07-04,2989,2989,2924,2949,54980,-0.0016926201760324444
2014-07-07,2964,2964,2879,2884,105501,-0.02204136995591721
2014-07-08,2874,2944,2854,2889,51230,0.0017337031900139799
2014-07-09,2889,2929,2824,2929,90830,0.013845621322256862
2014-07-10,2914,2979,2884,2884,57552,-0.015363605326049856
2014-07-11,2884,2904,2809,2809,122329,-0.026005547850208033
2014-07-14,2814,2859,2809,2814,77484,0.0017799928800283915
2014-07-15,2824,2874,2814,2834,56458,0.007107320540156392
2014-07-16,2834,2844,2754,2774,108999,-0.02117148906139732
2014-07-17,2804,2804,2759,2774,72204,0.0
2014-07-18,2759,2804,2744,2764,102599,-0.0036049026676280294
2014-07-21,2764,2779,2704,2704,143376,-0.02170767004341534
2014-07-22,2709,2749,2699,2724,88468,0.007396449704142105
2014-07-23,2744,2774,2719,2769,77550,0.016519823788546217
2014-07-24,2784,2869,2764,2814,104436,0.01625135427952329
2014-07-25,2829,2829,2774,2804,49404,-0.003553660270078196
2014-07-28,2789,2804,2638,2649,130194,-0.0552781740370899
2014-07-29,2648,2673,2588,2599,160510,-0.01887504718761801
2014-07-30,2603,2804,2588,2704,81329,0.040400153905348235
2014-07-31,2699,2729,2598,2629,84192,-0.027736686390532506
2014-08-01,2613,2719,2608,2649,49135,0.007607455306199995
2014-08-04,2648,2689,2598,2679,54303,0.011325028312570762
2014-08-05,2668,2789,2668,2689,72502,0.0037327360955581312
2014-08-06,2714,2799,2689,2709,58986,0.007437709185570851
2014-08-07,2699,2749,2648,2659,44416,-0.01845699520118127
2014-08-08,2663,2668,2613,2654,57029,-0.0018804061677322181
2014-08-11,2694,2709,2598,2649,67529,-0.0018839487565938118
2014-08-12,2658,2673,2603,2639,35451,-0.0037750094375236243
2014-08-13,2613,2714,2553,2714,91124,0.028419856006062894
2014-08-14,2714,2804,2714,2769,63943,0.020265291083271908
2014-08-18,2779,2814,2759,2769,51559,0.0
2014-08-19,2794,2794,2704,2774,59573,0.0018057060310581186
2014-08-20,2799,2804,2689,2709,52212,-0.023431867339581802
2014-08-21,2734,2809,2704,2799,62652,0.03322259136212624
2014-08-22,2804,2984,2799,2934,164385,0.048231511254019255
2014-08-25,2959,2979,2829,2829,75573,-0.03578732106339466
2014-08-26,2849,2919,2804,2904,63819,0.026511134676564074
2014-08-27,2834,2939,2819,2834,92752,-0.024104683195592336
2014-08-28,2834,2914,2804,2834,55004,0.0
2014-08-29,2859,2894,2804,2854,43130,0.007057163020465662
2014-09-01,2804,2834,2523,2554,263277,-0.10511562718990886
2014-09-02,2563,2623,2523,2539,100730,-0.005873140172278801
2014-09-03,2533,2583,2491,2569,162929,0.011815675462780728
2014-09-04,2568,2593,2523,2549,63743,-0.007785130400934204
2014-09-05,2548,2563,2478,2504,36785,-0.017653981953707376
2014-09-11,2488,2528,2476,2529,115781,0.009984025559105492
2014-09-12,2533,2573,2508,2529,31072,0.0
2014-09-15,2528,2548,2476,2524,42235,-0.0019770660340054924
2014-09-16,2543,2543,2488,2499,35297,-0.009904912836767088
2014-09-17,2503,2518,2488,2494,57896,-0.00200080032012806
2014-09-18,2478,2523,2478,2491,44713,-0.001202886928628688
2014-09-19,2493,2518,2443,2466,70665,-0.010036130068245663
2014-09-22,2461,2476,2388,2474,164205,0.0032441200324411223
2014-09-23,2463,2486,2416,2444,58884,-0.01212611156022636
2014-09-24,2441,2448,2408,2411,43605,-0.013502454991816681
2014-09-25,2356,2398,2330,2354,103258,-0.023641642472003288
2014-09-26,2353,2353,2228,2266,95959,-0.03738317757009346
2014-09-29,2265,2290,2103,2113,160417,-0.06751985878199473
2014-09-30,2078,2168,2058,2063,107266,-0.02366303833412209
2014-10-01,2007,2168,2007,2103,184732,0.019389238972370437
2014-10-02,2058,2093,2030,2071,60056,-0.015216357584403206
2014-10-06,2050,2080,2025,2048,78399,-0.011105746016417228
2014-10-07,2023,2078,2023,2058,45596,0.0048828125
2014-10-08,2053,2095,2043,2063,28002,0.0024295432458698585
2014-10-10,2028,2065,1992,2043,63196,-0.009694619486185219
2014-10-13,2000,2025,1925,2003,155450,-0.01957905041605479
2014-10-14,1957,1992,1927,1953,44771,-0.02496255616575138
2014-10-15,1932,1972,1917,1955,68460,0.0010240655401945187
2014-10-16,1930,1977,1917,1978,87499,0.0117647058823529
2014-10-17,1977,2023,1970,1970,41434,-0.004044489383215333
2014-10-20,1950,1990,1927,1970,42537,0.0
2014-10-21,1982,2000,1952,1963,34552,-0.0035532994923858086
2014-10-22,1962,2043,1962,1988,60018,0.012735608762098893
2014-10-23,1992,2043,1992,1995,26247,0.0035211267605634866
2014-10-24,2010,2228,2002,2228,188722,0.11679197994987467
2014-10-27,2223,2303,2160,2253,187157,0.011220825852782834
2014-10-28,2243,2270,2170,2223,66443,-0.013315579227696439
2014-10-29,2225,2255,2190,2256,27699,0.014844804318488558
2014-10-30,2273,2303,2218,2258,36244,0.0008865248226950229
2014-10-31,2275,2275,2198,2213,43156,-0.019929140832595227
2014-11-03,2203,2213,2148,2156,48424,-0.0257568910980569
2014-11-04,2155,2175,2078,2113,64162,-0.01994434137291279
2014-11-05,2060,2225,2053,2076,49518,-0.01751064836725036
2014-11-06,2060,2128,2043,2118,39086,0.020231213872832443
2014-11-07,2118,2170,2088,2163,21434,0.021246458923512845
2014-11-10,2145,2180,2060,2103,49880,-0.0277392510402219
2014-11-11,2103,2138,2100,2118,32619,0.007132667617689048
2014-11-12,2133,2138,2100,2118,181110,0.0
2014-11-13,2203,2273,2158,2158,186945,0.018885741265344702
2014-11-14,2143,2178,2120,2146,46838,-0.005560704355885071
2014-11-17,2118,2213,2118,2173,40607,0.012581547064305587
2014-11-18,2190,2203,2138,2156,26618,-0.007823285780027667
2014-11-19,2155,2193,2143,2158,36893,0.0009276437847867136
2014-11-20,2158,2215,2145,2183,40655,0.011584800741427204
2014-11-21,2200,2283,2188,2253,67925,0.03206596426935415
2014-11-24,2270,2428,2270,2286,149733,0.01464713715046595
2014-11-25,2285,2303,2228,2263,92658,-0.010061242344706955
2014-11-26,2345,2383,2255,2256,165086,-0.0030932390631904783
2014-11-27,2273,2528,2253,2371,511189,0.05097517730496448
2014-11-28,2348,2446,2285,2338,94327,-0.01391817798397299
2014-12-01,2328,2338,2178,2198,119020,-0.05988023952095811
2014-12-02,2160,2258,2160,2253,105880,0.025022747952684332
2014-12-03,2253,2283,2225,2278,37955,0.011096316023080366
2014-12-04,2278,2328,2240,2278,50834,0.0
2014-12-05,2278,2315,2245,2258,42173,-0.008779631255487308
2014-12-08,2263,2335,2263,2303,93968,0.019929140832595227
2014-12-09,2303,2376,2303,2349,113784,0.019973947025618832
2014-12-10,2345,2376,2303,2336,72402,-0.005534269902085942
2014-12-11,2298,2361,2295,2326,51984,-0.0042808219178082085
2014-12-12,2313,2335,2258,2266,37478,-0.02579535683576961
2014-12-15,2205,2250,2170,2208,64180,-0.02559576345984116
2014-12-16,2183,2245,2183,2231,29660,0.01041666666666674
2014-12-17,2230,2253,2188,2193,60154,-0.017032720753025532
2014-12-18,2203,2225,2065,2118,127530,-0.034199726402188824
2014-12-19,2103,2143,2068,2088,101269,-0.014164305949008527
2014-12-22,2080,2080,2010,2046,123228,-0.02011494252873558
2014-12-23,2045,2068,1997,2048,39076,0.0009775171065493637
2014-12-24,2023,2070,2023,2071,24505,0.01123046875
2014-12-26,2055,2088,2053,2058,18450,-0.0062771607918880035
2014-12-29,2053,2075,2033,2058,25823,0.0
2014-12-30,2015,2045,2002,2018,50774,-0.0194363459669582
2015-01-02,2018,2053,1965,2043,21408,0.012388503468780954
2015-01-05,2028,2185,2028,2126,64132,0.0406265296133137
2015-01-06,2123,2125,2085,2103,28929,-0.010818438381937967
2015-01-07,2125,2125,2073,2116,30379,0.006181645268663827
2015-01-08,2125,2128,2078,2126,38175,0.004725897920604849
2015-01-09,2125,2168,2120,2163,77271,0.017403574788334986
2015-01-12,2183,2183,2103,2146,61125,-0.007859454461396242
2015-01-13,2150,2165,2098,2128,116203,-0.008387698042870428
2015-01-14,2135,2135,2078,2108,22065,-0.009398496240601517
2015-01-15,2085,2135,2085,2108,41125,0.0
2015-01-16,2108,2128,2018,2018,109335,-0.04269449715370022
2015-01-19,2023,2125,2023,2078,72799,0.02973240832507429
2015-01-20,2078,2078,2013,2028,86553,-0.024061597690086645
2015-01-21,2028,2070,2025,2056,32661,0.013806706114398493
2015-01-22,2055,2135,2038,2093,126166,0.01799610894941628
2015-01-23,2108,2133,2080,2093,65636,0.0
2015-01-26,2185,2185,2093,2126,140816,0.015766841853798397
2015-01-27,2125,2153,2093,2138,77760,0.005644402634054524
2015-01-28,2125,2178,2110,2171,91274,0.015434985968194592
2015-01-29,2185,2278,2158,2251,235664,0.036849378166743385
2015-01-30,2240,2260,2160,2226,127248,-0.011106175033318566
2015-02-02,2225,2253,2170,2243,73049,0.007637017070979413
2015-02-03,2250,2275,2200,2233,102697,-0.004458314757021853
2015-02-04,2245,2351,2210,2278,129531,0.020152261531571902
2015-02-05,2278,2305,2260,2278,88510,0.0
2015-02-06,2278,2345,2255,2296,216201,0.007901668129938644
2015-02-09,2253,2253,2148,2151,153685,-0.06315331010452963
2015-02-10,2138,2150,2058,2058,164954,-0.04323570432357038
2015-02-11,2063,2100,2060,2088,60276,0.014577259475218707
2015-02-12,2078,2108,2018,2026,82717,-0.029693486590038343
2015-02-13,2045,2068,2000,2000,179746,-0.012833168805528095
2015-02-16,2005,2063,2005,2056,72478,0.028000000000000025
2015-02-17,2055,2063,2028,2053,40010,-0.0014591439688715901
2015-02-23,2065,2103,1960,2103,160690,0.024354603019970833
2015-02-24,2103,2125,2078,2093,69534,-0.004755111745125995
2015-02-25,2115,2115,2063,2086,73386,-0.0033444816053511683
2015-02-26,2103,2103,2063,2081,97003,-0.0023969319271333056
2015-02-27,2080,2138,2070,2138,186645,0.027390677558865928
2015-03-02,2218,2318,2163,2163,964816,0.011693171188026152
2015-03-03,2163,2280,2148,2258,346655,0.043920480813684604
2015-03-04,2258,2428,2253,2429,561051,0.07573073516386186
2015-03-05,2523,2704,2343,2396,1676677,-0.013585837793330557
2015-03-06,2378,2433,2328,2426,296523,0.012520868113522488
2015-03-09,2398,2418,2280,2281,209533,-0.05976916735366855
2015-03-10,2280,2618,2273,2619,1008097,0.14818062253397635
2015-03-11,2699,2749,2466,2529,1348000,-0.03436426116838487
2015-03-12,2553,2553,2436,2439,419789,-0.03558718861209964
2015-03-13,2448,2563,2438,2454,412988,0.006150061500614923
2015-03-16,2453,2523,2408,2456,138611,0.0008149959250203231
2015-03-17,2456,2553,2456,2481,195065,0.0101791530944626
2015-03-18,2483,2498,2406,2424,132336,-0.022974607013301118
2015-03-19,2426,2481,2418,2456,159630,0.013201320132013139
2015-03-20,2476,2543,2456,2481,152944,0.0101791530944626
2015-03-23,2513,2513,2408,2449,162016,-0.012898024989923429
2015-03-24,2443,2473,2403,2449,116742,0.0
2015-03-25,2448,2473,2433,2474,119078,0.010208248264597763
2015-03-26,2478,2844,2478,2679,1953760,0.08286176232821352
2015-03-27,2704,2704,2523,2554,712740,-0.04665920119447553
2015-03-30,2623,2638,2543,2579,344905,0.009788566953798039
2015-03-31,2603,2658,2578,2609,261955,0.011632415664986517
2015-04-01,2593,2643,2518,2534,303207,-0.028746646224607098
2015-04-02,2503,2704,2503,2614,425209,0.03157063930544601
2015-04-03,2598,2764,2593,2744,547093,0.04973221117061977
2015-04-06,2779,2834,2684,2739,380167,-0.0018221574344022828
2015-04-07,2739,2799,2603,2689,362723,-0.01825483753194601
2015-04-08,2709,2739,2633,2704,252409,0.005578281889178083
2015-04-09,2939,3089,2779,2779,1435314,0.027736686390532617
2015-04-10,2829,2864,2754,2809,437427,0.010795250089960406
2015-04-13,2849,2849,2694,2709,417197,-0.03559985760056961
2015-04-14,2689,2739,2613,2624,449867,-0.03137689184200809
2015-04-15,2638,2704,2628,2664,226694,0.015243902439024293
2015-04-16,2699,2729,2623,2664,207932,0.0
2015-04-17,2673,2704,2643,2679,166577,0.005630630630630629
2015-04-20,2628,2653,2553,2579,284212,-0.037327360955580424
2015-04-21,2583,2623,2518,2599,238786,0.00775494377665753
2015-04-22,2754,2754,2453,2574,393748,-0.009619084263178146
2015-04-23,2573,2628,2488,2514,171464,-0.023310023310023298
2015-04-24,2486,2558,2448,2459,173697,-0.02187748607796336
2015-04-27,2458,2543,2458,2529,62115,0.028466856445709565
2015-04-28,2523,2573,2498,2499,121393,-0.011862396204033177
2015-04-29,2501,2548,2466,2549,94547,0.0200080032012806
2015-04-30,2548,2603,2508,2589,147743,0.015692428403295322
2015-05-04,2543,2598,2523,2564,66818,-0.009656237929702605
2015-05-06,2563,2563,2458,2459,97259,-0.0409516380655226
2015-05-07,2398,2458,2378,2416,98407,-0.017486783245221682
2015-05-08,2428,2503,2408,2449,41324,0.01365894039735105
2015-05-11,2448,2503,2421,2459,62389,0.004083299305839061
2015-05-12,2433,2508,2433,2454,91869,-0.0020333468889792705
2015-05-13,2431,2523,2416,2524,136550,0.028524857375713086
2015-05-14,2523,2603,2491,2554,112266,0.01188589540412055
2015-05-15,2578,2613,2533,2584,116239,0.011746280344557603
2015-05-18,2583,2593,2466,2466,132366,-0.04566563467492257
2015-05-19,2466,2548,2438,2519,76318,0.02149229521492302
2015-05-20,2518,2538,2403,2454,111230,-0.025803890432711363
2015-05-21,2418,2468,2358,2369,178705,-0.034637326813365954
2015-05-22,2368,2413,2348,2376,109816,0.002954833262980072
2015-05-26,2393,2393,2290,2293,218388,-0.034932659932659926
2015-05-27,2280,2290,2223,2226,146853,-0.02921936327954644
2015-05-28,2235,2273,2213,2243,82429,0.007637017070979413
2015-05-29,2253,2305,2235,2273,33538,0.013374944271065559
2015-06-01,2273,2348,2243,2331,112230,0.02551693796744381
2015-06-02,2330,2351,2265,2288,65786,-0.01844701844701846
2015-06-03,2313,2328,2235,2238,133335,-0.021853146853146876
2015-06-04,2263,2283,2203,2238,74383,0.0
2015-06-05,2238,2283,2150,2203,98846,-0.015638963360143032
2015-06-08,2190,2253,2178,2248,74904,0.02042669087607818
2015-06-09,2253,2280,2203,2253,26494,0.0022241992882561235
2015-06-10,2253,2330,2228,2316,99683,0.02796271637816239
2015-06-11,2315,2473,2283,2351,183520,0.015112262521588926
2015-06-12,2351,2376,2278,2278,114293,-0.031050616758826033
2015-06-15,2273,2351,2268,2286,54710,0.0035118525021948788
2015-06-16,2270,2325,2238,2253,56092,-0.014435695538057791
2015-06-17,2265,2333,2243,2321,70685,0.030181979582778462
2015-06-18,2343,2343,2283,2328,48356,0.0030159414045669575
2015-06-19,2345,2378,2283,2318,101075,-0.004295532646048095
2015-06-22,2320,2426,2320,2351,133639,0.014236410698878377
2015-06-23,2353,2403,2353,2399,65670,0.020416843896214454
2015-06-24,2406,2471,2366,2399,166589,0.0
2015-06-25,2398,2428,2376,2399,101754,0.0
2015-06-26,2423,2426,2368,2386,76885,-0.005418924551896631
2015-06-29,2328,2351,2253,2283,148233,-0.043168482816429155
2015-06-30,2235,2303,2228,2258,137675,-0.010950503723171301
2015-07-01,2260,2303,2223,2251,140041,-0.00310008857395927
2015-07-02,2250,2308,2230,2281,100474,0.01332741003998228
2015-07-03,2285,2318,2218,2288,195912,0.003068829460762812
2015-07-06,2240,2318,2238,2253,87112,-0.015297202797202814
2015-07-07,2278,2325,2195,2196,159614,-0.025299600532623145
2015-07-08,2218,2245,2150,2173,106775,-0.010473588342440832
2015-07-09,2138,2163,2058,2151,91959,-0.010124252185918059
2015-07-10,2105,2163,2103,2111,133998,-0.018596001859600197
2015-07-13,2113,2603,2113,2306,1658515,0.09237328280435819
2015-07-14,2318,2378,2263,2346,302722,0.017346053772766767
2015-07-15,2371,2388,2310,2381,123845,0.014919011082694
2015-07-16,2383,2523,2343,2496,331563,0.048299034019319675
2015-07-17,2468,2518,2423,2476,142182,-0.008012820512820484
2015-07-20,2441,2528,2441,2456,130789,-0.008077544426494332
2015-07-21,2498,2543,2443,2539,154392,0.033794788273615595
2015-07-22,2553,2704,2518,2564,464319,0.009846396218983866
2015-07-23,2563,2623,2528,2614,110743,0.01950078003120126
2015-07-24,2613,2658,2528,2614,191712,0.0
2015-07-27,2613,3395,2583,3395,4172844,0.2987758224942616
2015-07-28,3930,4346,3515,3620,25712523,0.06627393225331368
2015-07-29,3590,3770,3475,3756,8151905,0.037569060773480656
2015-07-30,0,0,0,3756,0,0.0
2015-07-31,3605,3715,3284,3405,1516968,-0.0934504792332268
2015-08-03,3329,3500,3329,3350,1018825,-0.016152716593245242
2015-08-04,3430,3605,3395,3525,1315680,0.052238805970149294
2015-08-05,3555,3660,3264,3270,3690108,-0.07234042553191489
2015-08-06,3279,3375,3184,3295,2146836,0.007645259938837912
2015-08-07,3264,3334,3204,3210,1143623,-0.025796661608497695
2015-08-10,3209,3274,3079,3205,933361,-0.0015576323987538387
2015-08-11,3264,3319,3079,3085,1161704,-0.03744149765990634
2015-08-12,3024,3079,2859,2884,1200081,-0.06515397082658025
2015-08-13,2984,3034,2879,2929,611609,0.01560332871012493
2015-08-17,3024,3114,2879,2914,807541,-0.005121201775349915
2015-08-18,2854,2854,2628,2629,1296433,-0.09780370624571033
2015-08-19,2573,2744,2563,2684,831207,0.02092050209205021
2015-08-20,2618,2729,2553,2554,679334,-0.04843517138599107
2015-08-21,2393,2473,2283,2426,643160,-0.050117462803445534
2015-08-24,2353,2538,2353,2439,443175,0.005358615004122047
2015-08-25,2468,2638,2461,2554,473687,0.047150471504715075
2015-08-26,2588,2623,2478,2624,386110,0.027407987470634332
2015-08-27,2668,2668,2578,2654,363683,0.01143292682926833
2015-08-28,2653,2684,2628,2674,275916,0.007535795026375247
2015-08-31,2653,2678,2618,2669,274740,-0.0018698578908002972
2015-09-01,2668,3104,2638,2844,2080283,0.06556762832521534
2015-09-02,2784,2979,2739,2944,895394,0.035161744022503605
2015-09-03,2974,2994,2789,2789,801030,-0.052649456521739135
2015-09-04,2829,2894,2709,2779,463486,-0.0035855145213338213
2015-09-07,2754,2909,2653,2674,428151,-0.03778337531486142
2015-09-08,2694,2794,2563,2644,339102,-0.011219147344801783
2015-09-09,2668,2744,2663,2669,214897,0.009455370650529593
2015-09-10,2684,2709,2628,2699,143472,0.011240164855751189
2015-09-11,2699,2709,2628,2669,183794,-0.011115227862171229
2015-09-14,2678,2879,2658,2854,561192,0.06931434994379915
2015-09-15,2839,2894,2779,2864,419726,0.0035038542396637062
2015-09-16,2874,2899,2769,2774,379671,-0.03142458100558654
2015-09-17,2774,2819,2699,2724,313272,-0.018024513338139925
2015-09-18,2724,2819,2714,2779,529953,0.020190895741556636
2015-09-21,2774,2864,2724,2764,433573,-0.005397625044980203
2015-09-22,2769,2804,2724,2779,313219,0.00542691751085389
2015-09-23,2784,3034,2739,2879,1428298,0.035984166966534614
2015-09-24,2914,3329,2909,3090,3300744,0.07328933657519965
2015-09-25,3119,3209,3034,3095,589935,0.0016181229773462036
2015-09-30,3034,3119,2974,3004,607795,-0.029402261712439426
2015-10-01,3049,3189,3029,3120,840050,0.038615179760319585
2015-10-02,3139,3184,3069,3170,501246,0.01602564102564097
2015-10-05,3149,3149,3009,3060,842213,-0.034700315457413256
2015-10-06,3079,3194,3059,3160,556533,0.03267973856209161
2015-10-07,3224,3395,3179,3290,2107998,0.04113924050632911
2015-10-08,3304,3349,3164,3175,664107,-0.03495440729483279
2015-10-12,3134,3164,3034,3035,506927,-0.04409448818897643
2015-10-13,3024,3099,3014,3014,208964,-0.006919275123558499
2015-10-14,3014,3129,3004,3090,270005,0.025215660252156713
2015-10-15,3119,3134,3039,3080,241825,-0.003236245954692518
2015-10-16,3094,3144,3059,3080,205318,0.0
2015-10-19,3084,3274,3039,3230,590033,0.04870129870129869
2015-10-20,3229,3309,3154,3210,475327,-0.006191950464396245
2015-10-21,3209,3299,3174,3285,602187,0.02336448598130847
2015-10-22,3324,3655,3209,3250,3253194,-0.010654490106544956
2015-10-23,3264,3299,3124,3160,610581,-0.027692307692307683
2015-10-26,3169,3349,3134,3315,628905,0.049050632911392444
2015-10-27,3349,3440,3284,3340,628111,0.007541478129713397
2015-10-28,3309,3349,3219,3305,288525,-0.010479041916167664
2015-10-29,3304,3329,3214,3255,192503,-0.015128593040847238
2015-10-30,3214,3289,2954,3004,631647,-0.07711213517665128
2015-11-02,2949,3104,2919,3090,216305,0.028628495339547255
2015-11-03,3089,3279,3024,3175,521945,0.027508090614886793
2015-11-04,3149,3214,3054,3070,312078,-0.03307086614173227
2015-11-05,3094,3104,3004,3065,177194,-0.0016286644951140072
2015-11-06,3034,3084,2919,2939,273787,-0.04110929853181078
2015-11-09,2969,3019,2779,2904,254858,-0.011908812521265744
2015-11-10,2899,2899,2754,2829,206214,-0.025826446280991733
2015-11-11,2779,2914,2779,2894,83200,0.022976316719689027
2015-11-12,2894,2999,2809,2909,48000,0.005183137525915704
2015-11-13,2904,2904,2699,2774,247419,-0.046407700240632566
2015-11-16,2709,2784,2613,2679,111981,-0.03424657534246578
2015-11-17,2684,2829,2668,2779,119512,0.037327360955580424
2015-11-18,2759,2969,2759,2954,241416,0.06297229219143574
2015-11-19,2964,3034,2919,2974,130645,0.00677048070413
2015-11-20,2984,3079,2954,2989,120840,0.00504371217215871
2015-11-23,3014,3735,3014,3135,3690957,0.048845767815322905
2015-11-24,3164,3169,3039,3055,403372,-0.02551834130781494
2015-11-25,3119,3129,2999,3004,367466,-0.016693944353518786
2015-11-26,3019,3274,3004,3210,767780,0.06857523302263657
2015-11-27,3254,3365,3209,3265,857492,0.017133956386292892
2015-11-30,3264,3304,3149,3230,286542,-0.01071975497702915
2015-12-01,3224,3264,3174,3250,172992,0.006191950464396356
2015-12-02,3264,3370,3154,3205,344358,-0.013846153846153841
2015-12-03,3184,3309,3094,3300,281270,0.029641185647425905
2015-12-04,3239,3360,3239,3355,309452,0.016666666666666607
2015-12-07,3405,3480,3299,3330,481304,-0.007451564828613977
2015-12-08,3319,3365,3189,3245,301748,-0.02552552552552556
2015-12-09,3229,3329,3214,3245,174551,0.0
2015-12-10,3244,3895,3094,3150,6438740,-0.02927580893682591
2015-12-11,3149,3405,3149,3165,826345,0.004761904761904745
2015-12-14,3104,3154,2854,2854,671773,-0.09826224328594002
2015-12-15,2869,2969,2864,2934,266267,0.028030833917308984
2015-12-16,2939,2999,2934,2954,226554,0.0068166325835037345
2015-12-17,3029,3029,2919,2979,222875,0.008463100880162555
2015-12-18,2944,3009,2919,2989,136163,0.0033568311513931803
2015-12-21,2964,3064,2964,3040,130793,0.017062562730010056
2015-12-22,3039,3064,2949,3004,211868,-0.011842105263157876
2015-12-23,3009,3059,2979,2979,170615,-0.008322237017310274
2015-12-24,2989,3034,2969,3004,156343,0.008392077878482729
2015-12-28,3019,3084,2979,3055,210688,0.016977363515312982
2015-12-29,3054,3194,3054,3165,160355,0.036006546644844484
2015-12-30,3164,3254,3129,3190,240309,0.00789889415481837
2016-01-04,3204,3249,3124,3155,252112,-0.010971786833855801
2016-01-05,3104,3164,3074,3150,189409,-0.0015847860538826808
2016-01-06,3159,3254,3009,3100,460682,-0.015873015873015928
2016-01-07,3054,3159,3039,3115,179396,0.004838709677419395
2016-01-08,3054,3244,2909,3220,534021,0.03370786516853941
2016-01-11,3460,4181,3229,3235,8601833,0.004658385093167627
2016-01-12,3219,3329,3159,3160,1451931,-0.023183925811437356
2016-01-13,3199,3390,3169,3300,1405828,0.044303797468354444
2016-01-14,3204,3405,3179,3390,804332,0.027272727272727337
2016-01-15,3440,3565,3344,3375,943172,-0.004424778761061954
2016-01-18,3289,3575,3284,3575,751688,0.059259259259259345
2016-01-19,3565,3785,3455,3495,1087746,-0.02237762237762242
2016-01-20,3540,3540,3264,3415,486318,-0.022889842632331958
2016-01-21,3385,3500,3274,3395,358040,-0.005856515373352855
2016-01-22,3440,3635,3390,3625,624166,0.06774668630338732
2016-01-25,3605,3715,3540,3630,567449,0.0013793103448276334
2016-01-26,3655,3830,3550,3600,678997,-0.008264462809917328
2016-01-27,3595,3660,3445,3495,520851,-0.029166666666666674
2016-01-28,3420,3595,3420,3530,337840,0.010014306151645114
2016-01-29,3530,3555,3450,3505,204105,-0.007082152974504208
2016-02-01,3530,3630,3485,3575,342103,0.0199714693295292
2016-02-02,3575,3695,3530,3675,469549,0.027972027972027913
2016-02-03,3685,3905,3450,3450,2848059,-0.061224489795918324
2016-02-04,3450,3475,3294,3340,777408,-0.03188405797101446
2016-02-05,3329,3725,3329,3355,1413005,0.004491017964071808
2016-02-11,3264,3405,3214,3225,569198,-0.03874813710879288
2016-02-12,3134,3204,2899,2969,825101,-0.07937984496124029
2016-02-15,2979,3189,2979,3065,440738,0.03233411923206475
2016-02-16,3069,3234,3069,3215,283523,0.048939641109298604
2016-02-17,3254,3264,3174,3190,179432,-0.007776049766718529
2016-02-18,3239,3334,3229,3300,217913,0.034482758620689724
2016-02-19,3304,3440,3189,3415,372750,0.034848484848484906
2016-02-22,3420,3440,3294,3440,371995,0.007320644216691097
2016-02-23,3445,3565,3390,3555,712247,0.03343023255813948
2016-02-24,3480,3600,3445,3580,483874,0.007032348804500765
2016-02-25,3600,3745,3355,3390,1995496,-0.05307262569832405
2016-02-26,3440,3680,3380,3660,809212,0.07964601769911495
2016-02-29,3865,3945,3495,3505,2086516,-0.042349726775956276
2016-03-02,3590,3755,3515,3605,812459,0.02853067047075597
2016-03-03,3600,3695,3545,3560,419328,-0.012482662968099856
2016-03-04,3530,3575,3480,3525,360220,-0.0098314606741573
2016-03-07,3540,3805,3530,3540,1410635,0.004255319148936065
2016-03-08,3560,3670,3535,3655,403026,0.03248587570621475
2016-03-09,3655,3675,3510,3510,361375,-0.03967168262653897
2016-03-10,3555,3580,3520,3520,179866,0.002849002849002913
2016-03-11,3530,3545,3455,3475,346435,-0.01278409090909094
2016-03-14,3480,3520,3375,3375,255806,-0.02877697841726623
2016-03-15,3375,3415,3355,3370,141289,-0.001481481481481528
2016-03-16,3360,3510,3355,3510,239163,0.041543026706231556
2016-03-17,3555,3590,3455,3480,262926,-0.008547008547008517
2016-03-18,3485,3585,3465,3575,303423,0.027298850574712707
2016-03-21,3580,3610,3495,3540,294387,-0.009790209790209836
2016-03-22,3585,3595,3485,3555,220331,0.004237288135593209
2016-03-23,3555,3635,3505,3505,412580,-0.01406469760900142
2016-03-24,3510,3540,3420,3420,288523,-0.024251069900142697
2016-03-25,3420,3480,3420,3430,187330,0.0029239766081872176
2016-03-28,3435,3470,3349,3370,214552,-0.017492711370262426
2016-03-29,3370,3430,3329,3395,123298,0.007418397626112849
2016-03-30,3405,3515,3400,3430,193817,0.010309278350515427
2016-03-31,3430,3495,3395,3435,105798,0.001457725947521915
2016-04-01,3455,3475,3395,3415,162040,-0.005822416302765698
2016-04-04,3420,3455,3405,3450,109708,0.01024890190336758
2016-04-05,3435,3475,3420,3460,132890,0.0028985507246377384
2016-04-06,3455,3580,3455,3565,430324,0.030346820809248554
2016-04-07,3565,3565,3495,3535,215912,-0.008415147265077194
2016-04-08,3530,3590,3510,3585,312264,0.014144271570014189
2016-04-11,3560,3650,3540,3625,335993,0.01115760111576014
2016-04-12,3620,3655,3540,3545,255826,-0.022068965517241357
2016-04-14,3525,3545,3415,3420,347062,-0.035260930888575404
2016-04-15,3410,3480,3395,3435,119677,0.004385964912280604
2016-04-18,3455,3455,3349,3390,254684,-0.013100436681222738
2016-04-19,3420,3445,3360,3420,140786,0.008849557522123908
2016-04-20,3445,3475,3420,3450,107022,0.00877192982456143
2016-04-21,3450,3570,3435,3565,330625,0.03333333333333344
2016-04-22,3580,3580,3525,3575,123823,0.0028050490883591017
2016-04-25,3575,3615,3525,3585,180650,0.002797202797202747
2016-04-26,3605,3640,3520,3570,249120,-0.004184100418409997
2016-04-27,3555,3605,3490,3520,201417,-0.014005602240896309
2016-04-28,3515,3545,3430,3430,264180,-0.025568181818181768
2016-04-29,3430,3475,3390,3465,138222,0.010204081632652962
2016-05-02,3465,3590,3425,3485,342035,0.005772005772005873
2016-05-03,3465,3500,3430,3500,108602,0.004304160688665792
2016-05-04,3500,3555,3470,3510,189948,0.0028571428571428914
2016-05-09,3500,3655,3495,3655,746045,0.04131054131054124
2016-05-10,3945,4441,3535,3560,11216667,-0.025991792065663488
2016-05-11,3575,3625,3505,3560,755904,0.0
2016-05-12,3565,3675,3540,3630,608362,0.0196629213483146
2016-05-13,3610,3645,3535,3570,569632,-0.016528925619834656
2016-05-16,3505,3515,3284,3305,1356549,-0.07422969187675066
2016-05-17,3304,3329,3214,3230,420001,-0.0226928895612708
2016-05-18,3224,3239,3054,3095,600238,-0.04179566563467496
2016-05-19,3079,3234,3079,3205,282630,0.035541195476575194
2016-05-20,3164,3234,3134,3200,170048,-0.0015600624024960652
2016-05-23,3199,3224,3159,3205,134445,0.0015624999999999112
2016-05-24,3204,3204,3134,3185,112522,-0.006240249609984372
2016-05-25,3219,3219,3139,3170,146527,-0.004709576138147598
2016-05-26,3179,3184,3124,3170,79877,0.0
2016-05-27,3159,3194,3129,3170,123769,0.0
2016-05-30,3159,3194,3079,3120,193393,-0.01577287066246058
2016-05-31,3129,3134,3044,3060,199600,-0.019230769230769273
2016-06-01,3059,3109,3054,3100,121209,0.013071895424836555
2016-06-02,3164,3164,3094,3120,73650,0.006451612903225712
2016-06-03,3119,3134,3069,3105,96484,-0.004807692307692291
2016-06-07,3104,3114,3069,3085,88728,-0.006441223832528209
2016-06-08,3079,3094,3034,3065,134038,-0.00648298217179899
2016-06-09,3069,3069,2869,2874,449182,-0.062316476345840144
2016-06-10,2874,3004,2859,2974,233042,0.0347947112038971
2016-06-13,2974,2974,2874,2904,147921,-0.02353732347007398
2016-06-14,2829,2919,2829,2919,95923,0.005165289256198413
2016-06-15,2919,2934,2854,2914,87232,-0.0017129153819801513
2016-06-16,2869,2919,2799,2814,185919,-0.03431708991077553
2016-06-17,2824,2864,2809,2809,73153,-0.0017768301350390425
2016-06-20,2809,2834,2764,2834,94737,0.008899964400142402
2016-06-21,2854,2859,2754,2769,118022,-0.022935779816513735
2016-06-22,2704,2809,2653,2794,371885,0.009028530155290815
2016-06-23,2794,2799,2704,2734,116991,-0.021474588403722294
2016-06-24,2754,2764,2486,2509,340791,-0.0822970007315289
2016-06-27,2408,2548,2408,2519,185529,0.003985651654045519
2016-06-28,2518,2633,2473,2614,70964,0.037713378324732094
2016-06-29,2603,2684,2603,2629,56951,0.005738332058148332
2016-06-30,2638,2678,2608,2664,66237,0.013313046785850213
2016-07-01,2689,2774,2638,2719,101708,0.02064564564564564
2016-07-04,2709,2839,2678,2764,222035,0.01655020228025017
2016-07-05,2789,2789,2724,2744,65047,-0.00723589001447178
2016-07-06,2739,2759,2648,2684,90387,-0.02186588921282795
2016-07-07,2678,2769,2678,2769,90359,0.03166915052160957
2016-07-08,2779,2819,2719,2804,106880,0.012639942217407052
2016-07-11,2824,2864,2769,2854,206957,0.01783166904422262
2016-07-12,2854,2899,2824,2874,129451,0.00700770847932719
2016-07-13,2889,3229,2889,2989,1231696,0.04001391788448161
2016-07-14,3079,3079,2944,3014,320420,0.008364001338240223
2016-07-15,3014,3099,3009,3040,301113,0.00862641008626408
2016-07-18,3099,3199,3054,3195,654040,0.05098684210526305
2016-07-19,3194,3650,3109,3125,3440473,-0.021909233176838794
2016-07-20,3134,3239,3094,3140,452698,0.0047999999999999154
2016-07-21,3164,3600,3164,3290,2994271,0.047770700636942776
2016-07-22,3289,3329,3209,3215,434400,-0.022796352583586588
2016-07-25,3229,3229,3074,3075,395761,-0.043545878693623585
2016-07-26,3074,3124,3024,3120,156265,0.014634146341463428
2016-07-27,3119,3139,3084,3090,138220,-0.009615384615384581
2016-07-28,3124,4015,3089,4016,20924242,0.29967637540453085
2016-07-29,3895,4371,3830,4056,16921632,0.009960159362549792
2016-08-01,3980,4051,3860,4051,4067287,-0.0012327416173569805
2016-08-02,4206,4967,3745,3831,28682428,-0.05430757837570965
2016-08-03,3810,3870,3565,3650,3377321,-0.047246149830331485
2016-08-04,3685,3820,3615,3640,4762801,-0.002739726027397249
2016-08-05,3675,3755,3455,3525,2000592,-0.03159340659340659
2016-08-08,3560,4371,3555,4156,19471306,0.17900709219858157
2016-08-09,4061,4171,3895,3946,4228896,-0.05052935514918189
2016-08-10,4026,4797,3990,4076,29249832,0.0329447541814496
2016-08-11,3985,3985,3830,3876,1612903,-0.04906771344455352
2016-08-12,3970,4005,3910,3976,1021755,0.02579979360165119
2016-08-16,3950,3980,3830,3831,713128,-0.03646881287726356
2016-08-17,3845,4371,3815,3891,10290020,0.01566170712607673
2016-08-18,3895,4732,3895,4387,18949024,0.127473657157543
2016-08-19,4416,5002,4241,4652,21532921,0.060405744244358406
2016-08-22,4681,4862,4446,4507,8547525,-0.031169389509888235
2016-08-23,4556,4742,4216,4226,4780088,-0.06234745950743292
2016-08-24,4256,4531,4136,4231,5196099,0.0011831519167060378
2016-08-25,4376,4967,4341,4662,14629711,0.10186717088158836
2016-08-26,4646,4777,4321,4377,4573680,-0.06113256113256116
2016-08-29,4411,4511,4136,4226,3035420,-0.03449851496458767
2016-08-30,4231,4456,4166,4276,2310106,0.011831519167061044
2016-08-31,4216,4441,4216,4266,2337110,-0.002338634237605275
2016-09-01,4321,4441,4221,4261,1711537,-0.001172058134083498
2016-09-02,4301,4326,4005,4016,2108425,-0.057498239849800514
2016-09-05,4071,4121,3900,3986,1268053,-0.007470119521912344
2016-09-06,3970,4041,3795,3811,1240802,-0.04390366281986957
2016-09-07,3880,3990,3790,3801,1200472,-0.002623983206507474
2016-09-08,3800,3840,3615,3701,1026819,-0.02630886608787164
2016-09-09,3705,3765,3600,3655,901235,-0.012429073223453102
2016-09-12,3580,3650,3505,3505,871236,-0.041039671682626566
2016-09-13,3515,3650,3515,3590,619419,0.024251069900142586
2016-09-19,3600,3650,3555,3650,563771,0.01671309192200554
2016-09-20,3665,3665,3545,3580,583825,-0.019178082191780854
2016-09-21,3555,3905,3540,3706,2458642,0.03519553072625703
2016-09-22,3735,3750,3600,3605,688766,-0.027253103076092855
2016-09-23,3630,3680,3550,3565,561316,-0.01109570041608876
2016-09-26,3575,3740,3570,3701,706861,0.03814866760168312
2016-09-27,3680,3730,3630,3701,349466,0.0
2016-09-28,3715,3740,3630,3630,495900,-0.019184004323155923
2016-09-29,3655,3665,3565,3600,307038,-0.008264462809917328
2016-09-30,3560,3580,3395,3395,759812,-0.056944444444444464
2016-10-04,3430,3500,3400,3445,248908,0.014727540500736325
2016-10-05,3480,3575,3465,3465,222312,0.005805515239477588
2016-10-06,3510,3550,3470,3480,198803,0.0043290043290042934
2016-10-07,3510,4056,3410,3706,6765600,0.06494252873563222
2016-10-10,3775,4101,3725,3756,3895811,0.013491635186184459
2016-10-11,3735,3830,3605,3645,909005,-0.0295527156549521
2016-10-12,3585,3720,3550,3575,543395,-0.019204389574759895
2016-10-13,3575,3625,3515,3515,388748,-0.016783216783216814
2016-10-14,3475,3595,3475,3515,279878,0.0
2016-10-17,3535,3585,3480,3580,300853,0.01849217638691325
2016-10-18,3570,3590,3430,3470,292176,-0.030726256983240274
2016-10-19,3485,3720,3470,3600,847631,0.03746397694524495
2016-10-20,3620,3625,3495,3500,267641,-0.02777777777777779
2016-10-21,3500,3540,3385,3420,288927,-0.02285714285714291
2016-10-24,3400,3420,3234,3240,546932,-0.052631578947368474
2016-10-25,3239,3299,3159,3265,267211,0.007716049382715973
2016-10-26,3199,3254,3124,3190,206911,-0.02297090352220521
2016-10-27,3189,3274,3189,3215,164381,0.00783699059561127
2016-10-28,3224,3234,3079,3100,199770,-0.03576982892690517
2016-10-31,3109,3134,2959,3004,170044,-0.030967741935483906
2016-11-01,2964,3044,2964,2999,101964,-0.0016644474034620549
2016-11-02,3004,3004,2769,2774,299673,-0.07502500833611203
2016-11-03,2774,2909,2724,2839,213853,0.023431867339581913
2016-11-04,2829,2929,2799,2899,114589,0.021134202183867634
2016-11-07,2894,3069,2894,3004,238496,0.036219385995170716
2016-11-08,3014,3039,2969,2979,99176,-0.008322237017310274
2016-11-09,2994,3039,2689,2799,416508,-0.06042296072507558
2016-11-10,2859,2979,2859,2944,180950,0.05180421579135408
2016-11-11,2919,3054,2919,2979,166422,0.01188858695652173
2016-11-14,3014,3039,2969,3014,158054,0.011748909029875687
2016-11-15,3029,3710,3024,3420,7729320,0.1347047113470472
2016-11-16,3400,3570,3349,3435,1292980,0.004385964912280604
2016-11-17,3450,3925,3405,3640,3941102,0.05967976710334799
2016-11-18,3635,3680,3355,3375,1253942,-0.07280219780219777
2016-11-21,3440,3690,3294,3510,2052107,0.040000000000000036
2016-11-22,3550,3730,3530,3691,2354202,0.05156695156695146
2016-11-23,3700,3710,3445,3455,797302,-0.06393931183960988
2016-11-24,3385,3535,3329,3450,706166,-0.0014471780028944004
2016-11-25,3415,3625,3395,3580,896496,0.037681159420289934
2016-11-28,3605,3660,3435,3435,689487,-0.04050279329608941
2016-11-29,3450,3605,3355,3495,813901,0.017467248908296984
2016-11-30,3500,3520,3420,3435,246153,-0.01716738197424894
2016-12-01,3525,3830,3505,3801,4538644,0.10655021834061129
2016-12-02,3815,3815,3630,3670,1212175,-0.03446461457511185
2016-12-05,3675,3700,3495,3495,1041080,-0.04768392370572205
2016-12-06,3500,3615,3500,3605,446561,0.03147353361945626
2016-12-07,3590,3630,3405,3490,441295,-0.03190013869625519
2016-12-08,3510,3545,3450,3490,285136,0.0
2016-12-09,3470,3575,3455,3465,252921,-0.007163323782234943
2016-12-12,3520,3660,3485,3640,704568,0.05050505050505061
2016-12-13,3690,3690,3590,3655,519379,0.004120879120879106
2016-12-14,3665,3680,3590,3610,371773,-0.012311901504788003
2016-12-15,3600,3635,3520,3610,298996,0.0
2016-12-16,3590,3640,3530,3570,342026,-0.011080332409972304
2016-12-19,3585,3665,3535,3660,333754,0.025210084033613356
2016-12-20,3685,4311,3675,4011,15625161,0.09590163934426221
2016-12-21,4020,4131,3945,4076,2936275,0.0162054350536025
2016-12-22,4076,4126,3935,4051,1291680,-0.006133464180569148
2016-12-23,4015,4126,3990,4086,1095637,0.008639842014317445
2016-12-26,4151,4161,3820,3821,1232127,-0.06485560450318162
2016-12-27,3865,3975,3785,3976,724994,0.0405652970426591
2016-12-28,4056,4086,3880,3881,623242,-0.02389336016096577
2016-12-29,3880,4066,3800,4061,584599,0.04637979902087097
2017-01-02,4015,4020,3940,3991,367056,-0.017237133710908625
2017-01-03,4015,4146,3885,3891,1273112,-0.025056376847907846
2017-01-04,3910,3950,3865,3931,277003,0.010280133641737299
2017-01-05,3990,4101,3970,4071,1553583,0.03561434749427628
2017-01-06,4081,4091,3900,3926,962471,-0.03561778432817486
2017-01-09,3955,4015,3920,3946,341408,0.005094243504839557
2017-01-10,3945,3985,3895,3896,297823,-0.012671059300557563
2017-01-11,3895,3955,3750,3751,658234,-0.03721765913757702
2017-01-12,3755,3780,3655,3655,351258,-0.025593175153292402
2017-01-13,3660,3725,3635,3655,213392,0.0
2017-01-16,3635,3695,3505,3515,236775,-0.03830369357045149
2017-01-17,3515,3615,3505,3545,211071,0.008534850640113723
2017-01-18,3525,3600,3525,3575,118224,0.008462623413258097
2017-01-19,3605,3665,3575,3575,170971,0.0
2017-01-20,3540,3580,3435,3470,274752,-0.029370629370629397
2017-01-23,3440,3465,3294,3295,335078,-0.050432276657060515
2017-01-24,3380,3870,3380,3605,6346987,0.09408194233687395
2017-01-25,3565,3640,3450,3485,905994,-0.03328710124826628
2017-01-26,3500,3525,3440,3440,285222,-0.012912482065997155
2017-01-31,3445,3525,3410,3525,361778,0.024709302325581328
2017-02-01,3675,3845,3570,3570,2576714,0.012765957446808418
2017-02-02,3555,3655,3460,3655,411789,0.023809523809523725
2017-02-03,3655,3730,3575,3595,492779,-0.01641586867305067
2017-02-06,3580,3720,3580,3721,340348,0.03504867872044515
2017-02-07,3740,3765,3645,3706,446044,-0.004031174415479732
2017-02-08,3725,3725,3645,3665,153778,-0.01106314085267135
2017-02-09,3645,3745,3605,3655,192101,-0.0027285129604365244
2017-02-10,3660,3680,3600,3605,167065,-0.013679890560875485
2017-02-13,3605,3630,3510,3575,137651,-0.00832177531206657
2017-02-14,3560,3620,3525,3540,115601,-0.009790209790209836
2017-02-15,3530,3615,3530,3605,111450,0.01836158192090398
2017-02-16,3605,3620,3555,3610,71230,0.001386962552011095
2017-02-17,3635,3700,3590,3640,133403,0.008310249307479145
2017-02-20,3640,3855,3600,3786,1280199,0.04010989010989019
2017-02-21,3815,3815,3710,3711,331639,-0.019809825673534065
2017-02-22,3715,3825,3715,3746,348911,0.00943142010239817
2017-02-23,3745,3780,3705,3741,153982,-0.0013347570742124892
2017-02-24,3755,3810,3645,3665,215025,-0.02031542368350714
2017-02-27,3640,3655,3530,3565,204223,-0.027285129604365577
2017-02-28,3570,3600,3520,3530,94713,-0.009817671809256634
2017-03-02,3530,3550,3460,3480,146180,-0.014164305949008527
2017-03-03,3480,3485,3309,3335,262836,-0.04166666666666663
2017-03-06,3314,3395,3269,3370,91118,0.010494752623688264
2017-03-07,3339,3430,3339,3375,85191,0.0014836795252226587
2017-03-08,3375,3425,3375,3385,82347,0.002962962962963056
2017-03-09,3385,3415,3360,3380,78521,-0.001477104874446078
2017-03-10,3395,3395,3204,3365,145541,-0.004437869822485174
2017-03-13,3365,3465,3339,3450,107621,0.02526002971768193
2017-03-14,3470,3470,3405,3465,126120,0.004347826086956497
2017-03-15,3475,3680,3430,3510,573772,0.01298701298701288
2017-03-16,3510,3605,3480,3575,211636,0.0185185185185186
2017-03-17,3555,3610,3540,3585,132330,0.002797202797202747
2017-03-20,3560,3605,3555,3590,87368,0.001394700139470073
2017-03-21,3570,3795,3550,3615,337830,0.0069637883008355494
2017-03-22,3605,3650,3565,3565,86343,-0.013831258644536604
2017-03-23,3555,3580,3420,3430,207610,-0.037868162692847096
2017-03-24,3455,3495,3425,3430,155947,0.0
2017-03-27,3420,3470,3380,3385,99160,-0.013119533527696792
2017-03-28,3385,3500,3385,3500,109265,0.033973412112259904
2017-03-29,3505,3630,3460,3575,174993,0.021428571428571352
2017-03-30,3595,3630,3540,3575,161613,0.0
2017-03-31,3560,3630,3550,3630,243808,0.01538461538461533
2017-04-03,3855,3855,3620,3630,638555,0.0
2017-04-04,3635,3735,3615,3615,351437,-0.004132231404958664
2017-04-05,3655,3735,3605,3706,314363,0.02517289073305662
2017-04-06,3705,3730,3650,3675,152704,-0.008364813815434413
2017-04-07,3700,3745,3655,3716,183304,0.011156462585034
2017-04-10,3680,3785,3560,3605,363959,-0.029870828848223896
2017-04-11,3580,3640,3505,3580,167933,-0.006934812760055475
2017-04-12,3580,3630,3535,3560,76869,-0.005586592178770999
2017-04-13,3545,3670,3545,3670,129045,0.030898876404494402
2017-04-14,3665,3690,3580,3580,127809,-0.02452316076294281
2017-04-17,3585,3705,3570,3696,252086,0.03240223463687153
2017-04-18,3715,3755,3685,3741,264779,0.012175324675324672
2017-04-19,3750,3775,3705,3736,159508,-0.0013365410318096904
2017-04-20,3735,3935,3695,3731,1187683,-0.001338329764453916
2017-04-21,3730,3840,3700,3751,320568,0.005360493165371238
2017-04-24,3750,3810,3665,3665,207470,-0.022927219408157784
2017-04-25,3665,3705,3630,3691,239748,0.007094133697135074
2017-04-26,3690,3780,3690,3726,151907,0.009482525060959146
2017-04-27,3720,3770,3720,3761,200493,0.009393451422436971
2017-04-28,3770,3805,3700,3706,212535,-0.014623770273863301
2017-05-02,3725,3725,3610,3635,190905,-0.019158121964382047
2017-05-04,3610,3685,3610,3660,84216,0.00687757909215958
2017-05-08,3640,3685,3620,3620,113075,-0.010928961748633892
2017-05-10,3620,3645,3555,3615,78978,-0.0013812154696132284
2017-05-11,3615,3640,3580,3620,69562,0.0013831258644536604
2017-05-12,3620,3620,3495,3525,230686,-0.026243093922651894
2017-05-15,3505,3520,3440,3440,213841,-0.024113475177305
2017-05-16,3455,3495,3440,3455,140982,0.0043604651162789665
2017-05-17,3395,3490,3395,3440,105117,-0.00434153400868309
2017-05-18,3395,3440,3329,3360,141008,-0.023255813953488413
2017-05-19,3344,3385,3319,3355,128606,-0.0014880952380952328
2017-05-22,3395,3445,3365,3390,108929,0.010432190760059523
2017-05-23,3370,3410,3370,3385,73438,-0.001474926253687281
2017-05-24,3365,3425,3365,3380,58900,-0.001477104874446078
2017-05-25,3385,3440,3380,3420,74018,0.01183431952662728
2017-05-26,3405,3495,3405,3455,76630,0.01023391812865504
2017-05-29,3455,3460,3400,3400,75969,-0.01591895803183796
2017-05-30,3375,3415,3344,3365,85798,-0.010294117647058787
2017-05-31,3365,3390,3344,3365,51447,0.0
2017-06-01,3365,3375,3339,3350,72009,-0.004457652303120341
2017-06-02,3349,3375,3294,3305,121325,-0.013432835820895495
2017-06-05,3264,3304,3254,3305,83877,0.0
2017-06-07,3274,3339,3269,3310,78135,0.001512859304084735
2017-06-08,3309,3319,3269,3270,76352,-0.012084592145015116
2017-06-09,3254,3299,3234,3265,75172,-0.001529051987767538
2017-06-12,3254,3319,3244,3285,59917,0.006125574272588086
2017-06-13,3284,3344,3284,3335,40535,0.015220700152207112
2017-06-14,3334,3370,3329,3370,48164,0.010494752623688264
2017-06-15,3370,3380,3319,3320,62481,-0.014836795252225476
2017-06-16,3344,3349,3289,3325,50051,0.001506024096385561
2017-06-19,3329,3334,3254,3275,95833,-0.015037593984962405
2017-06-20,3259,3294,3249,3260,53442,-0.004580152671755711
2017-06-21,3234,3274,3154,3165,95555,-0.02914110429447858
2017-06-22,3129,3209,3119,3120,163380,-0.014218009478673022
2017-06-23,3124,3189,3119,3120,63617,0.0
2017-06-26,3109,3420,3109,3260,268789,0.044871794871794934
2017-06-27,3254,3309,3234,3300,59845,0.012269938650306678
2017-06-28,3299,3319,3254,3270,53518,-0.009090909090909038
2017-06-29,3269,3299,3229,3230,41388,-0.012232415902140636
2017-06-30,3209,3264,3134,3140,68771,-0.02786377708978327
2017-07-03,3174,3174,3124,3140,21712,0.0
2017-07-04,3139,3164,3079,3105,68370,-0.011146496815286677
2017-07-05,3104,3119,3054,3105,55785,0.0
2017-07-06,3104,3139,3094,3105,45710,0.0
2017-07-07,3099,3124,3044,3090,55443,-0.004830917874396157
2017-07-10,3089,3104,3054,3065,43200,-0.008090614886731351
2017-07-11,3044,3099,3044,3075,37492,0.0032626427406199365
2017-07-12,3064,3099,3064,3075,12575,0.0
2017-07-13,3074,3094,3004,3020,54291,-0.01788617886178867
2017-07-14,3004,3029,2924,2929,102144,-0.030132450331125882
2017-07-17,2974,3009,2904,2979,47777,0.01707067258449979
2017-07-18,2989,3019,2919,3020,19253,0.013763007720711595
2017-07-19,2984,3139,2984,3120,70285,0.0331125827814569
2017-07-20,3119,3279,3059,3145,317975,0.008012820512820484
2017-07-21,3144,3159,3129,3145,30758,0.0
2017-07-24,3169,3169,3099,3115,32645,-0.009538950715421324
2017-07-25,3099,3164,3099,3105,49458,-0.0032102728731941976
2017-07-26,3099,3114,3039,3055,84925,-0.01610305958132041
2017-07-27,3054,3079,2979,3050,36743,-0.0016366612111292644
2017-07-28,3009,3059,2984,2999,44993,-0.016721311475409784
2017-07-31,3004,3004,2899,2939,32400,-0.020006668889629875
2017-08-01,2914,3014,2909,2974,37210,0.011908812521265633
2017-08-02,2959,3039,2959,3009,26359,0.01176866173503699
2017-08-03,3024,3024,2934,2964,29166,-0.014955134596211339
2017-08-04,2964,3024,2894,2904,54744,-0.020242914979757054
2017-08-07,2904,2954,2884,2929,30604,0.008608815426997207
2017-08-08,2944,2944,2904,2914,18934,-0.005121201775349915
2017-08-09,2944,2944,2824,2864,45648,-0.017158544955387822
2017-08-10,2894,2894,2784,2784,36953,-0.027932960893854775
2017-08-11,2759,2814,2724,2734,55206,-0.01795977011494254
2017-08-14,2734,2764,2704,2704,25021,-0.010972933430870468
2017-08-16,2699,2734,2553,2629,162044,-0.027736686390532506
2017-08-17,2628,2734,2628,2724,41288,0.03613541270445042
2017-08-18,2734,2754,2689,2724,25268,0.0
2017-08-21,2678,2729,2678,2729,8248,0.0018355359765052093
2017-08-22,2709,2749,2704,2714,28715,-0.005496518871381473
2017-08-23,2714,2789,2709,2734,46369,0.00736919675755332
2017-08-24,2729,2809,2689,2804,52863,0.02560351133869787
2017-08-25,2779,2834,2779,2804,38279,0.0
2017-08-28,2804,2804,2774,2779,28196,-0.00891583452211131
2017-08-29,2794,2794,2769,2769,33510,-0.003598416696653506
2017-08-30,2769,2944,2764,2869,78211,0.036114120621162815
2017-08-31,2879,2899,2829,2854,34560,-0.005228302544440622
2017-09-01,2844,2869,2824,2824,30562,-0.010511562718990897
2017-09-04,2724,2779,2719,2719,57237,-0.03718130311614731
2017-09-05,2719,2749,2658,2679,36535,-0.01471129091577783
2017-09-06,2653,2668,2623,2644,49099,-0.013064576334453126
2017-09-07,2633,2678,2633,2654,37822,0.0037821482602118373
2017-09-08,2653,3294,2653,2919,6329211,0.09984928409947247
2017-09-11,2924,3074,2879,3030,1026686,0.03802672147995878
2017-09-12,3054,3104,2939,2939,380466,-0.030033003300329986
2017-09-13,2969,3044,2944,2954,287425,0.0051037767948280965
2017-09-14,2949,2949,2834,2894,206590,-0.02031144211239
2017-09-15,2894,2959,2849,2944,179724,0.01727712508638568
2017-09-18,2959,3094,2909,3014,470012,0.02377717391304346
2017-09-19,3034,3059,2954,2974,122960,-0.013271400132713995
2017-09-20,3004,3054,2849,2874,145175,-0.0336247478143914
2017-09-21,2874,2874,2714,2774,149808,-0.03479471120389699
2017-09-22,2734,2759,2553,2589,269072,-0.06669069935111749
2017-09-25,2578,2578,2305,2343,388298,-0.09501738122827341
2017-09-26,2203,2343,2203,2343,262822,0.0
2017-09-27,2320,2411,2305,2318,131448,-0.010670081092616357
2017-09-28,2318,2386,2318,2326,74095,0.003451251078516071
2017-09-29,2335,2799,2335,2404,1974663,0.03353396388650043
2017-10-10,2428,2431,2340,2343,170903,-0.02537437603993342
2017-10-11,2323,2396,2288,2369,107532,0.011096884336321056
2017-10-12,2373,2416,2361,2404,75477,0.014774166314900805
2017-10-13,2416,2436,2358,2371,82820,-0.013727121464226277
2017-10-16,2368,2393,2313,2336,62049,-0.01476170392239562
2017-10-17,2343,2543,2343,2389,318872,0.022688356164383583
2017-10-18,2388,2398,2340,2346,59885,-0.017999162829635873
2017-10-19,2345,2396,2340,2361,52845,0.006393861892583175
2017-10-20,2388,2393,2361,2384,39916,0.009741634900465979
2017-10-23,2393,2501,2363,2416,139795,0.01342281879194629
2017-10-24,2391,2441,2388,2421,43531,0.0020695364238410008
2017-10-25,2421,2503,2411,2499,87519,0.03221809169764556
2017-10-26,2498,2498,2458,2469,83220,-0.01200480192076836
2017-10-27,2498,2533,2473,2489,78655,0.008100445524503952
2017-10-30,2503,2709,2503,2539,408073,0.020088388911209343
2017-10-31,2538,2573,2513,2539,82703,0.0
2017-11-01,2523,2563,2498,2534,64232,-0.001969279243796751
2017-11-02,2548,2593,2508,2589,59643,0.021704814522494065
2017-11-03,2558,2689,2558,2589,61940,0.0
2017-11-06,2588,2603,2528,2529,42892,-0.023174971031286185
2017-11-07,2528,2548,2481,2504,52288,-0.009885330170027684
2017-11-08,2503,2518,2453,2501,33145,-0.0011980830670926812
2017-11-09,2493,2563,2493,2559,40346,0.02319072371051578
2017-11-10,2558,2583,2538,2564,93337,0.0019538882375929045
2017-11-13,2518,2543,2443,2534,103128,-0.011700468018720711
2017-11-14,2528,2563,2523,2564,48264,0.011838989739542116
2017-11-15,2553,2578,2503,2514,94305,-0.01950078003120126
2017-11-16,2518,2553,2503,2544,50928,0.01193317422434359
2017-11-17,2563,2764,2518,2634,583841,0.03537735849056611
2017-11-20,2623,2628,2563,2564,92388,-0.026575550493545985
2017-11-21,2563,2593,2533,2554,83074,-0.003900156006240274
2017-11-22,2538,2578,2533,2554,76466,0.0
2017-11-23,2583,2719,2543,2684,284495,0.050900548159749315
2017-11-24,2694,2774,2648,2709,254247,0.009314456035767416
2017-11-27,2714,2714,2643,2674,121946,-0.012919896640826822
2017-11-28,2653,2673,2598,2639,104760,-0.01308900523560208
2017-11-29,2628,2704,2578,2649,118164,0.0037893141341416303
2017-11-30,2623,2668,2543,2549,115200,-0.03775009437523591
2017-12-01,2548,2583,2501,2544,147981,-0.001961553550411943
2017-12-04,2528,2573,2466,2466,119086,-0.030660377358490587
2017-12-05,2468,2508,2441,2489,70325,0.009326845093268421
2017-12-06,2488,2553,2478,2504,65556,0.006026516673362847
2017-12-07,2488,2503,2428,2429,77367,-0.029952076677316253
2017-12-08,2428,2473,2388,2419,58489,-0.004116920543433489
2017-12-11,2403,2443,2368,2444,42972,0.01033484911120297
2017-12-12,2408,2478,2408,2439,35305,-0.0020458265139116083
2017-12-13,2438,2488,2428,2454,39615,0.006150061500614923
2017-12-14,2453,2501,2433,2486,56306,0.013039934800326058
2017-12-15,2466,2496,2413,2466,40855,-0.008045052292839916
2017-12-18,2498,2543,2436,2519,72042,0.02149229521492302
2017-12-19,2513,2538,2421,2446,72234,-0.028979753870583602
2017-12-20,2446,2453,2411,2411,50153,-0.01430907604251841
2017-12-21,2373,2443,2275,2318,80923,-0.03857320613853177
2017-12-22,2318,2351,2265,2266,63437,-0.022433132010353796
2017-12-26,2273,2330,2263,2326,38403,0.026478375992939007
2017-12-27,2325,2353,2290,2346,23233,0.008598452278589797
2017-12-28,2358,2401,2328,2359,23745,0.005541346973572114
2018-01-02,2335,2421,2335,2399,28943,0.0169563374311148
2018-01-03,2371,2448,2361,2386,47511,-0.005418924551896631
2018-01-04,2401,2418,2356,2379,52452,-0.002933780385582563
2018-01-05,2378,2423,2373,2416,60580,0.015552753257671359
2018-01-08,2416,2426,2361,2384,53049,-0.013245033112582738
2018-01-09,2376,2383,2345,2361,51491,-0.009647651006711389
2018-01-10,2358,2361,2308,2318,59284,-0.018212621770436255
2018-01-11,2313,2381,2313,2346,23649,0.012079378774805916
2018-01-12,2345,2356,2270,2343,73187,-0.0012787723785165905
2018-01-15,2343,2391,2293,2359,44669,0.006828851899274513
2018-01-16,2333,2378,2330,2361,24605,0.0008478168715557732
2018-01-17,2361,2403,2345,2401,83857,0.016941973739940774
2018-01-18,2401,2461,2376,2404,144490,0.001249479383590213
2018-01-19,2401,2441,2391,2414,101319,0.004159733777038266
2018-01-22,2413,2488,2406,2461,118154,0.019469759734879855
2018-01-23,2438,2471,2438,2471,102116,0.00406338886631441
2018-01-24,2471,2473,2451,2474,57622,0.001214083367057972
2018-01-25,2473,2543,2471,2539,119787,0.026273241713823836
2018-01-26,2558,2563,2498,2544,120814,0.001969279243796862
2018-01-29,2543,2724,2543,2659,446923,0.04520440251572322
2018-01-30,2643,2714,2618,2659,168299,0.0
2018-01-31,2643,2678,2558,2619,144259,-0.015043249341857856
2018-02-01,2563,2724,2563,2704,212896,0.03245513554791901
2018-02-02,2678,2719,2578,2629,142032,-0.027736686390532506
2018-02-05,2568,2618,2523,2529,70543,-0.03803727653100042
2018-02-06,2453,2478,2361,2474,114427,-0.02174772637406086
2018-02-07,2503,2538,2461,2461,53953,-0.005254648342764789
2018-02-08,2423,2483,2423,2456,95745,-0.002031694433157205
2018-02-09,2426,2426,2340,2351,75362,-0.042752442996742634
2018-02-12,2303,2376,2303,2364,42111,0.005529561888558021
2018-02-13,2356,2381,2328,2328,43134,-0.015228426395939132
2018-02-14,2328,2376,2288,2288,64524,-0.01718213058419249
2018-02-19,2290,2323,2273,2303,104574,0.006555944055943952
2018-02-20,2303,2373,2283,2343,38612,0.01736864958749451
2018-02-21,2376,2386,2351,2381,34918,0.016218523260776774
2018-02-22,2391,2391,2330,2361,45824,-0.00839983200335992
2018-02-23,2353,2368,2313,2351,58261,-0.004235493434985194
2018-02-26,2351,2368,2313,2313,45438,-0.01616333475116971
2018-02-27,2313,2340,2313,2338,31323,0.01080847384349326
2018-02-28,2338,2378,2318,2379,94321,0.01753635585970925
2018-03-02,2378,2458,2328,2451,98359,0.030264817150063017
2018-03-05,2461,2488,2426,2466,82301,0.006119951040391758
2018-03-06,2473,2493,2403,2434,68174,-0.012976480129764822
2018-03-07,2433,2433,2313,2349,132914,-0.03492193919474118
2018-03-08,2348,2386,2318,2369,27263,0.008514261387824629
2018-03-09,2368,2393,2338,2354,27179,-0.006331785563528869
2018-03-12,2353,2456,2351,2416,74057,0.02633814783347499
2018-03-13,2401,2463,2401,2429,51741,0.005380794701986824
2018-03-14,2451,2458,2403,2424,82363,-0.0020584602717167444
2018-03-15,2423,2503,2408,2504,72488,0.03300330033003296
2018-03-16,2503,2518,2443,2504,65532,0.0
2018-03-19,2518,2518,2438,2446,43481,-0.02316293929712465
2018-03-20,2443,2471,2433,2471,36617,0.010220768601798769
2018-03-21,2471,2471,2408,2431,45742,-0.016187778227438332
2018-03-22,2431,2456,2356,2401,78485,-0.0123406005758947
2018-03-23,2393,2393,2210,2266,137928,-0.056226572261557695
2018-03-26,2265,2275,2195,2231,100474,-0.015445719329214458
2018-03-27,2230,2245,2123,2193,105978,-0.017032720753025532
2018-03-28,2193,2208,2075,2093,150278,-0.04559963520291843
2018-03-29,2098,2113,1977,2026,264873,-0.032011466794075516
2018-03-30,2050,2083,2007,2031,95567,0.0024679170779862147
2018-04-02,2040,2040,1992,1995,60661,-0.017725258493353047
2018-04-03,1962,2013,1962,2013,52318,0.009022556390977376
2018-04-04,2025,2025,1972,1988,140490,-0.012419274714356665
2018-04-05,1987,2035,1977,2003,40490,0.007545271629778583
2018-04-06,2002,2028,1965,1975,56252,-0.013979031452820756
2018-04-09,1957,1975,1902,1903,98140,-0.03645569620253164
2018-04-10,1817,1900,1727,1755,834139,-0.07777193904361535
2018-04-11,1757,1867,1750,1793,194492,0.02165242165242165
2018-04-12,1807,1857,1792,1850,77279,0.031790295593976614
2018-04-13,1850,1942,1850,1935,91827,0.04594594594594592
2018-04-16,1935,1935,1867,1913,64224,-0.01136950904392764
2018-04-17,1912,1937,1902,1928,53920,0.007841087297438598
2018-04-18,1942,1950,1905,1943,52685,0.00778008298755184
2018-04-19,1942,1955,1877,1903,39048,-0.02058672156459085
2018-04-20,1912,1912,1862,1903,24348,0.0
2018-04-23,1902,1902,1827,1840,67202,-0.03310562270099837
2018-04-24,1840,1887,1820,1888,70968,0.026086956521739202
2018-04-25,1882,1930,1852,1875,111328,-0.0068855932203389925
2018-04-26,1892,2240,1892,2013,2161063,0.07360000000000011
2018-04-27,1995,2058,1977,1998,168848,-0.007451564828613977
2018-04-30,1987,2013,1957,2000,155091,0.0010010010010010895
2018-05-02,2007,2045,1990,2026,129313,0.0129999999999999
2018-05-03,2025,2108,2010,2048,188255,0.010858835143139123
2018-05-04,2055,2070,1970,1975,134481,-0.03564453125
2018-05-08,1975,2048,1935,2016,114893,0.020759493670886142
2018-05-09,2015,2038,1952,2008,51529,-0.003968253968253954
2018-05-10,2007,2080,1957,2023,91673,0.007470119521912455
2018-05-11,2023,2158,2010,2091,250354,0.03361344537815136
2018-05-14,2103,2143,2045,2106,71967,0.007173601147776099
2018-05-15,2105,2118,1995,2008,150192,-0.04653371320037991
2018-05-16,1965,1985,1902,1918,122339,-0.044820717131474064
2018-05-17,1920,1965,1917,1918,80076,0.0
2018-05-18,1922,1957,1912,1938,35227,0.010427528675703845
2018-05-21,1937,1962,1910,1943,37859,0.0025799793601650745
2018-05-23,1942,1962,1915,1940,65692,-0.0015440041173443442
2018-05-24,1940,1960,1917,1920,41670,-0.010309278350515427
2018-05-25,1920,1920,1857,1900,40937,-0.01041666666666663
2018-05-28,1880,1900,1810,1855,101327,-0.023684210526315752
2018-05-29,1805,1867,1805,1853,61145,-0.0010781671159029171
2018-05-30,1852,1852,1737,1758,136630,-0.05126821370750134
2018-05-31,1780,1805,1740,1773,34738,0.008532423208191142
2018-06-01,1772,1812,1757,1813,24124,0.022560631697687628
2018-06-04,1812,1870,1812,1858,65762,0.024820739106453438
2018-06-05,1860,1960,1852,1918,126220,0.03229278794402579
2018-06-07,1920,1980,1917,1958,104320,0.02085505735140769
2018-06-08,1962,2053,1962,2008,101632,0.025536261491317713
2018-06-11,2007,2035,2002,2028,91122,0.009960159362549792
2018-06-12,2007,2140,2007,2078,165449,0.024654832347140054
2018-06-14,2075,2150,2053,2053,218476,-0.012030798845043322
2018-06-15,2093,2353,2073,2278,918237,0.10959571358986842
2018-06-18,2235,2268,2118,2183,372758,-0.041703248463564546
2018-06-19,2153,2228,1952,1983,172047,-0.0916170407695831
2018-06-20,1972,2103,1960,2101,74782,0.05950579929399891
2018-06-21,2100,2100,1995,2018,150651,-0.03950499762018089
2018-06-22,1990,2015,1955,1958,53854,-0.02973240832507429
2018-06-25,1957,2033,1930,1990,60462,0.01634320735444339
2018-06-26,1935,1967,1927,1968,52657,-0.011055276381909507
2018-06-27,1972,2002,1917,1943,67703,-0.012703252032520318
2018-06-28,1942,2043,1897,1910,54650,-0.016984045290787453
2018-06-29,1910,1925,1827,1863,114817,-0.024607329842931902
2018-07-02,1830,2338,1812,2206,1723512,0.18411164787976375
2018-07-03,2160,2371,2080,2241,1186565,0.015865820489573856
2018-07-04,2223,2310,2135,2223,327012,-0.008032128514056214
2018-07-05,2223,2223,2053,2091,383490,-0.05937921727395412
2018-07-06,2068,2188,1972,2093,507582,0.0009564801530368428
2018-07-09,2063,2143,2028,2063,105415,-0.014333492594362118
2018-07-10,2018,2053,2002,2003,152201,-0.029083858458555545
2018-07-11,2002,2043,1997,2005,61039,0.0009985022466301174
2018-07-12,1982,2040,1982,2021,34353,0.007980049875311757
2018-07-13,2020,2068,2013,2036,45374,0.00742206828302816
2018-07-16,2035,2228,2028,2143,290357,0.05255402750491167
2018-07-17,2138,2138,2068,2078,87008,-0.030331311245916925
2018-07-18,2078,2203,2048,2048,138933,-0.01443695861405192
2018-07-19,2028,2070,1907,1908,158973,-0.068359375
2018-07-20,1907,2088,1907,2008,180171,0.052410901467505155
2018-07-23,2002,2025,1857,1903,81145,-0.05229083665338641
2018-07-24,1855,1942,1815,1905,73990,0.0010509721492379942
2018-07-25,1922,1922,1852,1868,100268,-0.01942257217847765
2018-07-26,1862,1975,1862,1970,23932,0.054603854389721596
2018-07-27,1980,2020,1967,1978,27481,0.004060913705583813
2018-07-30,1975,2007,1935,1970,39617,-0.004044489383215333
2018-07-31,1970,2005,1940,1973,32442,0.001522842639593902
2018-08-01,1952,2045,1952,2003,47607,0.015205271160668943
2018-08-02,2002,2030,1920,1925,26758,-0.03894158761857214
2018-08-03,1927,1972,1922,1928,58952,0.0015584415584415368
2018-08-06,1927,1950,1907,1915,27157,-0.006742738589211594
2018-08-07,1910,1980,1877,1963,33634,0.025065274151436112
2018-08-08,1972,2486,1967,2238,4086111,0.14009169638308716
2018-08-09,2218,2228,2155,2188,604550,-0.022341376228775744
2018-08-10,2185,2190,2103,2173,308813,-0.006855575868372932
2018-08-13,2133,2133,2053,2091,245783,-0.037735849056603765
2018-08-14,2060,2133,2060,2113,125475,0.010521281683405048
2018-08-16,2083,2083,2018,2058,124029,-0.026029342167534275
2018-08-17,2058,2108,2058,2096,80007,0.01846452866861026
2018-08-20,2095,2170,2070,2156,149978,0.028625954198473247
2018-08-21,2185,2185,2128,2141,90553,-0.006957328385899797
2018-08-22,2140,2185,2113,2156,96141,0.007006071929005042
2018-08-23,2150,2185,2093,2158,63044,0.0009276437847867136
2018-08-24,2155,2178,2108,2146,36160,-0.005560704355885071
2018-08-27,2178,2210,2128,2143,156297,-0.0013979496738117936
2018-08-28,2143,2203,2143,2168,87352,0.011665888940737279
2018-08-29,2183,2348,2178,2238,432528,0.032287822878228845
2018-08-30,2250,2260,2188,2258,122623,0.008936550491510209
2018-08-31,2285,2298,2223,2273,123763,0.006643046944198483
2018-09-03,2238,2323,2238,2323,116468,0.021997360316762027
2018-09-04,2343,2343,2255,2263,140478,-0.02582866982350407
2018-09-05,2280,2293,2160,2198,67795,-0.028722934158197044
2018-09-06,2198,2220,2155,2196,38395,-0.0009099181073702889
2018-09-07,2180,2218,2140,2201,59917,0.0022768670309654127
2018-09-10,2200,2265,2178,2263,52641,0.028169014084507005
2018-09-11,2253,2263,2238,2261,28503,-0.0008837825894829621
2018-09-12,2243,2310,2188,2243,76799,-0.007961079168509522
2018-09-13,2255,2300,2193,2271,83607,0.012483281319661144
2018-09-14,2273,2320,2260,2281,47202,0.004403346543373043
2018-09-17,2278,2278,2123,2123,133159,-0.06926786497150372
2018-09-18,2118,2215,2100,2203,73544,0.037682524729156786
2018-09-19,2215,2243,2173,2198,43523,-0.00226963231956423
2018-09-20,2193,2248,2103,2161,40308,-0.016833484986351177
2018-09-21,2160,2180,2113,2158,50003,-0.0013882461823230274
2018-09-27,2110,2143,2083,2111,57257,-0.021779425393883223
2018-09-28,2078,2133,2070,2086,12843,-0.011842728564661287
2018-10-01,2085,2105,2007,2068,78371,-0.00862895493767979
2018-10-02,2060,2078,1967,2003,93007,-0.03143133462282399
2018-10-04,1987,2048,1957,2003,59775,0.0
2018-10-05,1962,2002,1952,2000,22115,-0.0014977533699450651
2018-10-08,1992,2005,1947,1953,31731,-0.023499999999999965
2018-10-10,1935,1947,1815,1828,79971,-0.06400409626216075
2018-10-11,1604,1790,1604,1652,215460,-0.09628008752735229
2018-10-12,1554,1982,1554,1768,430234,0.07021791767554486
2018-10-15,1767,1807,1717,1755,55068,-0.007352941176470562
2018-10-16,1720,1885,1720,1853,34265,0.05584045584045594
2018-10-17,1862,1887,1847,1888,26552,0.01888828926065833
2018-10-18,1905,1940,1897,1913,12877,0.013241525423728806
2018-10-19,1912,1965,1840,1958,43751,0.023523261892315794
2018-10-22,1957,1982,1920,1943,27898,-0.00766087844739527
2018-10-23,1977,2013,1852,1938,12236,-0.00257334019557387
2018-10-24,1952,1960,1902,1935,16483,-0.001547987616099089
2018-10-25,1915,1915,1732,1790,83745,-0.07493540051679581
2018-10-26,1790,1832,1685,1685,36428,-0.05865921787709494
2018-10-29,1579,1762,1579,1627,72502,-0.03442136498516324
2018-10-30,1467,1642,1467,1622,79286,-0.003073140749846326
2018-10-31,1725,1747,1647,1703,30279,0.04993834771886552
2018-11-01,1752,1782,1652,1700,67351,-0.0017615971814445297
2018-11-02,1727,1800,1717,1768,64594,0.040000000000000036
2018-11-05,1767,1862,1767,1828,28320,0.03393665158371051
2018-11-06,1915,1942,1825,1848,44935,0.010940919037199182
2018-11-07,1922,1930,1807,1845,18700,-0.0016233766233766378
2018-11-08,1847,1917,1847,1868,27535,0.012466124661246525
2018-11-09,1872,1897,1832,1858,15026,-0.005353319057815886
2018-11-12,1855,1945,1855,1925,66327,0.03606027987082894
2018-11-13,1925,1952,1860,1945,22758,0.010389610389610393
2018-11-14,1917,1975,1917,1943,53001,-0.0010282776349614942
2018-11-15,1952,1952,1800,1833,83655,-0.056613484302624806
2018-11-16,1847,1962,1842,1878,78421,0.02454991816693952
2018-11-19,1867,1942,1827,1943,56612,0.034611288604898816
2018-11-20,1935,2058,1907,1995,124756,0.026762738033968114
2018-11-21,1997,2318,1995,2163,928985,0.08421052631578951
2018-11-22,2128,2283,2090,2091,322213,-0.03328710124826628
2018-11-23,2075,2178,2073,2178,118743,0.04160688665710177
2018-11-26,2178,2233,2160,2208,101574,0.01377410468319562
2018-11-27,2253,2253,2078,2191,103396,-0.007699275362318847
2018-11-28,2198,2303,2198,2253,213949,0.028297581013235984
2018-11-29,2263,2280,2165,2196,36767,-0.025299600532623145
2018-11-30,2195,2240,2100,2143,41444,-0.024134790528233196
2018-12-03,2153,2193,2148,2193,17734,0.023331777881474558
2018-12-04,2198,2205,2153,2171,12749,-0.010031919744642015
2018-12-05,2198,2200,2120,2168,9484,-0.0013818516812529325
2018-12-06,2168,2188,2028,2138,17432,-0.013837638376383743
2018-12-07,2143,2228,2123,2163,54097,0.011693171188026152
2018-12-10,2163,2195,2033,2066,41394,-0.04484512251502548
2018-12-11,2090,2125,1902,1918,52907,-0.07163601161665056
2018-12-12,1950,1975,1912,1973,39942,0.02867570385818552
2018-12-13,1975,1995,1930,1943,29861,-0.015205271160669054
2018-12-14,1947,2020,1902,1905,35118,-0.019557385486361323
2018-12-17,1950,1950,1712,1775,93335,-0.06824146981627299
2018-12-18,1780,1825,1712,1820,41081,0.025352112676056304
2018-12-19,1840,1972,1782,1938,34165,0.06483516483516483
2018-12-20,1942,2015,1942,1968,62842,0.015479876160990669
2018-12-21,2000,2018,1950,1963,22716,-0.002540650406504086
2018-12-24,1962,1962,1860,1903,31557,-0.030565461029037233
2018-12-26,1902,1902,1802,1828,41101,-0.03941145559642667
2018-12-27,1860,1887,1807,1850,6357,0.012035010940919078
2018-12-28,1860,1870,1697,1720,150747,-0.07027027027027022
2019-01-02,1720,1775,1697,1748,57868,0.016279069767441756
2019-01-03,1770,1770,1730,1750,12749,0.0011441647597254523
2019-01-04,1752,1760,1682,1705,57822,-0.02571428571428569
2019-01-07,1732,1770,1715,1758,43473,0.031085043988269723
2019-01-08,1795,1795,1687,1745,63681,-0.007394766780432271
2019-01-09,1737,1760,1642,1693,86547,-0.02979942693409743
2019-01-10,1692,1767,1674,1705,53888,0.007088009450679333
2019-01-11,1705,1745,1702,1715,23471,0.0058651026392961825
2019-01-14,1717,1750,1657,1667,65366,-0.02798833819241986
2019-01-15,1669,1722,1664,1700,25841,0.019796040791841607
2019-01-16,1715,1720,1677,1698,18718,-0.0011764705882353343
2019-01-17,1697,1810,1697,1745,48619,0.027679623085983485
2019-01-18,1837,1837,1762,1770,27888,0.014326647564469885
2019-01-21,1812,1830,1765,1803,56625,0.01864406779661021
2019-01-22,1807,1977,1807,1978,235455,0.09706045479755954
2019-01-23,1907,1925,1847,1895,89650,-0.04196157735085948
2019-01-24,1895,1917,1862,1878,53618,-0.008970976253298124
2019-01-25,1877,1925,1877,1913,23016,0.01863684771033003
2019-01-28,1922,1935,1905,1923,17488,0.005227391531625658
2019-01-29,1927,1927,1847,1868,15854,-0.02860114404576186
2019-01-30,1867,1887,1830,1835,26135,-0.017665952890792314
2019-01-31,1822,1870,1790,1825,72783,-0.00544959128065392
2019-02-01,1802,1827,1730,1763,49540,-0.03397260273972602
2019-02-07,1762,1777,1747,1763,21744,0.0
2019-02-08,1720,1787,1720,1775,17989,0.006806579693704018
2019-02-11,1775,1802,1742,1780,37546,0.0028169014084507005
2019-02-12,1780,1825,1765,1790,14480,0.00561797752808979
2019-02-13,1790,1847,1780,1808,47267,0.010055865921787754
2019-02-14,1805,1885,1805,1870,45574,0.034292035398230114
2019-02-15,1947,2115,1870,1870,301053,0.0
2019-02-18,1900,1902,1855,1888,28603,0.009625668449197766
2019-02-19,1887,1920,1877,1878,31563,-0.005296610169491567
2019-02-20,1877,1947,1855,1928,33758,0.026624068157614422
2019-02-21,1945,1947,1882,1938,54053,0.005186721991701226
2019-02-22,1935,1935,1865,1890,36190,-0.024767801857585092
2019-02-25,1890,1890,1820,1820,17803,-0.03703703703703709
2019-02-26,1820,1885,1787,1788,53302,-0.01758241758241763
2019-02-27,1782,1827,1782,1828,16639,0.02237136465324374
2019-02-28,1805,1985,1802,1880,90940,0.02844638949671774
2019-03-04,1880,1935,1880,1890,37612,0.005319148936170137
2019-03-05,1867,1927,1867,1920,44987,0.015873015873015817
2019-03-06,1947,1947,1867,1903,55268,-0.008854166666666718
2019-03-07,1882,1902,1852,1903,32893,0.0
2019-03-08,1860,1925,1860,1918,61840,0.00788229111928529
2019-03-11,1872,1910,1815,1835,82032,-0.043274244004171014
2019-03-12,1822,1852,1777,1818,54916,-0.009264305177111742
2019-03-13,1800,1845,1775,1808,81271,-0.005500550055005493
2019-03-14,1830,1860,1792,1853,88616,0.02488938053097356
2019-03-15,1835,1855,1822,1828,31934,-0.01349163518618457
2019-03-18,1792,1895,1792,1868,28246,0.02188183807439814
2019-03-19,1867,1917,1847,1883,55397,0.008029978586723718
2019-03-20,1927,1927,1845,1858,22309,-0.013276686139139682
2019-03-21,1805,1892,1805,1813,8993,-0.0242195909580194
2019-03-22,1810,1820,1785,1788,11421,-0.013789299503585206
2019-03-25,1820,1820,1757,1758,8633,-0.016778523489932917
2019-03-26,1752,1795,1720,1775,14416,0.009670079635949902
2019-03-27,1735,1822,1727,1788,25951,0.007323943661971866
2019-03-28,1842,1842,1777,1823,23243,0.01957494407158844
2019-03-29,1822,1822,1750,1750,24062,-0.040043883708173356
2019-04-01,1750,1827,1747,1803,17464,0.03028571428571425
2019-04-02,1825,1852,1807,1840,23347,0.020521353300055445
2019-04-03,1822,1890,1822,1885,18634,0.024456521739130377
2019-04-04,2023,2253,1900,1948,802868,0.03342175066313002
2019-04-05,1967,1997,1882,1998,245252,0.02566735112936347
2019-04-08,1982,1982,1882,1883,223558,-0.05755755755755754
2019-04-09,1900,1930,1875,1918,74161,0.018587360594795488
2019-04-10,1907,1915,1882,1913,56929,-0.002606882168926017
2019-04-11,1915,1980,1890,1968,82187,0.028750653423941452
2019-04-12,1967,2023,1935,1993,91374,0.012703252032520318
2019-04-15,1995,1995,1940,1953,30712,-0.02007024586051176
2019-04-16,1952,1962,1922,1950,14009,-0.001536098310291889
2019-04-17,1950,1972,1910,1913,43072,-0.01897435897435895
2019-04-18,1905,1932,1890,1913,14790,0.0
2019-04-19,1912,1942,1912,1918,6892,0.00261369576581294
2019-04-22,1907,1940,1902,1903,34453,-0.00782064650677794
2019-04-23,1902,1947,1860,1915,53179,0.006305832895428187
2019-04-24,1917,1950,1917,1950,86347,0.018276762402088753
2019-04-25,1972,2133,1937,1958,379787,0.004102564102564044
2019-04-26,1957,1995,1892,1983,66680,0.012768130745658857
2019-04-29,1982,2065,1962,2033,85574,0.02521432173474536
2019-04-30,2053,2060,1990,2013,54479,-0.009837678307919373
2019-05-02,1980,2053,1980,2046,61450,0.016393442622950838
2019-05-03,2053,2070,1990,2031,32160,-0.007331378299120228
2019-05-07,2005,2023,1912,2000,37005,-0.015263417035942917
2019-05-08,2000,2002,1940,1955,38073,-0.022499999999999964
2019-05-09,1910,1935,1827,1828,77045,-0.06496163682864453
2019-05-10,1827,1875,1757,1770,59905,-0.03172866520787743
2019-05-13,1760,1780,1725,1733,32961,-0.020903954802259928
2019-05-14,1702,1760,1667,1728,57306,-0.0028851702250433098
2019-05-15,1727,1770,1727,1765,34670,0.02141203703703698
2019-05-16,1767,1792,1727,1745,13186,-0.011331444759206777
2019-05-17,1782,1787,1715,1748,18227,0.0017191977077364307
2019-05-20,1747,1760,1674,1675,25152,-0.04176201372997712
2019-05-21,1674,1755,1662,1698,33155,0.013731343283582165
2019-05-22,1697,1752,1677,1703,36545,0.002944640753828054
2019-05-23,1740,1740,1657,1690,25368,-0.007633587786259555
2019-05-24,1702,1702,1659,1678,12851,-0.007100591715976323
2019-05-27,1612,1685,1612,1680,13911,0.0011918951132301459
2019-05-28,1677,1677,1637,1678,42331,-0.0011904761904761862
2019-05-29,1677,1702,1662,1683,14245,0.0029797377830751426
2019-05-30,1682,1710,1680,1698,6658,0.00891265597147961
2019-05-31,1697,1700,1687,1695,5725,-0.0017667844522968323
2019-06-03,1687,1725,1659,1698,2510,0.001769911504424737
2019-06-04,1687,1742,1687,1713,13390,0.008833922261484162
2019-06-05,1730,1747,1682,1743,24599,0.017513134851138368
2019-06-07,1757,1757,1730,1750,13554,0.004016064257028162
2019-06-10,1747,1762,1740,1763,7269,0.00742857142857134
2019-06-11,1787,1807,1752,1788,35096,0.01418037436188313
2019-06-12,1777,1797,1752,1785,16475,-0.001677852348993314
2019-06-13,1785,1785,1705,1748,53135,-0.020728291316526648
2019-06-14,1742,1747,1682,1683,44018,-0.037185354691075534
2019-06-17,1682,1695,1657,1690,22153,0.004159239453357166
2019-06-18,1690,1745,1652,1710,32226,0.01183431952662728
2019-06-19,1717,1717,1680,1718,20160,0.004678362573099504
2019-06-20,1717,1742,1702,1740,14612,0.012805587892898762
2019-06-21,1725,1765,1725,1753,17172,0.007471264367816088
2019-06-24,1752,1775,1717,1725,45460,-0.01597261836851116
2019-06-25,1722,1725,1677,1713,43585,-0.006956521739130417
2019-06-26,1712,1735,1680,1713,6007,0.0
2019-06-27,1737,1737,1622,1723,33564,0.005837711617046049
2019-06-28,1705,1735,1669,1718,17899,-0.0029019152640742396
2019-07-01,1717,1717,1657,1678,25362,-0.023282887077997638
2019-07-02,1669,1674,1627,1672,27936,-0.0035756853396901045
2019-07-03,1667,1695,1639,1695,41061,0.013755980861243966
2019-07-04,1695,2053,1695,1953,3085217,0.15221238938053094
2019-07-05,1922,1972,1827,1855,415496,-0.05017921146953408
2019-07-08,1857,2063,1802,1808,891182,-0.02533692722371972
2019-07-09,1782,1847,1727,1783,212071,-0.01382743362831862
2019-07-10,1782,1877,1752,1838,118639,0.03084688726864826
2019-07-11,1837,1997,1770,1813,390311,-0.013601741022850944
2019-07-12,1812,1965,1795,1885,140902,0.03971318257032541
2019-07-15,1862,1900,1817,1888,60040,0.0015915119363394403
2019-07-16,1887,2083,1827,2083,610137,0.10328389830508478
2019-07-17,2055,2063,1952,2038,335152,-0.021603456553048517
2019-07-18,2028,2183,1960,1988,633281,-0.024533856722276703
2019-07-19,1965,2025,1952,1973,81081,-0.007545271629778694
2019-07-22,1957,1962,1845,1963,149409,-0.005068423720222981
2019-07-23,1915,1962,1832,1888,147813,-0.03820682628629646
2019-07-24,1885,1932,1875,1880,39415,-0.004237288135593209
2019-07-25,1880,1915,1647,1788,210789,-0.04893617021276597
2019-07-26,1757,1812,1685,1728,78361,-0.03355704697986572
2019-07-29,1742,1742,1577,1577,129467,-0.0873842592592593
2019-07-30,1504,1647,1504,1625,106924,0.030437539632212962
2019-07-31,1624,1647,1577,1647,32601,0.0135384615384615
2019-08-01,1649,1659,1624,1635,26291,-0.007285974499089298
2019-08-02,1584,1602,1544,1565,48348,-0.042813455657492394
2019-08-05,1564,1582,1352,1352,97654,-0.13610223642172525
2019-08-06,1196,1352,1196,1307,118319,-0.03328402366863903
2019-08-07,1256,1352,1256,1350,57231,0.03289977046671777
2019-08-08,1349,1482,1349,1470,40350,0.0888888888888888
2019-08-09,1479,1544,1457,1505,20290,0.023809523809523725
2019-08-12,1504,1504,1472,1502,17432,-0.001993355481727521
2019-08-13,1477,1517,1474,1510,20979,0.005326231691078487
2019-08-14,1537,1564,1492,1492,62231,-0.01192052980132452
2019-08-16,1477,1477,1434,1470,15493,-0.014745308310991967
2019-08-19,1469,1469,1412,1447,19239,-0.0156462585034014
2019-08-20,1447,1472,1434,1472,32134,0.01727712508638568
2019-08-21,1477,1479,1457,1480,25136,0.005434782608695565
2019-08-22,1479,1537,1472,1520,14247,0.027027027027026973
2019-08-23,1522,1522,1462,1502,30758,-0.011842105263157876
2019-08-26,1459,1484,1412,1437,15810,-0.043275632490013316
2019-08-27,1437,1464,1424,1447,25957,0.00695894224077942
2019-08-28,1472,1484,1429,1452,31116,0.003455425017277136
2019-08-29,1452,1482,1432,1470,12164,0.012396694214876103
2019-08-30,1452,1512,1439,1510,26413,0.027210884353741527
2019-09-02,1512,1512,1477,1502,7035,-0.005298013245033095
2019-09-03,1502,1507,1469,1495,9917,-0.0046604527296937315
2019-09-04,1494,1532,1494,1527,14840,0.021404682274247522
2019-09-05,1534,1534,1474,1517,13360,-0.006548788474132317
2019-09-06,1487,1534,1487,1530,15838,0.00856954515491104
2019-09-09,1529,1532,1497,1515,15117,-0.009803921568627416
2019-09-10,1514,1514,1472,1507,16911,-0.005280528052805322
2019-09-11,1507,1544,1504,1535,38473,0.01857996018579966
2019-09-16,1534,1557,1524,1542,10484,0.004560260586319309
2019-09-17,1532,1557,1524,1555,19008,0.008430609597924743
2019-09-18,1557,1599,1539,1585,35841,0.019292604501607746
2019-09-19,1584,1592,1572,1585,8605,0.0
2019-09-20,1584,1619,1552,1597,27547,0.007570977917981114
2019-09-23,1592,1592,1559,1587,18331,-0.0062617407639323774
2019-09-24,1584,1584,1504,1585,16114,-0.001260239445494693
2019-09-25,1584,1584,1527,1552,17686,-0.020820189274447953
2019-09-26,1552,1552,1484,1542,29097,-0.006443298969072142
2019-09-27,1539,1539,1459,1537,21744,-0.003242542153047978
2019-09-30,1534,1534,1482,1525,9586,-0.007807417046193921
2019-10-01,1524,1524,1457,1472,21869,-0.03475409836065568
2019-10-02,1449,1462,1422,1455,26433,-0.01154891304347827
2019-10-04,1424,1444,1422,1442,11119,-0.008934707903780037
2019-10-07,1407,1429,1394,1395,22035,-0.032593619972260734
2019-10-08,1394,1397,1377,1387,12116,-0.005734767025089571
2019-10-10,1384,1394,1367,1392,15603,0.0036049026676279183
2019-10-11,1392,1404,1364,1402,31703,0.007183908045977017
2019-10-14,1402,1502,1402,1467,21869,0.04636233951497859
2019-10-15,1454,1464,1439,1460,8485,-0.0047716428084526585
2019-10-16,1437,1459,1424,1452,23247,-0.005479452054794498
2019-10-17,1452,1474,1414,1450,19709,-0.0013774104683195176
2019-10-18,1447,1667,1402,1522,499880,0.049655172413793025
2019-10-21,1522,1522,1459,1480,40058,-0.02759526938239154
2019-10-22,1479,1482,1434,1452,26299,-0.018918918918918948
2019-10-23,1452,1479,1394,1452,40158,0.0
2019-10-24,1447,1452,1407,1447,20030,-0.003443526170798905
2019-10-25,1447,1467,1417,1462,15251,0.010366275051831408
2019-10-28,1467,1519,1462,1492,66505,0.020519835841313228
2019-10-29,1492,1492,1462,1487,15491,-0.0033512064343163006
2019-10-30,1467,1487,1427,1427,17963,-0.04034969737726968
2019-10-31,1429,1469,1429,1467,24452,0.028030833917308984
2019-11-01,1467,1569,1429,1512,54708,0.030674846625766916
2019-11-04,1497,1539,1497,1520,31088,0.005291005291005346
2019-11-05,1514,1539,1502,1512,16334,-0.0052631578947368585
2019-11-06,1512,1539,1507,1527,55897,0.009920634920634885
2019-11-07,1527,1539,1507,1525,7457,-0.0013097576948264411
2019-11-08,1494,1524,1494,1522,9518,-0.0019672131147541183
2019-11-11,1522,1547,1514,1535,16312,0.00854139290407363
2019-11-12,1527,1534,1509,1532,13286,-0.001954397394136831
2019-11-13,1532,1542,1499,1527,19115,-0.0032637075718016106
2019-11-14,1527,1592,1514,1587,53259,0.03929273084479368
2019-11-15,1587,1587,1542,1557,18213,-0.018903591682419618
2019-11-18,1557,1602,1452,1512,61223,-0.028901734104046284
2019-11-19,1512,1512,1457,1457,47601,-0.036375661375661394
2019-11-20,1469,1502,1449,1455,41520,-0.0013726835964310569
2019-11-21,1454,1482,1387,1415,24869,-0.027491408934707917
2019-11-22,1414,1429,1384,1430,20408,0.010600706713780994
2019-11-25,1429,1477,1429,1462,28050,0.02237762237762242
2019-11-26,1462,1497,1432,1460,34351,-0.001367989056087593
2019-11-27,1459,1459,1404,1437,25843,-0.015753424657534265
2019-11-28,1437,1437,1417,1432,14996,-0.00347947112038971
2019-11-29,1424,1447,1387,1407,22872,-0.017458100558659262
2019-12-02,1407,1407,1377,1395,38139,-0.008528784648187626
2019-12-03,1377,1397,1367,1390,17875,-0.0035842293906810374
2019-12-04,1357,1389,1354,1387,5516,-0.0021582733812949284
2019-12-05,1382,1387,1339,1342,15509,-0.03244412400865182
2019-12-06,1326,1357,1319,1339,31473,-0.0022354694485842153
2019-12-09,1339,1339,1269,1294,79278,-0.0336071695294996
2019-12-10,1294,1294,1279,1289,30982,-0.003863987635239541
2019-12-11,1289,1289,1279,1287,25113,-0.0015515903801396336
2019-12-12,1286,1326,1274,1307,96392,0.015540015540015606
2019-12-13,1316,1342,1301,1319,40452,0.009181331293037553
2019-12-16,1304,1352,1299,1312,46974,-0.005307050796057644
2019-12-17,1331,1362,1284,1329,78113,0.012957317073170715
2019-12-18,1336,1394,1331,1375,26149,0.03461249059443183
2019-12-19,1374,1394,1359,1385,17294,0.0072727272727273196
2019-12-20,1384,1429,1367,1415,36328,0.02166064981949467
2019-12-23,1414,1434,1382,1407,25418,-0.005653710247349841
2019-12-24,1407,1419,1336,1350,34475,-0.04051172707889128
2019-12-26,1349,1377,1334,1367,15135,0.012592592592592489
2019-12-27,1399,1402,1354,1377,14974,0.007315288953913646
2019-12-30,1374,1402,1372,1392,10145,0.01089324618736387
2020-01-02,1389,1402,1377,1395,10694,0.0021551724137931494
2020-01-03,1394,1417,1379,1400,20715,0.0035842293906809264
2020-01-06,1384,1414,1364,1382,37592,-0.0128571428571429
2020-01-07,1382,1417,1364,1377,15409,-0.00361794500723589
2020-01-08,1379,1404,1296,1334,45079,-0.031227305737109634
2020-01-09,1334,1394,1321,1377,42211,0.03223388305847075
2020-01-10,1367,1407,1367,1382,26431,0.0036310820624545492
2020-01-13,1384,1439,1354,1415,117183,0.02387843704775694
2020-01-14,1414,1452,1414,1447,79569,0.022614840989399365
2020-01-15,1447,1637,1447,1502,656780,0.038009675190048275
2020-01-16,1509,1529,1452,1510,79082,0.005326231691078487
2020-01-17,1494,1552,1494,1525,66317,0.009933774834437026
2020-01-20,1524,1557,1499,1527,59050,0.0013114754098360049
2020-01-21,1494,1534,1494,1500,33792,-0.017681728880157177
2020-01-22,1494,1522,1494,1507,20010,0.004666666666666597
2020-01-23,1507,1539,1492,1505,30439,-0.0013271400132713884
2020-01-28,1497,1497,1454,1477,32497,-0.018604651162790753
2020-01-29,1474,1474,1429,1462,36512,-0.010155721056195
2020-01-30,1424,1457,1417,1442,35481,-0.013679890560875485
2020-01-31,1427,1477,1427,1465,46275,0.015950069348127593
2020-02-03,1449,1519,1439,1512,69642,0.03208191126279858
2020-02-04,1507,1539,1487,1522,25532,0.006613756613756516
2020-02-05,1514,1544,1492,1492,43307,-0.019710906701708275
2020-02-06,1492,1519,1484,1517,7395,0.016756032171581836
2020-02-07,1499,1517,1492,1512,22578,-0.003295978905734964
2020-02-10,1509,1509,1492,1502,7994,-0.006613756613756627
2020-02-11,1499,1522,1489,1522,24601,0.013315579227696439
2020-02-12,1482,1522,1482,1517,20933,-0.003285151116951379
2020-02-13,1517,1532,1477,1530,41850,0.00856954515491104
2020-02-14,1509,1529,1509,1527,29656,-0.0019607843137254832
2020-02-17,1507,1547,1502,1522,37442,-0.0032743942370661028
2020-02-18,1507,1559,1489,1542,122228,0.013140604467805517
2020-02-19,1519,1542,1499,1520,67457,-0.014267185473411104
2020-02-20,1509,1577,1492,1540,51389,0.013157894736842035
2020-02-21,1524,1552,1502,1515,60510,-0.016233766233766267
2020-02-24,1417,1502,1414,1467,81776,-0.03168316831683171
2020-02-25,1452,1502,1437,1492,58207,0.017041581458759447
2020-02-26,1477,1492,1452,1480,28889,-0.008042895442359255
2020-02-27,1484,1484,1412,1457,38750,-0.015540540540540548
2020-02-28,1449,1449,1276,1322,367935,-0.09265614275909406
2020-03-02,1321,1326,1269,1327,82800,0.0037821482602118373
2020-03-03,1326,1387,1319,1324,43030,-0.0022607385079125297
2020-03-04,1324,1344,1306,1327,83404,0.0022658610271903967
2020-03-05,1326,1384,1326,1367,41868,0.03014318010550121
2020-03-06,1359,1382,1326,1365,31727,-0.001463057790782707
2020-03-09,1344,1377,1306,1307,58607,-0.04249084249084245
2020-03-10,1306,1306,1269,1287,40288,-0.015302218821729108
2020-03-11,1284,1316,1264,1297,27994,0.007770007770007803
2020-03-12,1251,1296,1184,1187,44214,-0.0848111025443331
2020-03-13,1101,1101,938,1037,90455,-0.1263689974726201
2020-03-16,1034,1066,951,1014,64711,-0.022179363548698205
2020-03-17,851,981,851,956,131526,-0.05719921104536485
2020-03-18,933,963,906,929,87879,-0.028242677824267814
2020-03-19,936,936,660,714,159919,-0.2314316469321851
2020-03-20,650,748,650,726,130098,0.01680672268907557
2020-03-23,653,660,585,588,110455,-0.1900826446280992
2020-03-24,600,643,593,618,103424,0.05102040816326525
2020-03-25,660,726,650,716,174466,0.15857605177993528
2020-03-26,741,813,728,751,90377,0.0488826815642458
2020-03-27,776,876,756,774,180680,0.030625832223701632
2020-03-30,733,926,733,894,136197,0.15503875968992253
2020-03-31,923,976,891,934,80797,0.044742729306487705
2020-04-01,948,991,901,961,91973,0.028907922912205564
2020-04-02,933,968,906,931,47990,-0.031217481789802326
2020-04-03,913,976,913,939,18590,0.00859291084854985
2020-04-06,938,991,921,974,86489,0.03727369542066028
2020-04-07,976,993,928,979,170531,0.005133470225872738
2020-04-08,978,991,958,981,59933,0.0020429009193054792
2020-04-09,991,1191,991,1037,427558,0.05708460754332312
2020-04-10,1046,1129,1026,1062,218558,0.024108003857280513
2020-04-13,1086,1131,1066,1094,96015,0.030131826741996326
2020-04-14,1074,1099,1046,1082,121708,-0.010968921389396757
2020-04-16,1041,1101,1041,1084,69209,0.001848428835489857
2020-04-17,1071,1114,1059,1109,50862,0.02306273062730635
2020-04-20,1111,1166,1096,1157,97706,0.04328223624887295
2020-04-21,1156,1159,1106,1117,70808,-0.03457216940363006
2020-04-22,1106,1136,1069,1134,48254,0.015219337511190645
2020-04-23,1134,1156,1111,1149,15896,0.013227513227513255
2020-04-24,1149,1149,1116,1139,28376,-0.00870322019147085
2020-04-27,1139,1169,1101,1147,60895,0.0070237050043897575
2020-04-28,1131,1146,1104,1132,34826,-0.013077593722754965
2020-04-29,1131,1149,1111,1112,40152,-0.017667844522968212
2020-05-04,1101,1121,1039,1077,117672,-0.03147482014388492
2020-05-06,1076,1134,1076,1132,76891,0.05106778087279484
2020-05-07,1149,1179,1134,1177,67653,0.039752650176678506
2020-05-08,1186,1279,1186,1247,207584,0.05947323704333041
2020-05-11,1256,1579,1256,1507,1411499,0.20850040096230948
2020-05-12,1577,1722,1437,1585,2246407,0.0517584605175847
2020-05-13,1564,1584,1472,1552,275505,-0.020820189274447953
2020-05-14,1559,1559,1504,1545,152049,-0.0045103092783504994
2020-05-15,1534,1639,1474,1622,428960,0.049838187702265335
2020-05-18,1619,1695,1619,1627,208940,0.0030826140567201676
2020-05-19,1624,1687,1602,1642,148456,0.009219422249538978
2020-05-20,1667,1677,1587,1622,215598,-0.01218026796589522
2020-05-21,1639,1642,1519,1580,181980,-0.025893958076448786
2020-05-22,1577,1587,1464,1567,86834,-0.008227848101265867
2020-05-25,1564,1717,1564,1718,436265,0.09636247606892145
2020-05-26,1669,1797,1632,1775,226488,0.03317811408614668
2020-05-27,1775,1800,1742,1785,115214,0.005633802816901401
2020-05-28,1790,2018,1790,1998,799778,0.119327731092437
2020-05-29,1995,1995,1822,1888,368332,-0.055055055055055035
2020-06-01,1887,1965,1862,1888,205369,0.0
2020-06-02,1917,1995,1900,1948,146803,0.03177966101694918
2020-06-03,1940,1970,1845,1970,78335,0.011293634496919891
2020-06-04,1932,1977,1907,1968,52100,-0.0010152284263958977
2020-06-05,1967,2000,1912,1958,72989,-0.005081300813008172
2020-06-08,1957,1957,1822,1898,120650,-0.03064351378958119
2020-06-09,1892,1897,1742,1850,71619,-0.025289778714436273
2020-06-10,1840,1850,1737,1768,189491,-0.044324324324324316
2020-06-11,1752,1887,1747,1753,372384,-0.008484162895927572
2020-06-12,1732,1732,1642,1672,157339,-0.04620650313747865
2020-06-15,1682,1717,1549,1562,163081,-0.06578947368421051
2020-06-16,1562,1612,1542,1575,77189,0.008322663252240625
2020-06-17,1574,1592,1507,1575,61981,0.0
2020-06-18,1554,1629,1509,1590,53406,0.00952380952380949
2020-06-19,1604,1677,1572,1672,56843,0.051572327044025146
2020-06-22,1672,1695,1602,1642,33358,-0.01794258373205737
2020-06-23,1604,1652,1604,1617,36581,-0.015225334957369108
2020-06-24,1617,1652,1519,1530,84073,-0.05380333951762528
2020-06-25,1529,1639,1479,1542,105025,0.007843137254901933
2020-06-26,1542,1559,1497,1507,31813,-0.022697795071335958
2020-06-29,1484,1507,1437,1465,27345,-0.02786994027869938
2020-06-30,1464,1492,1452,1467,17458,0.0013651877133105117
2020-07-01,1492,1492,1469,1477,8134,0.0068166325835037345
2020-07-02,1479,1557,1477,1547,107438,0.04739336492891
2020-07-03,1557,1564,1539,1552,23469,0.003232062055591456
2020-07-06,1552,1562,1517,1527,43120,-0.016108247422680466
2020-07-07,1539,1692,1517,1693,173024,0.10870988867059594
2020-07-08,1722,1942,1700,1850,813500,0.09273479031305376
2020-07-09,1827,2007,1822,1850,440145,0.0
2020-07-10,1850,1997,1850,1968,344775,0.0637837837837838
2020-07-13,2048,2048,1835,1863,312426,-0.05335365853658536
2020-07-14,1862,1905,1815,1905,72460,0.02254428341384873
2020-07-15,1890,1955,1857,1910,113780,0.002624671916010568
2020-07-16,1910,1920,1860,1915,43166,0.002617801047120505
2020-07-17,1915,1915,1857,1893,40012,-0.011488250652741505
2020-07-20,1892,1895,1805,1843,70926,-0.026413100898045383
2020-07-21,1842,1842,1742,1795,87871,-0.02604449267498643
2020-07-22,1797,1807,1642,1675,235029,-0.06685236768802227
2020-07-23,1674,1685,1484,1505,592380,-0.10149253731343288
2020-07-24,1547,1547,1492,1507,123981,0.0013289036544850141
2020-07-27,1552,1564,1507,1552,80941,0.029860650298606517
2020-07-28,1574,1682,1549,1552,267007,0.0
2020-07-29,1542,1584,1502,1585,62175,0.02126288659793807
2020-07-30,1589,1639,1552,1630,50149,0.028391167192429068
2020-07-31,1629,1634,1557,1575,51523,-0.033742331288343586
2020-08-03,1577,1592,1527,1582,16883,0.004444444444444473
2020-08-04,1582,1587,1552,1560,26305,-0.013906447534766109
2020-08-05,1552,1577,1532,1535,45872,-0.01602564102564108
2020-08-06,1549,1549,1477,1495,140033,-0.026058631921824116
2020-08-07,1537,1592,1457,1552,89494,0.038127090301003363
2020-08-10,1552,1599,1544,1570,67885,0.011597938144329856
2020-08-11,1569,1592,1509,1542,53087,-0.017834394904458595
2020-08-12,1542,1557,1437,1467,204870,-0.048638132295719894
2020-08-13,1467,1524,1439,1502,56889,0.02385821404226318
2020-08-14,1494,1527,1482,1527,18546,0.01664447403462055
2020-08-18,1502,1504,1357,1372,105131,-0.10150622134905041
2020-08-19,1364,1442,1331,1442,61678,0.05102040816326525
2020-08-20,1442,1442,1339,1357,22359,-0.05894590846047154
2020-08-21,1357,1577,1334,1352,176025,-0.00368459837877666
2020-08-24,1352,1392,1329,1345,32575,-0.005177514792899407
2020-08-25,1344,1352,1291,1345,143706,0.0
2020-08-26,1352,1382,1326,1332,68584,-0.009665427509293667
2020-08-27,1342,1374,1319,1347,43795,0.011261261261261257
2020-08-28,1347,1469,1321,1452,152946,0.07795100222717144
2020-08-31,1439,1524,1437,1492,110204,0.02754820936639124
2020-09-01,1492,1492,1424,1462,31561,-0.020107238605898137
2020-09-02,1457,1462,1412,1420,52024,-0.028727770177838563
2020-09-03,1419,1507,1419,1507,86084,0.061267605633802846
2020-09-04,1457,1479,1429,1477,42818,-0.01990710019907105
2020-09-07,1497,1497,1394,1422,109560,-0.037237643872715
2020-09-08,1409,1439,1372,1375,110215,-0.03305203938115331
2020-09-09,1372,1409,1367,1402,47631,0.019636363636363674
2020-09-10,1397,1424,1379,1417,46099,0.010699001426533572
2020-09-11,1417,1512,1417,1487,89113,0.0494001411432603
2020-09-14,1472,1502,1447,1495,40496,0.005379959650302579
2020-09-15,1494,1554,1492,1552,222578,0.038127090301003363
2020-09-16,1549,1589,1529,1550,95076,-0.0012886597938144284
2020-09-17,1544,1577,1489,1545,29065,-0.003225806451612856
2020-09-18,1529,1532,1472,1487,49558,-0.037540453074433655
2020-09-21,1487,1512,1424,1467,69346,-0.01344989912575656
2020-09-22,1442,1464,1392,1427,97992,-0.02726653033401505
2020-09-23,1419,1474,1369,1425,118553,-0.0014015416958654825
2020-09-24,1417,1417,1316,1352,62595,-0.05122807017543862
2020-09-25,1349,1409,1349,1407,36426,0.04068047337278102
2020-09-28,1409,1502,1407,1477,68849,0.04975124378109452
2020-09-29,1477,1497,1402,1472,50543,-0.003385240352065
2020-10-05,1462,1472,1432,1465,16739,-0.004755434782608647
2020-10-06,1464,1472,1449,1462,15890,-0.0020477815699658786
2020-10-07,1462,1474,1422,1475,45842,0.008891928864569021
2020-10-08,1477,1509,1454,1455,45784,-0.013559322033898313
2020-10-12,1472,1477,1367,1387,168087,-0.04673539518900338
2020-10-13,1387,1467,1387,1440,281678,0.03821196827685647
2020-10-14,1472,1522,1447,1500,298377,0.04166666666666674
2020-10-15,1494,1642,1494,1520,753188,0.01333333333333342
2020-10-16,1517,1517,1422,1442,205114,-0.051315789473684204
2020-10-19,1442,1462,1427,1445,66033,0.0020804438280166426
2020-10-20,1444,1444,1372,1395,191626,-0.03460207612456745
2020-10-21,1394,1419,1377,1400,46465,0.0035842293906809264
2020-10-22,1404,1404,1349,1350,128534,-0.0357142857142857
2020-10-23,1349,1464,1316,1442,80504,0.06814814814814807
2020-10-26,1424,1467,1367,1417,83380,-0.01733703190013869
2020-10-27,1412,1457,1344,1452,85153,0.02470007057163026
2020-10-28,1427,1462,1384,1425,56993,-0.018595041322314043
2020-10-29,1412,1412,1304,1397,166601,-0.019649122807017583
2020-10-30,1397,1397,1324,1327,85710,-0.05010737294201861
2020-11-02,1329,1329,1269,1294,111056,-0.024868123587038382
2020-11-03,1299,1347,1281,1294,70515,0.0
2020-11-04,1367,1367,1286,1307,108728,0.01004636785162294
2020-11-05,1329,1329,1291,1304,88280,-0.002295332823259333
2020-11-06,1316,1321,1286,1292,68460,-0.009202453987730008
2020-11-09,1301,1324,1276,1319,55254,0.02089783281733748
2020-11-10,1319,1319,1289,1309,29366,-0.007581501137225222
2020-11-11,1296,1364,1281,1312,177721,0.0022918258212376585
2020-11-12,1352,1354,1311,1339,42682,0.020579268292682862
2020-11-13,1339,1339,1304,1319,22908,-0.014936519790888725
2020-11-16,1316,1319,1281,1302,102263,-0.012888551933282755
2020-11-17,1301,1301,1214,1244,142479,-0.044546850998463894
2020-11-18,1244,1274,1214,1239,137519,-0.004019292604501623
2020-11-19,1244,1264,1236,1242,54672,0.002421307506053294
2020-11-20,1254,1299,1239,1287,87523,0.03623188405797095
2020-11-23,1286,1299,1254,1254,89728,-0.02564102564102566
2020-11-24,1254,1294,1241,1294,93355,0.03189792663476876
2020-11-25,1294,1319,1274,1294,69067,0.0
2020-11-26,1281,1294,1264,1264,20016,-0.023183925811437356
2020-11-27,1264,1276,1201,1209,219109,-0.04351265822784811
2020-11-30,1209,1211,1146,1147,159310,-0.05128205128205132
2020-12-01,1151,1176,1134,1137,98157,-0.008718395815169977
2020-12-02,1139,1477,1116,1477,5970333,0.2990325417766051
2020-12-03,1517,1574,1404,1442,2590202,-0.023696682464455
2020-12-04,1472,1472,1372,1402,554171,-0.0277392510402219
2020-12-07,1409,1429,1367,1400,368778,-0.0014265335235378318
2020-12-08,1407,1439,1331,1395,549456,-0.0035714285714285587
2020-12-09,1394,1404,1339,1352,260413,-0.03082437275985661
2020-12-10,1362,1364,1326,1334,147047,-0.013313609467455634
2020-12-11,1336,1407,1316,1392,372165,0.04347826086956519
2020-12-14,1389,1392,1334,1355,281700,-0.026580459770114917
2020-12-15,1354,1354,1286,1292,236916,-0.04649446494464948
2020-12-16,1291,1334,1291,1314,130254,0.017027863777089758
2020-12-17,1309,1329,1284,1284,128700,-0.022831050228310557
2020-12-18,1286,1296,1254,1292,84610,0.006230529595015577
2020-12-21,1291,1316,1256,1272,173229,-0.015479876160990669
2020-12-22,1334,1334,1221,1234,146591,-0.029874213836478036
2020-12-23,1231,1264,1206,1222,101359,-0.00972447325769854
2020-12-24,1231,1251,1206,1219,59094,-0.002454991816693952
2020-12-28,1221,1352,1221,1309,722260,0.07383100902378992
2020-12-29,1306,1326,1284,1284,118230,-0.01909854851031323
2020-12-30,1286,1316,1266,1284,102731,0.0
2021-01-04,1284,1296,1249,1257,137812,-0.0210280373831776
2021-01-05,1256,1269,1209,1237,187878,-0.015910898965791564
2021-01-06,1236,1331,1234,1279,200315,0.03395311236863385
2021-01-07,1279,1407,1276,1362,1235638,0.06489444878811579
2021-01-08,1372,1402,1339,1382,426619,0.014684287812041008
2021-01-11,1424,1424,1279,1357,849632,-0.01808972503617945
2021-01-12,1321,1339,1211,1227,534524,-0.0957995578481945
2021-01-13,1224,1249,1151,1227,302566,0.0
2021-01-14,1226,1301,1226,1277,143602,0.04074979625101882
2021-01-15,1289,1301,1204,1247,156057,-0.023492560689115094
2021-01-18,1236,1244,1196,1229,123132,-0.014434643143544479
2021-01-19,1209,1281,1194,1237,131106,0.006509357200976451
2021-01-20,1236,1281,1236,1252,151640,0.01212611156022625
2021-01-21,1256,1276,1246,1259,91056,0.005591054313099031
2021-01-22,1259,1266,1249,1252,78227,-0.005559968228752932
2021-01-25,1254,1271,1239,1259,84959,0.005591054313099031
2021-01-26,1259,1271,1216,1222,140331,-0.02938840349483718
2021-01-27,1221,1226,1189,1194,104386,-0.022913256955810146
2021-01-28,1161,1184,1094,1152,191366,-0.035175879396984966
2021-01-29,1144,1166,1106,1107,131953,-0.0390625
2021-02-01,1106,1149,1104,1137,48747,0.027100271002709952
2021-02-02,1136,1169,1121,1147,71142,0.008795074758135346
2021-02-03,1159,1169,1134,1137,109698,-0.008718395815169977
2021-02-04,1141,1149,1126,1132,140321,-0.004397537379067673
2021-02-05,1131,1136,1119,1127,67641,-0.004416961130742081
2021-02-08,1134,1146,1116,1122,38702,-0.004436557231588312
2021-02-09,1109,1109,801,826,2940707,-0.2638146167557932
2021-02-10,821,843,773,841,764683,0.018159806295399594
2021-02-15,846,878,841,869,369616,0.03329369797859694
2021-02-16,873,901,871,889,173573,0.023014959723820505
2021-02-17,888,928,883,929,247776,0.044994375703037104
2021-02-18,941,946,923,936,189301,0.00753498385360607
2021-02-19,936,936,883,896,112688,-0.042735042735042694
2021-02-22,898,921,886,886,209909,-0.011160714285714302
2021-02-23,886,1064,856,919,800579,0.03724604966139955
2021-02-24,918,961,918,926,213977,0.007616974972796564
2021-02-25,936,1201,936,1017,4579453,0.09827213822894176
2021-02-26,1006,1014,941,964,485789,-0.05211406096361848
2021-03-02,966,1226,966,1084,5769982,0.12448132780082988
2021-03-03,1099,1121,1041,1057,641447,-0.024907749077490826
2021-03-04,1054,1091,1016,1044,344458,-0.012298959318826852
2021-03-05,1044,1044,993,1007,177781,-0.03544061302681989
2021-03-08,1003,1014,951,959,371947,-0.04766633565044687
2021-03-09,948,986,911,966,142238,0.007299270072992803
2021-03-10,961,996,953,996,88404,0.03105590062111796
2021-03-11,993,1014,971,1001,95298,0.005020080321285203
2021-03-12,1001,1021,1001,1017,63697,0.015984015984015887
2021-03-15,1019,1021,991,1007,111526,-0.009832841691248762
2021-03-16,1006,1049,961,1047,305959,0.03972194637537241
2021-03-17,1046,1134,1044,1094,481761,0.04489016236867238
2021-03-18,1089,1131,1026,1077,221965,-0.015539305301645379
2021-03-19,1054,1111,1014,1032,222702,-0.04178272980501396
2021-03-22,1031,1191,1029,1127,634066,0.09205426356589141
2021-03-23,1126,1126,1036,1059,229617,-0.06033717834960073
2021-03-24,1026,1059,1026,1029,80208,-0.028328611898016942
2021-03-25,1029,1036,1001,1027,77900,-0.0019436345966957758
2021-03-26,1026,1126,1026,1084,291822,0.05550146056475169
2021-03-29,1096,1129,1071,1084,132732,0.0
2021-03-30,1101,1101,1064,1082,65179,-0.0018450184501844769
2021-03-31,1081,1164,1076,1127,152586,0.04158964879852123
2021-04-01,1139,1139,1104,1127,47958,0.0
2021-04-02,1116,1126,1071,1107,117846,-0.017746228926353136
2021-04-05,1086,1119,1064,1089,72771,-0.016260162601625994
2021-04-06,1086,1104,1026,1057,96192,-0.029384756657483968
2021-04-07,1056,1109,1046,1089,107448,0.030274361400189242
2021-04-08,1101,1146,1079,1079,158499,-0.009182736455463747
2021-04-09,1084,1397,1084,1302,4530804,0.20667284522706209
2021-04-12,1467,1472,1291,1342,1346003,0.030721966205837115
2021-04-13,1331,1331,1226,1232,711618,-0.08196721311475408
2021-04-14,1231,1286,1211,1282,341335,0.0405844155844155
2021-04-15,1281,1316,1254,1309,195918,0.021060842433697324
2021-04-16,1309,1357,1281,1287,171063,-0.01680672268907568
2021-04-19,1291,1301,1226,1244,269120,-0.033411033411033464
2021-04-20,1244,1261,1226,1252,49364,0.006430868167202508
2021-04-21,1251,1269,1226,1249,53616,-0.0023961661341852514
2021-04-22,1266,1271,1241,1254,71617,0.004003202562049557
2021-04-23,1254,1402,1254,1307,761030,0.04226475279106867
2021-04-26,1319,1632,1306,1500,3580756,0.1476664116296864
2021-04-27,1527,1572,1492,1512,528056,0.008000000000000007
2021-04-28,1504,1592,1494,1540,290830,0.0185185185185186
2021-04-29,1559,1562,1442,1442,316476,-0.0636363636363636
2021-04-30,1442,1452,1377,1417,198711,-0.01733703190013869
2021-05-03,1354,1427,1354,1397,62988,-0.014114326040931546
2021-05-04,1374,1402,1321,1377,118174,-0.01431639226914816
2021-05-06,1377,1402,1334,1337,101349,-0.029048656499636838
2021-05-07,1336,1387,1336,1347,48294,0.007479431563201189
2021-05-10,1347,1392,1336,1380,108368,0.024498886414253906
2021-05-11,1392,1392,1306,1360,184844,-0.01449275362318836
2021-05-12,1369,1384,1309,1347,191740,-0.00955882352941173
2021-05-13,1347,1372,1291,1322,129219,-0.018559762435040872
2021-05-14,1324,1602,1324,1417,951332,0.07186081694402424
2021-05-17,1477,1529,1427,1457,312891,0.028228652081863093
2021-05-18,1452,1472,1427,1452,105481,-0.0034317089910775866
2021-05-20,1452,1459,1402,1452,168526,0.0
2021-05-21,1454,1539,1449,1477,364907,0.017217630853994415
2021-05-24,1474,1482,1417,1460,102795,-0.011509817197021044
2021-05-25,1454,1514,1442,1502,109912,0.02876712328767117
2021-05-26,1512,1514,1469,1502,67377,0.0
2021-05-27,1512,1522,1479,1507,95230,0.0033288948069241098
2021-05-28,1522,1522,1479,1512,113866,0.0033178500331785266
2021-05-31,1512,1592,1499,1545,128320,0.021825396825396748
2021-06-01,1537,1797,1537,1735,1188426,0.12297734627831725
2021-06-02,1735,1775,1659,1688,322750,-0.02708933717579254
2021-06-03,1710,1737,1680,1688,99957,0.0
2021-06-04,1687,1785,1632,1748,228299,0.035545023696682554
2021-06-07,1777,1777,1700,1715,116542,-0.018878718535469075
2021-06-08,1700,1722,1602,1642,166809,-0.042565597667638455
2021-06-09,1634,1677,1592,1630,85151,-0.0073081607795371095
2021-06-10,1622,1649,1619,1632,44340,0.0012269938650306678
2021-06-11,1617,1647,1579,1622,107771,-0.006127450980392135
2021-06-14,1627,1680,1619,1655,59210,0.020345252774352618
2021-06-15,1669,1682,1639,1665,63847,0.0060422960725075026
2021-06-16,1674,1674,1602,1617,71743,-0.028828828828828867
2021-06-17,1632,1637,1599,1617,55849,0.0
2021-06-18,1617,1677,1612,1652,44831,0.02164502164502169
2021-06-21,1652,1657,1602,1625,39647,-0.016343825665859568
2021-06-22,1634,1634,1537,1602,129549,-0.014153846153846183
2021-06-23,1612,1622,1544,1552,52542,-0.031210986267166008
2021-06-24,1552,1559,1479,1527,64084,-0.016108247422680466
2021-06-25,1527,1572,1527,1572,15830,0.02946954813359537
2021-06-28,1572,1642,1547,1590,77876,0.011450381679389388
2021-06-29,1602,1602,1552,1582,30488,-0.005031446540880502
2021-06-30,1592,1602,1572,1577,21678,-0.003160556257901348
2021-07-01,1584,1632,1572,1600,36180,0.014584654407101993
2021-07-02,1597,1612,1547,1567,66545,-0.020625000000000004
2021-07-05,1567,1577,1529,1547,55375,-0.012763241863433361
2021-07-06,1547,1547,1507,1532,20422,-0.009696186166774368
2021-07-07,1532,1537,1482,1482,84428,-0.03263707571801566
2021-07-08,1487,1522,1482,1485,67865,0.002024291497975783
2021-07-09,1502,1502,1457,1457,58930,-0.018855218855218903
2021-07-12,1459,1492,1459,1477,12431,0.013726835964310125
2021-07-13,1467,1519,1467,1500,37169,0.015572105619499066
2021-07-14,1497,1517,1489,1490,41624,-0.00666666666666671
2021-07-15,1489,1529,1484,1517,25528,0.018120805369127524
2021-07-16,1517,1527,1494,1500,35599,-0.011206328279498967
2021-07-19,1499,1537,1494,1507,35349,0.004666666666666597
2021-07-20,1487,1527,1487,1510,33230,0.001990710019907027
2021-07-21,1534,1534,1487,1532,46009,0.014569536423840956
2021-07-22,1532,1602,1514,1560,98725,0.018276762402088753
2021-07-23,1569,1569,1529,1552,16018,-0.00512820512820511
2021-07-26,1554,1554,1507,1532,23930,-0.012886597938144284
2021-07-27,1532,1547,1509,1527,14540,-0.0032637075718016106
2021-07-28,1527,1642,1524,1587,99953,0.03929273084479368
2021-07-29,1589,1602,1552,1580,29911,-0.004410838059231259
2021-07-30,1579,1589,1552,1557,29939,-0.014556962025316422
2021-08-02,1557,1579,1534,1550,20743,-0.004495825305073864
2021-08-03,1532,1577,1532,1552,31669,0.001290322580645098
2021-08-04,1564,1567,1542,1557,17738,0.003221649484536071
2021-08-05,1557,1584,1554,1577,68530,0.012845215157353929
2021-08-06,1577,1579,1564,1572,32014,-0.003170577045022216
2021-08-09,1582,1715,1572,1620,308649,0.03053435114503822
2021-08-10,1619,1627,1584,1622,29111,0.0012345679012346622
2021-08-11,1622,1682,1609,1645,63030,0.014180024660912505
2021-08-12,1644,1644,1572,1572,70834,-0.04437689969604863
2021-08-13,1567,1607,1482,1512,151821,-0.03816793893129766
2021-08-17,1519,1549,1499,1515,177082,0.001984126984126977
2021-08-18,1504,1522,1467,1487,134038,-0.01848184818481846
2021-08-19,1487,1532,1472,1502,88009,0.01008742434431742
2021-08-20,1524,1524,1467,1487,142597,-0.00998668442077233
2021-08-23,1497,1534,1457,1507,36565,0.01344989912575656
2021-08-24,1512,1534,1507,1532,35172,0.01658925016589241
2021-08-25,1534,1577,1534,1552,39920,0.01305483028720622
2021-08-26,1554,1579,1537,1537,29949,-0.009664948453608213
2021-08-27,1537,1622,1537,1582,72847,0.029277813923227036
2021-08-30,1584,1622,1537,1565,144878,-0.01074589127686476
2021-08-31,1567,1619,1564,1617,108658,0.03322683706070295
2021-09-01,1617,1712,1617,1700,177315,0.05132962275819408
2021-09-02,1697,1792,1685,1768,220243,0.040000000000000036
2021-09-03,1775,1785,1740,1778,49203,0.005656108597285048
2021-09-06,1797,1810,1727,1728,83791,-0.028121484814398245
2021-09-07,1725,1730,1649,1657,78649,-0.04108796296296291
2021-09-08,1657,1672,1642,1660,13272,0.0018105009052504784
2021-09-09,1644,1664,1602,1632,44837,-0.016867469879518038
2021-09-10,1632,1664,1594,1665,45792,0.020220588235294157
2021-09-13,1647,1664,1602,1607,27227,-0.03483483483483485
2021-09-14,1594,1642,1592,1627,30664,0.012445550715619147
2021-09-15,1609,1634,1574,1635,35299,0.0049170251997541214
2021-09-16,1647,1649,1594,1595,33746,-0.024464831804281384
2021-09-17,1597,1617,1589,1615,24016,0.012539184952978122
2021-09-23,1607,1607,1539,1540,36541,-0.04643962848297212
2021-09-24,1532,1572,1529,1552,24376,0.007792207792207684
2021-09-27,1549,1549,1467,1485,122715,-0.04317010309278346
2021-09-28,1499,1579,1472,1507,53063,0.014814814814814836
2021-09-29,1477,1504,1464,1505,19864,-0.0013271400132713884
2021-09-30,1474,1519,1469,1520,13450,0.009966777408637828
2021-10-01,1472,1522,1432,1522,91525,0.001315789473684159
2021-10-05,1464,1524,1459,1482,41023,-0.026281208935611033
2021-10-06,1487,1507,1412,1417,48134,-0.04385964912280704
2021-10-07,1417,1442,1387,1442,49237,0.017642907551164377
2021-10-08,1447,1457,1417,1457,10916,0.010402219140083213
2021-10-12,1462,1472,1447,1467,17338,0.006863417982155173
2021-10-13,1467,1472,1449,1472,7804,0.0034083162917519783
2021-10-14,1474,1532,1467,1520,26127,0.032608695652173836
2021-10-15,1519,1542,1504,1517,16595,-0.0019736842105263497
2021-10-18,1527,1534,1502,1532,37758,0.009887936717205115
2021-10-19,1542,1574,1517,1522,58682,-0.00652741514360311
2021-10-20,1534,1534,1512,1535,7219,0.00854139290407363
2021-10-21,1534,1559,1499,1560,23946,0.016286644951140072
2021-10-22,1567,1617,1567,1617,112129,0.03653846153846163
2021-10-25,1619,2100,1584,2101,1080621,0.2993197278911566
2021-10-26,2208,2300,1912,1938,2631664,-0.07758210376011421
2021-10-27,1992,1992,1827,1880,471045,-0.029927760577915352
2021-10-28,1862,1972,1852,1973,437533,0.0494680851063829
2021-10-29,2030,2268,1937,2003,1314518,0.015205271160668943
2021-11-01,1992,2020,1927,1975,329326,-0.013979031452820756
2021-11-02,1977,2080,1975,2076,375336,0.05113924050632912
2021-11-03,2125,2638,2028,2298,1870928,0.10693641618497107
2021-11-04,2353,2461,2298,2394,717980,0.04177545691906004
2021-11-05,2393,2799,2393,2724,2088615,0.1378446115288221
2021-11-08,2724,2724,2528,2694,620065,-0.011013215859030812
2021-11-09,2714,2984,2684,2859,1367038,0.061247216035634766
2021-11-10,2829,3470,2704,3355,3130799,0.17348723329835614
2021-11-11,4250,4360,3830,4360,2343312,0.29955290611028307
2021-11-12,4940,5660,3445,4290,11059899,-0.016055045871559592
2021-11-15,4015,4230,3605,3625,2262732,-0.15501165501165504
2021-11-16,3700,3725,3355,3370,1138720,-0.07034482758620686
2021-11-17,3430,3440,2995,3115,1058445,-0.07566765578635015
2021-11-18,3070,3115,2765,2850,845072,-0.0850722311396469
2021-11-19,2830,3035,2755,2835,829159,-0.0052631578947368585
2021-11-22,2835,2855,2605,2625,404226,-0.07407407407407407
2021-11-23,2615,2820,2575,2645,326209,0.007619047619047636
2021-11-24,2685,2685,2455,2500,267385,-0.05482041587901698
2021-11-25,2520,2530,2370,2390,273904,-0.04400000000000004
2021-11-26,2400,2815,2260,2285,2141767,-0.043933054393305415
2021-11-29,2110,2450,2040,2280,876290,-0.002188183807439792
2021-11-30,2325,2365,2110,2140,395789,-0.06140350877192979
2021-12-01,2000,2170,1850,2140,1136124,0.0
2021-12-02,2135,2340,2050,2205,883653,0.030373831775700966
2021-12-03,2190,2500,2135,2365,1217620,0.07256235827664392
2021-12-06,2350,2485,2260,2265,627199,-0.04228329809725162
2021-12-07,2265,2320,2185,2255,306099,-0.004415011037527616
2021-12-08,2305,2435,2265,2345,451540,0.039911308203991025
2021-12-09,2360,2375,2260,2290,285977,-0.023454157782516027
2021-12-10,2300,2300,2200,2220,265960,-0.03056768558951961
2021-12-13,2220,2325,2220,2275,173385,0.024774774774774855
2021-12-14,2230,2280,2200,2240,216500,-0.01538461538461533
2021-12-15,2205,2310,2200,2230,235665,-0.004464285714285698
2021-12-16,2230,2365,2225,2325,332718,0.04260089686098656
2021-12-17,2325,2470,2300,2460,377101,0.058064516129032295
2021-12-20,2460,2870,2415,2605,2280071,0.05894308943089421
2021-12-21,2605,2645,2370,2400,795391,-0.07869481765834929
2021-12-22,2385,2435,2320,2375,303284,-0.01041666666666663
2021-12-23,2345,2460,2345,2385,291784,0.004210526315789442
2021-12-24,2380,2500,2365,2485,258006,0.04192872117400426
2021-12-27,2520,2520,2420,2430,229748,-0.02213279678068414
2021-12-28,2410,2605,2400,2400,308547,-0.012345679012345734
2021-12-29,2365,2525,2365,2490,152586,0.03750000000000009
2021-12-30,2460,2540,2430,2535,143455,0.01807228915662651
2022-01-03,2530,2635,2495,2620,157690,0.0335305719921104
2022-01-04,2620,2670,2545,2570,153161,-0.01908396946564883
2022-01-05,2555,2595,2450,2485,223402,-0.03307392996108949
2022-01-06,2460,2500,2395,2400,103127,-0.03420523138832998
2022-01-07,2420,2620,2420,2510,361021,0.04583333333333339
2022-01-10,2530,2555,2420,2455,137989,-0.021912350597609542
2022-01-11,2455,2475,2300,2335,207731,-0.048879837067209775
2022-01-12,2320,2435,2290,2430,103541,0.04068522483940051
2022-01-13,2430,2455,2300,2365,114433,-0.026748971193415683
2022-01-14,2355,2370,2275,2300,126360,-0.02748414376321351
2022-01-17,2300,2355,2155,2240,142281,-0.02608695652173909
2022-01-18,2225,2320,2175,2240,126643,0.0
2022-01-19,2275,2335,2175,2215,102788,-0.011160714285714302
2022-01-20,2230,2320,2195,2275,78246,0.02708803611738153
2022-01-21,2275,2300,2205,2215,67749,-0.02637362637362639
2022-01-24,2200,2200,2065,2135,156077,-0.036117381489842004
2022-01-25,2110,2135,2000,2060,105588,-0.03512880562060894
2022-01-26,2030,2120,1960,2060,59346,0.0
2022-01-27,2080,2080,1950,2025,121296,-0.016990291262135915
2022-01-28,2045,2245,1965,2180,152422,0.07654320987654328
2022-02-03,2245,2295,2185,2265,88208,0.03899082568807333
2022-02-04,2265,2310,2245,2310,63632,0.019867549668874274
2022-02-07,2320,2320,2240,2280,55577,-0.012987012987012991
2022-02-08,2250,2315,2240,2275,70020,-0.002192982456140302
2022-02-09,2275,2400,2270,2350,135180,0.03296703296703307
2022-02-10,2385,2410,2270,2295,94096,-0.023404255319148914
2022-02-11,2290,2330,2250,2290,107742,-0.002178649237472796
2022-02-14,2275,2285,2060,2135,148743,-0.06768558951965065
2022-02-15,2075,2155,2040,2100,77425,-0.016393442622950838
2022-02-16,2100,2240,2100,2185,112160,0.040476190476190554
2022-02-17,2215,2215,2100,2165,175469,-0.009153318077803174
2022-02-18,2130,2300,2110,2260,136098,0.04387990762124705
2022-02-21,2205,2255,2140,2245,133009,-0.006637168141592875
2022-02-22,2190,2235,2115,2115,60297,-0.057906458797327365
2022-02-23,2150,2160,2100,2140,51223,0.011820330969267046
2022-02-24,2110,2110,1975,2010,180679,-0.06074766355140182
2022-02-25,2025,2090,1990,2030,75694,0.00995024875621886
2022-02-28,2030,2045,1900,2030,72261,0.0
2022-03-02,2000,2050,1975,2020,80316,-0.0049261083743842304
2022-03-03,2000,2100,1990,2090,113932,0.034653465346534684
2022-03-04,2100,2110,2030,2090,71317,0.0
2022-03-07,2055,2180,1965,2170,174029,0.038277511961722466
2022-03-08,2165,2165,2075,2120,89376,-0.02304147465437789
2022-03-10,2145,2170,1840,1860,330797,-0.12264150943396224
2022-03-11,1860,2045,1860,1935,171450,0.040322580645161255
2022-03-14,1930,1975,1900,1970,51287,0.01808785529715773
2022-03-15,1950,2035,1935,1990,75133,0.010152284263959421
2022-03-16,2010,2030,1980,2030,47619,0.0201005025125629
2022-03-17,2035,2115,2035,2095,96015,0.03201970443349755
2022-03-18,2105,2115,2050,2070,29900,-0.011933174224343701
2022-03-21,2070,2115,2065,2090,58490,0.009661835748792313
2022-03-22,2095,2100,2025,2080,91239,-0.004784688995215336
2022-03-23,2305,2315,2100,2125,592226,0.02163461538461542
2022-03-24,2145,2235,2140,2205,203721,0.03764705882352937
2022-03-25,2245,2290,2200,2270,217533,0.02947845804988658
2022-03-28,2270,2310,2255,2270,90405,0.0
2022-03-29,2290,2305,2265,2275,66075,0.0022026431718060735
2022-03-30,2285,2300,2170,2175,146028,-0.04395604395604391
2022-03-31,2195,2265,2195,2225,60713,0.02298850574712641
2022-04-01,2285,2370,2185,2370,317229,0.06516853932584277
2022-04-04,2355,2405,2280,2405,228220,0.014767932489451407
2022-04-05,2405,2465,2350,2425,144297,0.008316008316008316
2022-04-06,2425,2425,2350,2420,61946,-0.0020618556701030855
2022-04-07,2400,2560,2315,2440,331583,0.008264462809917328
2022-04-08,2380,2380,2230,2295,208312,-0.05942622950819676
2022-04-11,2295,2395,2255,2345,104028,0.02178649237472774
2022-04-12,2320,2320,2240,2275,77379,-0.02985074626865669
2022-04-13,2275,2445,2265,2415,242110,0.06153846153846154
2022-04-14,2420,2470,2345,2365,116243,-0.020703933747411973
2022-04-15,2365,2465,2310,2455,184618,0.038054968287526414
2022-04-18,2435,2470,2335,2375,113230,-0.03258655804480648
2022-04-19,2355,2470,2350,2435,115088,0.025263157894736876
2022-04-20,2435,2500,2375,2415,71747,-0.008213552361396315
2022-04-21,2410,2470,2350,2450,110191,0.01449275362318847
2022-04-22,2445,2445,2340,2365,120059,-0.03469387755102038
2022-04-25,2345,2345,2225,2300,113054,-0.02748414376321351
2022-04-26,2300,2400,2250,2350,159075,0.021739130434782705
2022-04-27,2315,2345,2215,2270,68280,-0.03404255319148941
2022-04-28,2270,2325,2225,2300,64802,0.013215859030837107
2022-04-29,2285,2325,2265,2310,50420,0.004347826086956497
2022-05-02,2310,2470,2285,2425,210605,0.04978354978354971
2022-05-03,2430,2470,2400,2435,135327,0.004123711340206171
2022-05-04,2435,2800,2435,2780,2328158,0.1416837782340863
2022-05-06,2675,2780,2600,2655,679243,-0.04496402877697847
2022-05-09,2655,2655,2420,2455,441056,-0.07532956685499059
2022-05-10,2415,2765,2315,2620,1460560,0.06720977596741351
2022-05-11,2615,2920,2595,2780,1765432,0.06106870229007644
2022-05-12,2770,2770,2550,2575,497501,-0.07374100719424459
2022-05-13,2575,2660,2490,2550,380825,-0.009708737864077666
2022-05-16,2550,2695,2550,2695,343482,0.056862745098039236
2022-05-17,2720,2755,2625,2680,270309,-0.005565862708719838
2022-05-18,2730,2980,2725,2860,1548402,0.0671641791044777
2022-05-19,2840,2845,2580,2685,477137,-0.06118881118881114
2022-05-20,2685,2830,2685,2775,277339,0.033519553072625774
2022-05-23,2775,2990,2685,2710,636522,-0.023423423423423406
2022-05-24,2715,2765,2600,2710,300435,0.0
2022-05-25,2710,2730,2620,2620,181332,-0.03321033210332103
2022-05-26,2640,2690,2620,2685,96125,0.024809160305343525
2022-05-27,2700,2715,2625,2670,124758,-0.005586592178770999
2022-05-30,2675,2700,2560,2650,156017,-0.0074906367041198685
2022-05-31,2690,2950,2665,2915,1250870,0.10000000000000009
2022-06-02,2885,2960,2800,2920,535242,0.0017152658662091813
2022-06-03,2920,2920,2805,2805,217084,-0.03938356164383561
2022-06-07,2805,2915,2770,2885,287875,0.028520499108734443
2022-06-08,2885,2950,2805,2805,219362,-0.02772963604852685
2022-06-09,2810,2920,2735,2895,240360,0.03208556149732611
2022-06-10,2895,2900,2780,2870,153367,-0.008635578583765069
2022-06-13,2830,2830,2615,2635,259456,-0.08188153310104529
2022-06-14,2480,2620,2450,2600,226576,-0.013282732447817858
2022-06-15,2600,2600,2350,2500,344848,-0.038461538461538436
2022-06-16,2500,2610,2490,2490,111844,-0.0040000000000000036
2022-06-17,2450,2475,2320,2420,142429,-0.028112449799196804
2022-06-20,2415,2415,2160,2230,200131,-0.07851239669421484
2022-06-21,2230,2285,2110,2230,75734,0.0
2022-06-22,2250,2290,2030,2085,127927,-0.06502242152466364
2022-06-23,2065,2110,1935,2025,154214,-0.02877697841726623
2022-06-24,2025,2220,1995,2170,106852,0.07160493827160486
2022-06-27,2225,2345,2220,2335,111249,0.07603686635944706
2022-06-28,2355,2495,2355,2400,129589,0.027837259100642386
2022-06-29,2400,2520,2390,2420,64199,0.008333333333333304
2022-06-30,2600,2600,2360,2360,107731,-0.024793388429752095
2022-07-01,2360,2570,2360,2430,145061,0.029661016949152463
2022-07-04,2430,2510,2220,2250,148727,-0.07407407407407407
2022-07-05,2250,2370,2245,2370,85418,0.05333333333333323
2022-07-06,2420,2490,2380,2385,97063,0.006329113924050667
2022-07-07,2390,2545,2390,2510,103404,0.052410901467505155
2022-07-08,2545,2630,2520,2565,109612,0.021912350597609542
2022-07-11,2570,2645,2565,2630,82922,0.025341130604288553
2022-07-12,2630,2640,2450,2495,148824,-0.0513307984790875
2022-07-13,2470,2510,2430,2450,55153,-0.018036072144288595
2022-07-14,2465,2540,2420,2460,79851,0.004081632653061273
2022-07-15,2460,2500,2385,2500,59169,0.016260162601626105
2022-07-18,2500,2555,2495,2545,47037,0.018000000000000016
2022-07-19,2545,2555,2505,2550,46017,0.0019646365422396617
2022-07-20,2565,2610,2525,2530,93553,-0.007843137254901933
2022-07-21,2535,2645,2535,2575,81751,0.01778656126482203
2022-07-22,2590,2615,2565,2575,44645,0.0
2022-07-25,2550,2600,2500,2600,70013,0.009708737864077666
2022-07-26,2600,2635,2590,2595,60697,-0.0019230769230769162
2022-07-27,2600,2615,2530,2575,46519,-0.0077071290944122905
2022-07-28,2595,2695,2585,2605,75820,0.011650485436893288
2022-07-29,2630,2645,2605,2630,63758,0.009596928982725572
2022-08-01,2655,2750,2635,2710,152351,0.03041825095057038
2022-08-02,2710,2710,2590,2590,92755,-0.044280442804428
2022-08-03,2595,2645,2450,2610,69559,0.007722007722007707
2022-08-04,2610,2740,2605,2625,119476,0.005747126436781658
2022-08-05,2650,2720,2625,2690,81271,0.024761904761904763
2022-08-08,2705,2785,2660,2770,162306,0.029739776951672958
2022-08-09,2765,2795,2535,2590,206694,-0.06498194945848379
2022-08-10,2600,2605,2500,2565,98090,-0.009652509652509633
2022-08-11,2550,2630,2545,2610,85779,0.01754385964912286
2022-08-12,2620,2790,2620,2700,201297,0.034482758620689724
2022-08-16,2700,2765,2625,2675,152506,-0.0092592592592593
2022-08-17,2660,2665,2395,2640,334122,-0.013084112149532756
2022-08-18,2570,2790,2495,2740,349258,0.037878787878787845
2022-08-19,2725,2750,2655,2675,130463,-0.02372262773722633
2022-08-22,2600,2750,2590,2700,147486,0.009345794392523255
2022-08-23,2670,2690,2570,2615,134217,-0.031481481481481444
2022-08-24,2570,2595,2535,2545,94549,-0.026768642447418722
2022-08-25,2560,2645,2545,2645,74491,0.03929273084479368
2022-08-26,2655,2740,2650,2700,86510,0.020793950850661602
2022-08-29,2670,2680,2545,2635,143900,-0.024074074074074026
2022-08-30,2610,2840,2540,2725,569901,0.034155597722960174
2022-08-31,2750,2810,2705,2785,345883,0.022018348623853212
2022-09-01,2765,2765,2565,2570,392574,-0.07719928186714542
2022-09-02,2570,2695,2550,2580,248124,0.0038910505836575737
2022-09-05,2580,2580,2470,2480,175944,-0.03875968992248058
2022-09-06,2455,2490,2420,2440,173050,-0.016129032258064502
2022-09-07,2450,2480,2320,2350,189036,-0.03688524590163933
2022-09-08,2350,2400,2245,2355,171025,0.0021276595744681437
2022-09-13,2380,2615,2380,2505,489090,0.06369426751592355
2022-09-14,2485,2575,2385,2555,179786,0.019960079840319445
2022-09-15,2550,2605,2480,2530,115753,-0.009784735812133127
2022-09-16,2505,2505,2380,2400,113221,-0.0513833992094862
2022-09-19,2365,2380,2245,2270,127903,-0.054166666666666696
2022-09-20,2270,2320,2240,2280,100728,0.004405286343612369
2022-09-21,2280,2295,2210,2260,78671,-0.00877192982456143
2022-09-22,2225,2240,2110,2225,155788,-0.015486725663716783
2022-09-23,2220,2220,2115,2140,88042,-0.038202247191011285
2022-09-26,2050,2080,1960,1990,103929,-0.07009345794392519
2022-09-27,1990,2025,1905,1965,151036,-0.012562814070351758
2022-09-28,1990,2100,1970,2005,136672,0.020356234096692072
2022-09-29,2065,2120,1995,2000,56940,-0.0024937655860348684
2022-09-30,1980,1980,1895,1955,115572,-0.022499999999999964
2022-10-04,1960,2070,1960,2060,79391,0.053708439897698135
2022-10-05,2100,2140,2030,2060,110312,0.0
2022-10-06,2080,2145,2060,2100,56785,0.01941747572815533
2022-10-07,2100,2130,2050,2050,58658,-0.023809523809523836
2022-10-11,2030,2030,1850,1865,134976,-0.09024390243902436
2022-10-12,1815,1865,1745,1860,171748,-0.002680965147453085
2022-10-13,1820,1825,1725,1740,67582,-0.06451612903225812
2022-10-14,1745,1870,1745,1870,84922,0.07471264367816088
2022-10-17,1865,1895,1840,1875,61863,0.002673796791443861
2022-10-18,1895,2435,1895,2435,2071044,0.29866666666666664
2022-10-19,2535,2620,2340,2380,2641801,-0.022587268993839782
2022-10-20,2320,2385,2280,2385,534470,0.0021008403361344463
2022-10-21,2355,2355,2095,2110,750436,-0.11530398322851154
2022-10-24,2120,2195,2120,2150,293382,0.018957345971563955
2022-10-25,2170,2215,2100,2145,207743,-0.0023255813953488857
2022-10-26,2145,2200,2055,2125,237922,-0.009324009324009341
2022-10-27,2125,2220,2055,2205,168369,0.03764705882352937
2022-10-28,2200,2205,2090,2095,200249,-0.049886621315192725
2022-10-31,2140,2185,2105,2125,197321,0.014319809069212486
2022-11-01,2125,2210,2125,2185,171999,0.028235294117647136
2022-11-02,2185,2240,2105,2210,203448,0.011441647597254079
2022-11-03,2125,2200,2120,2190,97025,-0.009049773755656076
2022-11-04,2170,2200,2115,2185,115564,-0.0022831050228310223
2022-11-07,2185,2200,2155,2200,88289,0.006864988558352492
2022-11-08,2210,2225,2130,2135,288911,-0.02954545454545454
2022-11-09,2135,2170,2030,2085,340991,-0.023419203747072626
2022-11-10,2080,2100,1905,2065,120102,-0.00959232613908878
2022-11-11,2095,2125,2075,2110,119976,0.021791767554479424
2022-11-14,2110,2140,2100,2125,73050,0.007109004739336511
2022-11-15,2140,2155,2105,2120,128968,-0.0023529411764705577
2022-11-16,2100,2120,1985,2060,233281,-0.028301886792452824
2022-11-17,2060,2060,1975,1990,100558,-0.03398058252427183
2022-11-18,1990,2040,1970,1990,104798,0.0
2022-11-21,1990,2000,1920,1925,99625,-0.03266331658291455
2022-11-22,1905,1925,1885,1905,52159,-0.010389610389610393
2022-11-23,1905,1960,1900,1940,62741,0.018372703412073532
2022-11-24,1960,2020,1960,2015,90359,0.038659793814433074
2022-11-25,2015,2035,1985,1985,64053,-0.01488833746898266
2022-11-28,1985,1985,1925,1925,84124,-0.030226700251889116
2022-11-29,1885,1945,1880,1940,69320,0.007792207792207684
2022-11-30,1940,2015,1935,1945,122741,0.002577319587628857
2022-12-01,1955,2040,1955,1955,108852,0.005141388174807249
2022-12-02,1960,2030,1955,2000,85731,0.023017902813299296
2022-12-05,2000,2045,1955,1995,194526,-0.0024999999999999467
2022-12-06,1995,1995,1885,1895,177158,-0.05012531328320802
2022-12-07,1880,1905,1865,1905,88085,0.005277044854881341
2022-12-08,1890,1895,1820,1850,147638,-0.02887139107611547
2022-12-09,1850,1900,1815,1895,66378,0.024324324324324298
2022-12-12,1910,1945,1910,1915,44508,0.01055408970976246
2022-12-13,1920,1990,1885,1950,141558,0.018276762402088753
2022-12-14,1950,1965,1900,1945,79301,-0.002564102564102555
2022-12-15,1965,2010,1940,1970,134079,0.01285347043701801
2022-12-16,1945,1950,1910,1925,47057,-0.022842639593908642
2022-12-19,1900,1900,1845,1890,76530,-0.018181818181818188
2022-12-20,1875,1880,1815,1855,70831,-0.01851851851851849
2022-12-21,1850,1850,1805,1815,40011,-0.021563342318059342
2022-12-22,1815,1845,1800,1840,59984,0.01377410468319562
2022-12-23,1855,1870,1755,1770,78664,-0.03804347826086951
2022-12-26,1750,1770,1685,1765,88471,-0.0028248587570621764
2022-12-27,1740,1850,1725,1840,61331,0.04249291784702547
2022-12-28,1850,1860,1790,1835,43255,-0.0027173913043477826
2022-12-29,1795,1805,1730,1780,55149,-0.02997275204359673
2023-01-02,1745,1795,1720,1720,56031,-0.0337078651685393
2023-01-03,1715,1820,1625,1800,102948,0.04651162790697683
2023-01-04,1795,1840,1745,1840,27035,0.022222222222222143
2023-01-05,1855,1875,1820,1860,36878,0.010869565217391353
2023-01-06,1860,1895,1840,1890,50691,0.016129032258064502
2023-01-09,1895,1940,1890,1935,58500,0.023809523809523725
2023-01-10,1935,1940,1895,1920,42367,-0.007751937984496138
2023-01-11,1920,1935,1890,1900,50859,-0.01041666666666663
2023-01-12,1900,1935,1860,1910,84960,0.0052631578947368585
2023-01-13,1885,1945,1845,1885,86394,-0.01308900523560208
2023-01-16,1885,1925,1885,1910,39695,0.013262599469495928
2023-01-17,1920,1925,1845,1855,46010,-0.028795811518324554
2023-01-18,1855,1900,1850,1900,38920,0.0242587601078168
2023-01-19,1900,1900,1845,1865,44070,-0.018421052631578894
2023-01-20,1870,1880,1835,1880,41389,0.008042895442359255
2023-01-25,1880,1893,1861,1880,31327,0.0
2023-01-26,1880,1886,1867,1880,41704,0.0
2023-01-27,1884,1945,1872,1940,130682,0.03191489361702127
2023-01-30,1941,1953,1890,1940,78397,0.0
2023-01-31,1940,2000,1928,2000,47214,0.030927835051546282
2023-02-01,2000,2020,1935,1975,63817,-0.012499999999999956
2023-02-02,1975,2000,1960,1990,68319,0.0075949367088608
2023-02-03,1990,1998,1967,1984,32440,-0.0030150753768843908
2023-02-06,1987,2040,1984,1984,122538,0.0
2023-02-07,1984,2030,1984,2005,50173,0.01058467741935476
2023-02-08,2005,2020,1995,2020,77521,0.007481296758104827
2023-02-09,2020,2025,1991,2005,49604,-0.007425742574257432
2023-02-10,2010,2010,1954,1977,40326,-0.013965087281795463
2023-02-13,1958,1969,1898,1953,83248,-0.012139605462822445
2023-02-14,1950,2030,1950,1991,60154,0.019457245263696965
2023-02-15,2000,2020,1968,1989,71037,-0.001004520341536863
2023-02-16,1969,2045,1940,2010,90324,0.010558069381598756
2023-02-17,2010,2020,1991,2015,56061,0.0024875621890547706
2023-02-20,2015,2075,1987,2055,126335,0.01985111662531014
2023-02-21,2065,2230,2040,2095,455691,0.019464720194647178
2023-02-22,2095,2110,1990,2020,108268,-0.03579952267303099
2023-02-23,1999,2015,1958,2000,74303,-0.00990099009900991
2023-02-24,2000,2030,1960,1975,117274,-0.012499999999999956
2023-02-27,1974,1975,1925,1974,56230,-0.0005063291139240089
2023-02-28,1974,2085,1973,2080,140780,0.05369807497467072
2023-03-02,2090,2150,2070,2100,161447,0.009615384615384581
2023-03-03,2120,2140,2065,2100,63415,0.0
2023-03-06,2100,2180,2055,2135,97501,0.016666666666666607
2023-03-07,2120,2230,2030,2095,188933,-0.0187353629976581
2023-03-08,2075,2075,1998,2015,64228,-0.03818615751789978
2023-03-09,2015,2070,1975,1975,99625,-0.01985111662531014
2023-03-10,1975,2010,1931,1952,85178,-0.011645569620253204
2023-03-13,1932,1932,1857,1915,77139,-0.018954918032786927
2023-03-14,1886,1886,1820,1820,55466,-0.04960835509138384
2023-03-15,1820,1851,1802,1850,55214,0.016483516483516425
2023-03-16,1850,1908,1839,1876,57049,0.014054054054054133
2023-03-17,1880,1970,1880,1946,43370,0.03731343283582089
2023-03-20,1946,2040,1927,2005,95136,0.03031860226104821
2023-03-21,2005,2020,1990,2005,33532,0.0
2023-03-22,2005,2030,1951,2010,45590,0.0024937655860348684
2023-03-23,1989,1989,1895,1900,70933,-0.05472636815920395
2023-03-24,1894,2115,1887,2110,464915,0.11052631578947358
2023-03-27,2110,2165,2065,2140,166602,0.014218009478673022
2023-03-28,2105,2195,2105,2140,149854,0.0
2023-03-29,2150,2215,2100,2200,237656,0.028037383177569986
2023-03-30,2200,2240,2160,2205,148185,0.002272727272727204
2023-03-31,2220,2330,2180,2255,187331,0.0226757369614512
2023-04-03,2255,2285,2205,2215,179681,-0.0177383592017738
2023-04-04,2235,2305,2215,2305,264083,0.040632054176072296
2023-04-05,2305,2335,2285,2335,170864,0.013015184381778733
2023-04-06,2285,2300,2110,2285,180973,-0.021413276231263434
2023-04-07,2265,2295,2195,2270,177346,-0.006564551422319487
2023-04-10,2270,2385,2265,2325,273264,0.02422907488986792
2023-04-11,2325,2340,2235,2340,210389,0.006451612903225712
2023-04-12,2350,2750,2345,2655,1993426,0.13461538461538458
2023-04-13,2600,3450,2585,3000,10557910,0.12994350282485878
2023-04-14,3000,3025,2820,2880,1183381,-0.040000000000000036
2023-04-17,2840,3185,2805,3150,2678316,0.09375
2023-04-18,3050,3180,2985,3080,771999,-0.022222222222222254
2023-04-19,3050,3080,2930,3065,501105,-0.004870129870129913
2023-04-20,3035,3050,2770,2835,732668,-0.07504078303425776
2023-04-21,2695,2835,2620,2695,433056,-0.04938271604938271
2023-04-24,2695,2730,2575,2600,224518,-0.03525046382189234
2023-04-25,2580,2705,2490,2620,306477,0.007692307692307665
2023-04-26,2605,2605,2460,2500,160520,-0.04580152671755722
2023-04-27,2500,2510,2430,2485,93294,-0.006000000000000005
2023-04-28,2485,2520,2310,2415,299100,-0.028169014084507005
2023-05-02,2430,2600,2425,2600,226534,0.07660455486542439
2023-05-03,2570,2605,2490,2580,130400,-0.007692307692307665
2023-05-04,2555,2555,2490,2540,52442,-0.015503875968992276
2023-05-08,2535,2640,2500,2635,131611,0.03740157480314954
2023-05-09,2635,2635,2510,2510,102131,-0.04743833017077803
2023-05-10,2510,2570,2480,2520,77465,0.003984063745019917
2023-05-11,2510,2555,2475,2495,72309,-0.009920634920634885
2023-05-12,2495,2495,2310,2370,206276,-0.05010020040080165
2023-05-15,2370,2515,2355,2515,104969,0.06118143459915615
2023-05-16,2490,2510,2380,2400,98733,-0.045725646123260466
2023-05-17,2395,2540,2360,2530,150112,0.054166666666666696
2023-05-18,2535,2740,2535,2730,365907,0.07905138339920947
2023-05-19,2730,2880,2680,2880,371727,0.05494505494505497
2023-05-22,2880,2920,2725,2795,208586,-0.02951388888888884
2023-05-23,2790,2900,2650,2900,290629,0.0375670840787119
2023-05-24,2875,2875,2700,2710,211001,-0.06551724137931036
2023-05-25,2695,2760,2650,2700,112924,-0.0036900369003689537
2023-05-26,2710,3225,2710,3200,3621305,0.18518518518518512
2023-05-30,3190,3215,2880,2950,698253,-0.078125
2023-05-31,2925,2940,2775,2920,295720,-0.01016949152542368
2023-06-01,2855,2880,2720,2785,253313,-0.046232876712328785
2023-06-02,2730,2845,2700,2795,230821,0.0035906642728904536
2023-06-05,2795,2825,2720,2800,116763,0.0017889087656528524
2023-06-07,2800,2845,2760,2840,103466,0.014285714285714235
2023-06-08,2810,2835,2720,2725,116579,-0.040492957746478875
2023-06-09,2725,2790,2700,2760,76330,0.012844036697247763
2023-06-12,2760,2760,2600,2660,198934,-0.036231884057971064
2023-06-13,2660,2735,2620,2620,57600,-0.015037593984962405
2023-06-14,2645,2720,2590,2690,130721,0.026717557251908497
2023-06-15,2630,2720,2625,2670,103833,-0.0074349442379182396
2023-06-16,2690,2725,2590,2630,111993,-0.014981273408239737
2023-06-19,2670,2725,2610,2640,130561,0.0038022813688212143
2023-06-20,2640,3400,2625,2805,4026468,0.0625
2023-06-21,2795,2825,2655,2725,425184,-0.028520499108734443
2023-06-22,2685,2970,2680,2815,1045035,0.03302752293577971
2023-06-23,2815,3080,2815,2950,1005722,0.047957371225577194
2023-06-26,2920,2925,2800,2900,296921,-0.016949152542372836
2023-06-27,2910,3145,2820,2940,909337,0.01379310344827589
2023-06-28,2950,3000,2890,2985,258343,0.015306122448979664
2023-06-29,2995,2995,2850,2975,199448,-0.00335008375209378
2023-06-30,2950,3040,2880,2975,189216,0.0
2023-07-03,3000,3205,2995,3160,631428,0.06218487394957983
2023-07-04,3165,3825,3165,3550,4969960,0.12341772151898733
2023-07-05,3550,3590,2615,2705,6127265,-0.23802816901408452
2023-07-06,2670,2730,2500,2605,1190189,-0.0369685767097967
2023-07-07,2570,2720,2535,2700,652935,0.03646833013435691
2023-07-10,2650,2700,2400,2425,939532,-0.10185185185185186
2023-07-11,2410,2530,2410,2465,371197,0.016494845360824684
2023-07-12,2505,2605,2505,2535,378744,0.028397565922920975
2023-07-13,2570,2700,2570,2640,353272,0.041420118343195256
2023-07-14,2640,3030,2585,2720,2727347,0.030303030303030276
2023-07-17,2720,2770,2600,2705,330644,-0.005514705882352922
2023-07-18,2705,2780,2465,2490,846955,-0.07948243992606285
2023-07-19,2490,2515,2400,2420,361118,-0.028112449799196804
2023-07-20,2425,2435,2380,2400,147214,-0.008264462809917328
2023-07-21,2375,2415,2340,2340,206556,-0.025000000000000022
2023-07-24,2340,2350,2195,2250,304513,-0.038461538461538436
2023-07-25,2365,2925,2360,2540,12463572,0.12888888888888883
2023-07-26,2495,2910,2420,2810,5145743,0.10629921259842523
2023-07-27,2750,3035,2655,2905,2646375,0.03380782918149472
2023-07-28,2860,2970,2725,2905,712768,0.0
2023-07-31,2920,2930,2720,2800,765336,-0.03614457831325302
2023-08-01,2820,3210,2760,3205,2940669,0.14464285714285707
2023-08-02,3200,3245,2990,2995,1260767,-0.06552262090483618
2023-08-03,2940,2960,2640,2650,1496852,-0.11519198664440733
2023-08-04,2655,3245,2655,3070,3287701,0.1584905660377358
2023-08-07,3120,3420,3000,3100,1984977,0.009771986970684043
2023-08-08,3110,3310,2980,3150,1354346,0.016129032258064502
2023-08-09,3170,3195,2985,3110,814878,-0.012698412698412653
2023-08-10,3090,3090,2930,2940,615034,-0.054662379421221874
2023-08-11,2930,3115,2900,2940,598729,0.0
2023-08-14,2930,2970,2815,2875,434397,-0.022108843537414935
2023-08-16,2735,2810,2660,2720,603412,-0.05391304347826087
2023-08-17,2660,2715,2615,2630,276713,-0.03308823529411764
2023-08-18,2575,2710,2560,2640,271866,0.0038022813688212143
2023-08-21,2640,2655,2515,2555,346374,-0.032196969696969724
2023-08-22,2555,2650,2540,2610,220331,0.021526418786692814
2023-08-23,2645,2645,2540,2545,197391,-0.02490421455938696
2023-08-24,2570,2665,2565,2650,243632,0.04125736738703334
2023-08-25,2615,2615,2530,2535,278736,-0.04339622641509433
2023-08-28,2535,2580,2515,2530,158315,-0.0019723865877712132
2023-08-29,2530,2620,2505,2620,365235,0.035573122529644285
2023-08-30,2660,2720,2615,2670,261474,0.01908396946564883
2023-08-31,2670,2690,2605,2650,206897,-0.0074906367041198685
2023-09-01,2650,2715,2620,2670,198059,0.007547169811320753
2023-09-04,2680,2900,2680,2775,859986,0.0393258426966292
2023-09-05,2785,2855,2725,2755,441632,-0.007207207207207245
2023-09-06,2805,2840,2650,2665,470575,-0.03266787658802173
2023-09-07,2660,2660,2585,2600,234151,-0.024390243902439046
2023-09-08,2615,2645,2565,2605,195605,0.0019230769230769162
2023-09-11,2615,2630,2555,2595,207416,-0.0038387715930902067
2023-09-12,2610,2655,2570,2580,135896,-0.005780346820809301
2023-09-13,2580,2580,2520,2560,136599,-0.007751937984496138
2023-09-14,2555,2595,2490,2585,136132,0.009765625
2023-09-15,2575,2695,2575,2690,124873,0.04061895551257244
2023-09-18,2655,2685,2585,2620,166189,-0.026022304832713727
2023-09-19,2660,3160,2650,3095,5072266,0.18129770992366412
2023-09-20,3030,3295,2980,3285,1910855,0.06138933764135701
2023-09-21,3215,3495,2910,2965,4193094,-0.0974124809741248
2023-09-22,2910,3440,2815,3250,4874741,0.09612141652613837
2023-09-25,3265,4225,3120,4190,22274560,0.2892307692307692
2023-09-26,4275,4300,3585,3760,8644683,-0.10262529832935563
2023-09-27,3710,4045,3695,3710,6609566,-0.013297872340425565
2023-10-04,3690,4285,3600,3905,15347788,0.052560646900269514
2023-10-05,4120,4500,3650,3735,15435401,-0.04353393085787449
2023-10-06,3705,4855,3700,4725,29083837,0.2650602409638554
2023-10-10,4500,5040,4150,4350,15681279,-0.07936507936507942
2023-10-11,4360,4530,4265,4385,3680877,0.008045977011494232
2023-10-12,4335,4565,4175,4175,4184213,-0.04789053591790193
2023-10-13,4165,4345,3900,4045,2516532,-0.03113772455089825
2023-10-16,3965,3965,3655,3755,2086563,-0.07169344870210137
2023-10-17,3795,3915,3660,3730,1867012,-0.0066577896138482195
2023-10-18,3690,3870,3470,3480,1968004,-0.06702412868632712
2023-10-19,3495,3580,3265,3305,1256920,-0.050287356321839116
2023-10-20,3305,3320,3050,3075,1534008,-0.06959152798789714
2023-10-23,3045,3175,3015,3045,815946,-0.009756097560975618
2023-10-24,3075,3165,2925,3110,1113970,0.021346469622331776
2023-10-25,3100,3175,2945,3000,708724,-0.03536977491961413
2023-10-26,2875,2940,2770,2820,579770,-0.06000000000000005
2023-10-27,2825,2860,2715,2765,511881,-0.019503546099290725
2023-10-30,2730,3100,2715,2840,2964012,0.027124773960216952
2023-10-31,2860,2875,2650,2680,724342,-0.05633802816901412
2023-11-01,2670,2785,2625,2655,502476,-0.009328358208955279
2023-11-02,2725,2850,2705,2840,575221,0.06967984934086635
2023-11-03,2865,2935,2800,2915,635719,0.02640845070422526
2023-11-06,2950,2960,2830,2955,585447,0.013722126929674117
2023-11-07,2935,2950,2790,2910,373651,-0.015228426395939132
2023-11-08,2910,2970,2830,2830,330854,-0.027491408934707917
2023-11-09,2830,2860,2705,2780,189349,-0.017667844522968212
2023-11-10,2730,2760,2665,2700,298534,-0.02877697841726623
2023-11-13,2690,2750,2625,2655,217887,-0.01666666666666672
2023-11-14,2655,2815,2655,2790,246948,0.05084745762711873
2023-11-15,2830,2900,2760,2845,358354,0.019713261648745428
2023-11-16,2845,2980,2780,2950,565028,0.03690685413005279
2023-11-17,2970,2970,2855,2890,380971,-0.02033898305084747
2023-11-20,2905,2960,2860,2915,253341,0.00865051903114189
2023-11-21,2905,2955,2825,2850,264443,-0.022298456260720356
2023-11-22,2845,2865,2795,2840,189757,-0.0035087719298245723
2023-11-23,2840,2845,2755,2780,268809,-0.021126760563380254
2023-11-24,2760,2855,2745,2780,145924,0.0
2023-11-27,2855,3600,2830,3500,12324546,0.2589928057553956
2023-11-28,3440,3520,3310,3425,2505991,-0.021428571428571463
2023-11-29,3455,4050,3455,3620,9368628,0.05693430656934306
2023-11-30,3585,3675,3460,3495,1362737,-0.03453038674033149
2023-12-01,3460,3550,3360,3455,975164,-0.011444921316165924
2023-12-04,3390,3435,3240,3325,888120,-0.0376266280752533
2023-12-05,3275,3420,3215,3245,612767,-0.024060150375939893
2023-12-06,3245,3290,3170,3235,584644,-0.0030816640986132127
2023-12-07,3195,3195,3015,3030,734850,-0.06336939721792889
2023-12-08,3065,3285,3030,3285,961615,0.08415841584158423
2023-12-11,3290,3460,3245,3290,990942,0.0015220700152207556
2023-12-12,3355,3770,3355,3610,4820819,0.09726443768996962
2023-12-13,3555,3555,3395,3455,1022742,-0.04293628808864269
2023-12-14,3550,3575,3295,3395,790434,-0.01736613603473225
2023-12-15,3385,3400,3155,3230,980259,-0.048600883652430094
2023-12-18,3205,3320,3165,3275,337969,0.01393188854489158
2023-12-19,3330,3800,3315,3560,5014726,0.08702290076335872
2023-12-20,3515,3670,3415,3625,1423636,0.018258426966292207
2023-12-21,3515,4300,3490,3675,10268821,0.01379310344827589
2023-12-22,3850,4300,3710,3895,7549582,0.05986394557823127
2023-12-26,3885,4060,3720,3835,2331591,-0.015404364569961526
2023-12-27,4100,4650,3895,3980,8475471,0.03780964797913944
2023-12-28,3905,4165,3805,4070,1674027,0.022613065326633208
2024-01-02,4015,4155,3970,4060,941756,-0.002457002457002422
2024-01-03,3900,4080,3860,4070,709585,0.0024630541871921707
2024-01-04,4000,4040,3680,3680,1289044,-0.09582309582309578
2024-01-05,3690,3955,3685,3895,923452,0.05842391304347827
2024-01-08,3940,4255,3925,4085,1606224,0.04878048780487809
2024-01-09,4100,4230,3960,4070,996567,-0.003671970624234966
2024-01-10,4070,4415,4000,4095,2275792,0.006142506142506221
2024-01-11,4105,4110,3850,3850,966992,-0.05982905982905984
2024-01-12,3800,3960,3785,3850,622197,0.0
2024-01-15,3850,3965,3655,3845,580378,-0.0012987012987012436
2024-01-16,3755,3845,3420,3490,1223690,-0.09232769830949283
2024-01-17,3490,3550,3350,3405,486609,-0.024355300859598805
2024-01-18,3370,3520,3335,3475,334566,0.0205580029368575
2024-01-19,3510,3745,3510,3670,677785,0.05611510791366903
2024-01-22,3740,4085,3720,4085,1961091,0.11307901907356954
2024-01-23,4200,5310,4105,5310,11750777,0.29987760097919214
2024-01-24,5490,5920,5200,5480,13008319,0.03201506591337089
2024-01-25,5350,5880,5210,5480,6429427,0.0
2024-01-26,5750,6100,5320,6080,7051131,0.10948905109489049
2024-01-29,5840,5920,5410,5420,2432774,-0.10855263157894735
2024-01-30,5330,5510,4950,5150,1720903,-0.04981549815498154
2024-01-31,5110,5340,4635,4695,1374155,-0.0883495145631068
2024-02-01,4610,5170,4455,4580,1847595,-0.024494142705005273
2024-02-02,4645,4850,4530,4725,635471,0.031659388646288145
2024-02-05,4725,4725,4050,4245,1364625,-0.10158730158730156
2024-02-06,4265,4280,3935,4060,935517,-0.043580683156654865
2024-02-07,4110,4140,3865,4040,559078,-0.0049261083743842304
2024-02-08,4100,4990,4040,4610,2656151,0.141089108910891
2024-02-13,4710,5310,4600,4965,1556053,0.07700650759219085
2024-02-14,4720,5190,4710,4800,1192351,-0.033232628398791486
2024-02-15,4950,5440,4730,5040,2907970,0.050000000000000044
2024-02-16,5130,5140,4620,4770,1008486,-0.0535714285714286
2024-02-19,4680,4715,4530,4590,636656,-0.037735849056603765
2024-02-20,4605,4615,4380,4440,583844,-0.0326797385620915
2024-02-21,4395,4760,4295,4690,1103691,0.056306306306306286
2024-02-22,4745,4760,4540,4575,671359,-0.024520255863539453
2024-02-23,4635,4670,4410,4450,415798,-0.02732240437158473
2024-02-26,4500,4860,4490,4830,1532958,0.08539325842696632
2024-02-27,4840,5710,4730,4880,6365294,0.010351966873705987
2024-02-28,4805,4880,4645,4675,707483,-0.04200819672131151
2024-02-29,4570,4795,4510,4595,461150,-0.01711229946524062
2024-03-04,4675,4945,4620,4875,868387,0.06093579978237207
2024-03-05,4805,4875,4625,4780,540847,-0.019487179487179485
2024-03-06,4645,4715,4460,4545,618024,-0.04916317991631802
2024-03-07,4545,4610,4280,4300,714145,-0.053905390539053855
2024-03-08,4350,4460,4110,4215,663609,-0.019767441860465085
2024-03-11,4225,4225,4030,4105,511770,-0.0260972716488731
2024-03-12,4175,4355,4160,4215,689755,0.02679658952496955
2024-03-13,4270,4270,4025,4045,608321,-0.04033214709371291
2024-03-14,4030,4140,3875,4120,564648,0.018541409147095234
2024-03-15,4130,4150,3970,4085,286021,-0.008495145631068013
2024-03-18,4140,4170,4055,4105,213002,0.004895960832313362
2024-03-19,4100,4120,3990,4035,238749,-0.01705237515225333
2024-03-20,4000,4065,3895,3925,321467,-0.027261462205700138
2024-03-21,3940,4060,3940,4000,238152,0.019108280254777066
2024-03-22,4020,4325,3970,4215,820259,0.053749999999999964
2024-03-25,4340,4340,4035,4035,399162,-0.042704626334519546
2024-03-26,4035,4055,3930,3950,304916,-0.02106567534076831
2024-03-27,3955,3960,3830,3835,293516,-0.029113924050632956
2024-03-28,3890,4075,3835,4020,306856,0.04823989569752274
2024-03-29,4020,4075,3905,3945,155018,-0.018656716417910446
2024-04-01,3965,4135,3895,3980,438987,0.008871989860582907
2024-04-02,3990,4030,3890,3900,204834,-0.02010050251256279
2024-04-03,3835,3860,3640,3695,276258,-0.0525641025641026
2024-04-04,3710,3750,3660,3675,136586,-0.005412719891745632
2024-04-05,3665,3675,3550,3560,192615,-0.03129251700680269
2024-04-08,3560,3670,3490,3560,191950,0.0
2024-04-09,3560,3660,3490,3560,112524,0.0
2024-04-11,3560,3560,3450,3495,95730,-0.018258426966292096
2024-04-12,3500,3565,3480,3520,85873,0.007153075822603716
2024-04-15,3430,3480,3360,3420,98166,-0.02840909090909094
2024-04-16,3420,3445,3275,3285,184231,-0.03947368421052633
2024-04-17,3300,3435,3290,3320,118712,0.010654490106544845
2024-04-18,3305,3405,3240,3405,93449,0.025602409638554313
2024-04-19,3445,3445,3135,3230,205140,-0.05139500734214386
2024-04-22,3230,3260,3150,3165,104187,-0.020123839009287936
2024-04-23,3165,3235,3120,3130,96191,-0.011058451816745696
2024-04-24,3155,3230,3145,3160,89466,0.009584664536741228
2024-04-25,3160,3175,3090,3115,72855,-0.014240506329113889
2024-04-26,3105,3155,3030,3135,152230,0.006420545746388395
2024-04-29,3240,3400,3155,3220,178006,0.027113237639553533
2024-04-30,3225,3250,3100,3150,117759,-0.021739130434782594
2024-05-02,3105,3160,3100,3125,52763,-0.007936507936507908
2024-05-03,3175,3210,3105,3150,98287,0.008000000000000007
2024-05-07,3190,3220,3150,3170,62064,0.006349206349206327
2024-05-08,3170,3240,3100,3240,92225,0.02208201892744488
2024-05-09,3235,3235,3160,3195,70424,-0.01388888888888884
2024-05-10,3235,3470,3205,3320,329681,0.039123630672926346
2024-05-13,3320,3650,3320,3570,794532,0.07530120481927716
2024-05-14,3570,3675,3455,3495,422292,-0.021008403361344574
2024-05-16,3525,3550,3465,3490,120784,-0.0014306151645206988
2024-05-17,3490,3500,3395,3400,88819,-0.025787965616045794
2024-05-20,3545,3680,3340,3360,737008,-0.0117647058823529
2024-05-21,3405,3445,3370,3370,128495,0.0029761904761904656
2024-05-22,3375,3390,3210,3255,181596,-0.03412462908011871
2024-05-23,3190,3255,3145,3190,117036,-0.019969278033794113
2024-05-24,3190,3190,3090,3100,108647,-0.028213166144200663
2024-05-27,3100,3130,2850,3120,226559,0.006451612903225712
2024-05-28,3130,3130,3060,3095,90108,-0.008012820512820484
2024-05-29,3095,3120,3030,3075,137555,-0.00646203554119551
2024-05-30,3075,3075,2980,2990,125724,-0.027642276422764178
2024-05-31,2955,3045,2955,2990,58165,0.0
2024-06-03,2975,3055,2930,2995,77539,0.0016722408026756952
2024-06-04,2995,3030,2970,2975,86775,-0.006677796327211993
2024-06-05,2975,3015,2950,3000,53742,0.008403361344537785
2024-06-07,3015,3095,3015,3020,115738,0.006666666666666599
2024-06-10,3010,3150,3010,3105,116340,0.0281456953642385
2024-06-11,3135,3135,3035,3055,54918,-0.01610305958132041
2024-06-12,3055,3105,2995,3000,81222,-0.018003273322422242
2024-06-13,2995,3145,2990,3110,145477,0.036666666666666625
2024-06-14,3080,3080,2955,2970,125563,-0.045016077170418
2024-06-17,2945,2970,2885,2900,92569,-0.023569023569023573
2024-06-18,2875,2935,2820,2850,105999,-0.017241379310344862
2024-06-19,2905,3050,2830,2990,122367,0.04912280701754379
2024-06-20,2990,3020,2855,2855,98899,-0.04515050167224077
2024-06-21,2855,2875,2760,2760,92035,-0.03327495621716292
2024-06-24,2760,2780,2685,2720,81072,-0.01449275362318836
2024-06-25,2660,2750,2660,2720,70037,0.0
2024-06-26,2720,2750,2695,2735,41398,0.005514705882353033
2024-06-27,2735,2735,2665,2665,50623,-0.025594149908592323
2024-06-28,2660,2725,2660,2720,42501,0.02063789868667909
2024-07-01,2720,2740,2685,2700,35636,-0.007352941176470562
2024-07-02,2650,2695,2625,2640,68963,-0.022222222222222254
2024-07-03,2685,2685,2580,2580,69138,-0.022727272727272707
2024-07-04,2625,2670,2585,2585,64720,0.0019379844961240345
2024-07-05,2610,2630,2525,2540,65484,-0.01740812379110257
2024-07-08,2540,2630,2525,2565,87048,0.009842519685039353
2024-07-09,2600,2640,2550,2550,54576,-0.005847953216374324
2024-07-10,2555,2595,2500,2530,88290,-0.007843137254901933
2024-07-11,2530,2630,2530,2590,117212,0.02371541501976293
2024-07-12,2590,2590,2530,2580,41677,-0.0038610038610038533
2024-07-15,2580,2605,2535,2595,45605,0.005813953488372103
2024-07-16,2570,2645,2545,2620,51067,0.009633911368015502
2024-07-17,2605,2645,2555,2555,45038,-0.024809160305343525
2024-07-18,2545,2545,2475,2490,52986,-0.025440313111546042
2024-07-19,2490,2505,2465,2470,49048,-0.008032128514056214
2024-07-22,2510,2530,2370,2435,90480,-0.014170040485829927
2024-07-23,2435,2465,2345,2395,51653,-0.01642710472279263
2024-07-24,2375,2385,2270,2290,165876,-0.04384133611691021
2024-07-25,2300,2360,2215,2310,96152,0.008733624454148492
2024-07-26,2310,2335,2250,2310,64224,0.0
2024-07-29,2310,2345,2295,2345,89911,0.015151515151515138
2024-07-30,2365,2465,2285,2310,78312,-0.014925373134328401
2024-07-31,2310,2335,2275,2310,55983,0.0
2024-08-01,2320,2425,2320,2400,61243,0.03896103896103886
2024-08-02,2400,2400,2240,2245,77201,-0.06458333333333333
2024-08-05,2225,2225,1850,1934,209708,-0.1385300668151448
2024-08-06,1897,2105,1897,2080,169331,0.07549120992761127
2024-08-07,2085,2110,2050,2050,38472,-0.014423076923076872
2024-08-08,2020,2070,1991,2040,25124,-0.004878048780487809
2024-08-09,2015,2210,2015,2140,76615,0.0490196078431373
2024-08-12,2145,2205,2145,2175,48122,0.016355140186915973
2024-08-13,2155,2190,2130,2140,27733,-0.016091954022988464
2024-08-14,2155,2380,2155,2315,247613,0.08177570093457942
2024-08-16,2325,2345,2245,2315,76042,0.0
